Fecha,Categoria,Producto,Region,Metodo_Pago,Cantidad,Precio_Unitario,Costo_Unitario,Descuento,Venta_Total,Costo_Total,Beneficio
2023-01-01,Juguetes,Peluche,Este,Efectivo,8,282.29,178.41,0.2,1806.67,1427.29,379.38
2023-01-01,Hogar,Lámpara,Sur,Transferencia,6,66.93,42.19,0.0,401.55,253.15,148.41
2023-01-01,Deportes,Pesas,Centro,PayPal,6,260.32,134.0,0.2,1249.53,803.98,445.54
2023-01-01,Hogar,Lámpara,Oeste,Transferencia,5,240.63,126.18,0.1,1082.85,630.92,451.93
2023-01-01,Ropa,Pantalón,Este,Transferencia,4,123.49,69.43,0.15,419.85,277.74,142.11
2023-01-01,Ropa,Zapatos,Este,Tarjeta de Crédito,7,256.08,135.74,0.1,1613.28,950.18,663.1
2023-01-01,Hogar,Cama,Norte,Efectivo,2,220.91,118.56,0.1,397.63,237.12,160.51
2023-01-01,Electrónica,Auriculares,Norte,Efectivo,6,273.75,104.72,0.2,1314.0,628.34,685.66
2023-01-01,Juguetes,Coche RC,Sur,Efectivo,5,308.29,107.36,0.05,1464.38,536.81,927.57
2023-01-01,Ropa,Pantalón,Oeste,PayPal,7,52.6,37.38,0.0,368.18,261.68,106.5
2023-01-01,Juguetes,Lego,Norte,Efectivo,3,175.45,67.02,0.0,526.34,201.07,325.27
2023-01-02,Electrónica,Auriculares,Oeste,Efectivo,5,547.79,315.54,0.0,2738.94,1577.7,1161.24
2023-01-02,Juguetes,Puzzle,Centro,Transferencia,2,257.31,138.01,0.0,514.62,276.01,238.6
2023-01-02,Ropa,Zapatos,Norte,Efectivo,6,157.76,93.03,0.0,946.54,558.21,388.33
2023-01-02,Electrónica,Laptop,Este,Efectivo,7,403.02,200.1,0.0,2821.11,1400.69,1420.42
2023-01-02,Hogar,Lámpara,Este,Transferencia,10,104.44,44.29,0.05,992.18,442.87,549.31
2023-01-02,Hogar,Silla,Norte,Tarjeta de Crédito,6,166.28,85.27,0.15,848.01,511.65,336.36
2023-01-02,Juguetes,Muñeca,Norte,Tarjeta de Crédito,4,125.53,48.65,0.15,426.81,194.59,232.22
2023-01-02,Ropa,Gorra,Este,Efectivo,6,195.56,97.06,0.1,1056.04,582.39,473.66
2023-01-02,Ropa,Camiseta,Centro,Efectivo,1,143.55,97.73,0.0,143.55,97.73,45.81
2023-01-02,Hogar,Sofá,Oeste,Tarjeta de Crédito,2,12.83,4.72,0.05,24.37,9.45,14.92
2023-01-02,Juguetes,Muñeca,Este,Tarjeta de Crédito,7,151.8,77.86,0.0,1062.59,545.05,517.53
2023-01-02,Ropa,Pantalón,Norte,Transferencia,2,263.69,180.38,0.0,527.38,360.77,166.61
2023-01-03,Deportes,Cinta de correr,Centro,Efectivo,8,85.34,30.46,0.1,614.48,243.68,370.8
2023-01-03,Hogar,Cama,Norte,PayPal,7,331.37,127.34,0.05,2203.59,891.36,1312.23
2023-01-03,Ropa,Chaqueta,Centro,Tarjeta de Crédito,5,243.39,137.78,0.0,1216.97,688.89,528.08
2023-01-03,Electrónica,Auriculares,Sur,Tarjeta de Crédito,4,1315.9,920.14,0.05,5000.43,3680.56,1319.87
2023-01-03,Ropa,Zapatos,Norte,Efectivo,8,167.45,68.68,0.0,1339.59,549.46,790.13
2023-01-03,Deportes,Bicicleta,Oeste,Transferencia,1,42.82,17.88,0.05,40.68,17.88,22.8
2023-01-03,Hogar,Cama,Centro,Efectivo,4,199.22,88.45,0.0,796.87,353.82,443.05
2023-01-03,Hogar,Mesa,Norte,Efectivo,8,198.33,87.45,0.1,1428.01,699.56,728.44
2023-01-04,Juguetes,Lego,Este,Efectivo,5,183.46,128.55,0.15,779.72,642.76,136.96
2023-01-04,Juguetes,Lego,Este,Efectivo,3,50.44,24.1,0.0,151.33,72.3,79.03
2023-01-04,Electrónica,Laptop,Oeste,Transferencia,1,589.2,275.1,0.0,589.2,275.1,314.1
2023-01-04,Ropa,Gorra,Sur,Efectivo,1,59.68,39.71,0.0,59.68,39.71,19.97
2023-01-04,Deportes,Cinta de correr,Centro,Efectivo,2,210.33,89.75,0.15,357.56,179.5,178.06
2023-01-04,Juguetes,Lego,Centro,Efectivo,9,280.7,164.4,0.2,2021.07,1479.63,541.44
2023-01-04,Electrónica,Tablet,Este,Tarjeta de Crédito,2,412.33,231.22,0.1,742.2,462.43,279.77
2023-01-04,Ropa,Camiseta,Oeste,PayPal,1,162.73,70.97,0.05,154.59,70.97,83.62
2023-01-04,Deportes,Bicicleta,Sur,Efectivo,2,186.86,123.25,0.05,355.04,246.51,108.53
2023-01-04,Juguetes,Lego,Sur,Efectivo,10,314.28,118.37,0.2,2514.21,1183.69,1330.52
2023-01-04,Electrónica,Smartwatch,Este,Tarjeta de Crédito,8,373.01,200.57,0.2,2387.27,1604.59,782.67
2023-01-04,Deportes,Pesas,Sur,PayPal,3,184.3,110.84,0.2,442.32,332.51,109.82
2023-01-05,Electrónica,Smartwatch,Sur,PayPal,3,1554.86,933.59,0.15,3964.9,2800.77,1164.13
2023-01-05,Hogar,Sofá,Norte,PayPal,7,220.99,117.44,0.05,1469.59,822.08,647.51
2023-01-05,Hogar,Sofá,Norte,PayPal,9,200.47,143.63,0.0,1804.24,1292.71,511.52
2023-01-05,Ropa,Gorra,Norte,Tarjeta de Crédito,7,257.37,138.02,0.2,1441.26,966.17,475.1
2023-01-05,Hogar,Sofá,Oeste,PayPal,5,60.89,39.9,0.0,304.43,199.49,104.94
2023-01-05,Ropa,Zapatos,Sur,Transferencia,3,199.96,111.91,0.2,479.9,335.72,144.17
2023-01-05,Hogar,Cama,Este,Tarjeta de Crédito,9,20.25,7.61,0.0,182.25,68.51,113.74
2023-01-05,Electrónica,Smartwatch,Centro,Efectivo,4,267.41,108.08,0.2,855.71,432.33,423.37
2023-01-05,Deportes,Balón,Norte,Tarjeta de Crédito,4,146.49,61.21,0.0,585.95,244.82,341.13
2023-01-05,Juguetes,Lego,Sur,Transferencia,7,252.6,151.12,0.15,1502.98,1057.83,445.15
2023-01-05,Juguetes,Lego,Este,PayPal,5,162.14,102.07,0.0,810.68,510.33,300.35
2023-01-05,Hogar,Mesa,Este,Efectivo,8,14.67,6.54,0.0,117.32,52.34,64.98
2023-01-05,Ropa,Gorra,Este,PayPal,7,279.67,144.25,0.0,1957.67,1009.72,947.95
2023-01-05,Deportes,Balón,Norte,Efectivo,3,214.56,148.44,0.0,643.68,445.31,198.37
2023-01-05,Juguetes,Puzzle,Este,PayPal,7,186.25,72.92,0.0,1303.76,510.47,793.28
2023-01-05,Ropa,Gorra,Centro,PayPal,10,45.29,20.67,0.0,452.87,206.68,246.18
2023-01-05,Deportes,Pesas,Oeste,PayPal,8,163.06,70.89,0.05,1239.23,567.14,672.09
2023-01-05,Ropa,Camiseta,Centro,PayPal,4,203.38,106.06,0.05,772.83,424.24,348.59
2023-01-05,Electrónica,Laptop,Este,Efectivo,2,610.81,347.9,0.0,1221.62,695.8,525.82
2023-01-06,Juguetes,Peluche,Oeste,Tarjeta de Crédito,4,138.98,59.93,0.15,472.54,239.73,232.82
2023-01-06,Juguetes,Coche RC,Norte,Efectivo,10,44.67,30.72,0.0,446.74,307.21,139.53
2023-01-06,Ropa,Zapatos,Sur,Efectivo,4,175.62,78.21,0.15,597.09,312.83,284.26
2023-01-06,Deportes,Pesas,Norte,PayPal,2,151.48,83.3,0.1,272.66,166.6,106.05
2023-01-06,Deportes,Bicicleta,Este,Tarjeta de Crédito,10,107.81,45.64,0.0,1078.06,456.45,621.61
2023-01-06,Electrónica,Auriculares,Sur,PayPal,7,77.84,45.8,0.0,544.91,320.61,224.3
2023-01-07,Deportes,Raqueta,Norte,PayPal,5,277.21,125.23,0.0,1386.05,626.15,759.91
2023-01-07,Deportes,Bicicleta,Este,Efectivo,9,347.62,134.08,0.0,3128.58,1206.75,1921.83
2023-01-07,Deportes,Cinta de correr,Oeste,Transferencia,4,320.72,143.13,0.1,1154.6,572.52,582.08
2023-01-07,Hogar,Lámpara,Este,PayPal,10,273.3,119.71,0.0,2733.04,1197.08,1535.96
2023-01-07,Hogar,Mesa,Este,Efectivo,7,159.71,77.96,0.15,950.29,545.7,404.59
2023-01-07,Electrónica,Laptop,Norte,Tarjeta de Crédito,2,1003.87,679.28,0.0,2007.73,1358.55,649.18
2023-01-07,Hogar,Lámpara,Centro,PayPal,8,285.21,139.91,0.2,1825.33,1119.27,706.06
2023-01-07,Ropa,Camiseta,Centro,Transferencia,1,113.57,72.41,0.1,102.22,72.41,29.8
2023-01-07,Deportes,Cinta de correr,Centro,Transferencia,3,184.27,77.38,0.1,497.53,232.14,265.38
2023-01-07,Electrónica,Tablet,Oeste,Transferencia,4,153.3,78.32,0.2,490.57,313.29,177.29
2023-01-07,Hogar,Mesa,Sur,Tarjeta de Crédito,8,153.34,80.01,0.1,1104.02,640.12,463.91
2023-01-08,Deportes,Bicicleta,Sur,Transferencia,8,147.1,85.69,0.0,1176.82,685.49,491.34
2023-01-08,Ropa,Chaqueta,Oeste,Tarjeta de Crédito,6,176.19,67.2,0.0,1057.12,403.2,653.92
2023-01-08,Hogar,Cama,Oeste,Transferencia,5,82.14,47.45,0.1,369.61,237.23,132.38
2023-01-08,Ropa,Gorra,Centro,PayPal,9,40.32,23.29,0.0,362.92,209.59,153.33
2023-01-08,Ropa,Zapatos,Este,Tarjeta de Crédito,7,59.03,24.68,0.0,413.2,172.77,240.43
2023-01-08,Hogar,Mesa,Oeste,Tarjeta de Crédito,7,19.17,12.89,0.1,120.77,90.21,30.56
2023-01-08,Ropa,Zapatos,Este,Tarjeta de Crédito,9,300.92,130.32,0.0,2708.25,1172.84,1535.41
2023-01-08,Hogar,Mesa,Oeste,Tarjeta de Crédito,8,340.73,185.15,0.05,2589.55,1481.17,1108.38
2023-01-08,Hogar,Silla,Centro,Tarjeta de Crédito,9,212.05,92.6,0.0,1908.49,833.36,1075.13
2023-01-08,Deportes,Raqueta,Este,Transferencia,2,119.61,62.57,0.15,203.33,125.14,78.19
2023-01-09,Hogar,Sofá,Este,PayPal,2,68.9,25.94,0.0,137.81,51.88,85.93
2023-01-09,Electrónica,Laptop,Norte,Transferencia,3,903.49,662.15,0.1,2439.43,1986.46,452.98
2023-01-09,Ropa,Chaqueta,Centro,Efectivo,2,68.02,31.0,0.05,129.24,62.01,67.24
2023-01-09,Hogar,Lámpara,Este,Efectivo,1,191.62,116.64,0.1,172.46,116.64,55.82
2023-01-09,Ropa,Camiseta,Este,Transferencia,5,82.19,38.05,0.0,410.94,190.25,220.69
2023-01-09,Ropa,Chaqueta,Norte,Tarjeta de Crédito,2,70.93,35.8,0.0,141.85,71.6,70.25
2023-01-09,Juguetes,Muñeca,Este,Efectivo,1,11.62,5.88,0.05,11.04,5.88,5.16
2023-01-09,Juguetes,Puzzle,Oeste,Transferencia,7,212.38,113.26,0.05,1412.34,792.85,619.5
2023-01-09,Deportes,Bicicleta,Norte,PayPal,2,302.73,194.43,0.0,605.45,388.85,216.6
2023-01-09,Juguetes,Peluche,Norte,Tarjeta de Crédito,6,132.09,59.7,0.0,792.56,358.2,434.36
2023-01-09,Ropa,Camiseta,Este,Transferencia,4,34.41,21.98,0.1,123.89,87.91,35.99
2023-01-09,Deportes,Raqueta,Este,Efectivo,3,50.85,24.87,0.05,144.92,74.62,70.3
2023-01-09,Electrónica,Smartphone,Sur,Transferencia,6,1387.31,560.37,0.1,7491.46,3362.22,4129.24
2023-01-10,Ropa,Gorra,Norte,Transferencia,6,276.5,169.99,0.0,1659.01,1019.96,639.05
2023-01-10,Deportes,Raqueta,Norte,Efectivo,9,209.31,128.86,0.1,1695.37,1159.74,535.64
2023-01-10,Ropa,Zapatos,Centro,Tarjeta de Crédito,4,21.89,10.83,0.0,87.58,43.31,44.27
2023-01-10,Juguetes,Puzzle,Este,Tarjeta de Crédito,2,271.06,134.36,0.0,542.13,268.72,273.4
2023-01-10,Ropa,Pantalón,Centro,Tarjeta de Crédito,8,30.3,21.83,0.2,193.93,174.63,19.31
2023-01-10,Deportes,Balón,Norte,Transferencia,7,271.62,122.5,0.0,1901.34,857.48,1043.86
2023-01-10,Deportes,Balón,Sur,Efectivo,2,163.93,112.53,0.0,327.87,225.06,102.81
2023-01-10,Juguetes,Coche RC,Oeste,Efectivo,5,171.25,95.68,0.15,727.81,478.4,249.41
2023-01-10,Electrónica,Smartphone,Norte,PayPal,4,56.04,33.48,0.1,201.75,133.9,67.85
2023-01-11,Deportes,Raqueta,Norte,Efectivo,2,55.43,24.34,0.05,105.32,48.68,56.63
2023-01-11,Hogar,Lámpara,Sur,PayPal,10,308.85,137.9,0.2,2470.83,1378.99,1091.84
2023-01-11,Ropa,Pantalón,Oeste,PayPal,6,235.2,175.22,0.0,1411.2,1051.29,359.91
2023-01-11,Ropa,Zapatos,Este,PayPal,2,128.35,83.89,0.0,256.7,167.78,88.92
2023-01-11,Juguetes,Coche RC,Este,PayPal,10,306.43,106.42,0.0,3064.32,1064.2,2000.13
2023-01-11,Juguetes,Puzzle,Sur,PayPal,5,23.38,13.06,0.1,105.2,65.3,39.9
2023-01-11,Hogar,Sofá,Centro,Transferencia,1,271.25,173.29,0.15,230.57,173.29,57.27
2023-01-11,Electrónica,Smartwatch,Norte,Efectivo,1,577.78,215.53,0.1,520.0,215.53,304.47
2023-01-11,Electrónica,Laptop,Norte,Efectivo,3,874.38,562.0,0.0,2623.15,1686.0,937.14
2023-01-11,Ropa,Chaqueta,Norte,Transferencia,3,63.33,36.94,0.0,189.98,110.81,79.16
2023-01-11,Hogar,Mesa,Sur,PayPal,5,53.18,31.52,0.0,265.92,157.58,108.34
2023-01-11,Hogar,Cama,Este,PayPal,10,130.55,55.7,0.2,1044.4,557.04,487.36
2023-01-12,Juguetes,Muñeca,Sur,Efectivo,2,240.42,141.47,0.2,384.67,282.95,101.72
2023-01-12,Juguetes,Muñeca,Este,PayPal,4,185.24,105.24,0.0,740.96,420.97,319.99
2023-01-12,Ropa,Pantalón,Norte,PayPal,7,138.85,69.67,0.0,971.93,487.7,484.23
2023-01-12,Electrónica,Smartwatch,Sur,Tarjeta de Crédito,2,373.7,235.86,0.05,710.04,471.72,238.32
2023-01-12,Juguetes,Lego,Este,Transferencia,7,189.11,104.13,0.15,1125.18,728.94,396.24
2023-01-12,Deportes,Balón,Sur,PayPal,10,223.08,118.42,0.0,2230.75,1184.17,1046.58
2023-01-12,Hogar,Lámpara,Sur,PayPal,8,163.14,70.45,0.0,1305.09,563.62,741.47
2023-01-12,Hogar,Cama,Este,Transferencia,5,221.12,129.39,0.0,1105.61,646.96,458.64
2023-01-13,Deportes,Pesas,Sur,Transferencia,8,151.69,65.63,0.1,1092.16,525.08,567.08
2023-01-13,Juguetes,Peluche,Oeste,Efectivo,7,70.83,38.89,0.15,421.45,272.24,149.21
2023-01-13,Deportes,Pesas,Sur,Tarjeta de Crédito,10,165.61,76.5,0.05,1573.26,764.97,808.29
2023-01-13,Deportes,Bicicleta,Este,Tarjeta de Crédito,3,37.37,19.67,0.0,112.12,59.0,53.12
2023-01-13,Electrónica,Tablet,Sur,Efectivo,9,1356.5,829.59,0.1,10987.68,7466.32,3521.36
2023-01-13,Deportes,Bicicleta,Este,Efectivo,6,287.9,128.99,0.2,1381.9,773.93,607.97
2023-01-13,Ropa,Chaqueta,Oeste,Efectivo,4,173.89,63.88,0.2,556.45,255.52,300.93
2023-01-14,Juguetes,Coche RC,Oeste,Tarjeta de Crédito,2,256.01,159.77,0.15,435.22,319.53,115.69
2023-01-14,Deportes,Cinta de correr,Oeste,Efectivo,7,11.91,4.85,0.15,70.86,33.96,36.9
2023-01-14,Deportes,Pesas,Este,Tarjeta de Crédito,5,15.97,6.34,0.2,63.88,31.71,32.17
2023-01-14,Ropa,Camiseta,Oeste,Transferencia,3,193.38,110.36,0.0,580.15,331.08,249.07
2023-01-14,Ropa,Zapatos,Este,Tarjeta de Crédito,6,330.87,121.06,0.0,1985.23,726.37,1258.86
2023-01-14,Juguetes,Puzzle,Sur,PayPal,8,113.61,62.93,0.0,908.86,503.41,405.45
2023-01-14,Deportes,Bicicleta,Sur,Transferencia,2,174.39,63.91,0.05,331.35,127.82,203.53
2023-01-14,Hogar,Lámpara,Norte,PayPal,2,202.14,125.92,0.05,384.07,251.84,132.23
2023-01-14,Deportes,Balón,Sur,Transferencia,8,145.84,86.07,0.2,933.4,688.59,244.8
2023-01-14,Ropa,Camiseta,Sur,Tarjeta de Crédito,4,130.72,82.84,0.1,470.6,331.36,139.24
2023-01-14,Electrónica,Smartwatch,Norte,Efectivo,7,467.33,181.24,0.1,2944.18,1268.67,1675.51
2023-01-14,Juguetes,Muñeca,Este,PayPal,8,58.68,22.85,0.15,399.04,182.82,216.21
2023-01-14,Electrónica,Smartphone,Este,PayPal,2,742.07,380.83,0.0,1484.15,761.67,722.48
2023-01-14,Electrónica,Laptop,Oeste,Transferencia,2,942.43,555.3,0.2,1507.89,1110.6,397.29
2023-01-14,Hogar,Mesa,Oeste,Tarjeta de Crédito,9,154.33,112.06,0.1,1250.08,1008.57,241.52
2023-01-14,Deportes,Bicicleta,Norte,Efectivo,6,37.32,23.03,0.0,223.94,138.15,85.79
2023-01-14,Ropa,Chaqueta,Este,Efectivo,2,303.72,122.92,0.0,607.43,245.84,361.59
2023-01-15,Juguetes,Muñeca,Este,PayPal,4,284.03,174.59,0.2,908.88,698.34,210.54
2023-01-15,Ropa,Camiseta,Oeste,Tarjeta de Crédito,7,107.49,40.89,0.1,677.17,286.25,390.92
2023-01-15,Ropa,Chaqueta,Oeste,Transferencia,9,221.08,141.45,0.2,1591.75,1273.03,318.72
2023-01-15,Ropa,Zapatos,Norte,PayPal,5,206.51,106.21,0.15,877.68,531.06,346.61
2023-01-15,Ropa,Chaqueta,Sur,Tarjeta de Crédito,9,98.27,39.11,0.2,707.53,352.0,355.54
2023-01-15,Deportes,Bicicleta,Sur,Transferencia,1,70.32,35.92,0.0,70.32,35.92,34.39
2023-01-15,Hogar,Cama,Centro,Transferencia,9,249.09,104.03,0.0,2241.83,936.29,1305.54
2023-01-15,Hogar,Silla,Este,Transferencia,7,20.59,7.53,0.2,115.32,52.68,62.64
2023-01-15,Ropa,Gorra,Oeste,Transferencia,10,90.12,46.6,0.0,901.19,466.03,435.17
2023-01-15,Ropa,Chaqueta,Oeste,PayPal,9,296.08,174.42,0.0,2664.73,1569.82,1094.92
2023-01-15,Juguetes,Peluche,Centro,Efectivo,5,138.98,89.03,0.0,694.9,445.14,249.76
2023-01-15,Ropa,Pantalón,Este,Efectivo,5,153.67,64.01,0.05,729.92,320.06,409.86
2023-01-15,Juguetes,Coche RC,Norte,Tarjeta de Crédito,1,103.18,42.19,0.2,82.55,42.19,40.36
2023-01-16,Deportes,Pesas,Oeste,Efectivo,8,265.93,131.95,0.15,1808.3,1055.6,752.7
2023-01-16,Hogar,Lámpara,Oeste,Tarjeta de Crédito,7,170.85,110.61,0.0,1195.97,774.24,421.72
2023-01-16,Juguetes,Muñeca,Sur,Tarjeta de Crédito,9,274.94,172.71,0.2,1979.54,1554.41,425.13
2023-01-16,Juguetes,Puzzle,Norte,Efectivo,7,142.92,63.36,0.0,1000.41,443.54,556.87
2023-01-16,Ropa,Gorra,Este,Tarjeta de Crédito,3,259.69,159.01,0.0,779.07,477.02,302.06
2023-01-16,Deportes,Bicicleta,Sur,Transferencia,1,212.82,109.9,0.05,202.18,109.9,92.28
2023-01-16,Hogar,Silla,Oeste,PayPal,7,10.17,4.59,0.2,56.97,32.14,24.83
2023-01-16,Hogar,Cama,Sur,PayPal,8,267.69,157.17,0.1,1927.38,1257.38,669.99
2023-01-16,Juguetes,Puzzle,Sur,PayPal,4,217.21,104.83,0.2,695.07,419.3,275.77
2023-01-16,Hogar,Cama,Sur,PayPal,5,83.31,42.91,0.0,416.53,214.57,201.96
2023-01-16,Juguetes,Muñeca,Centro,Transferencia,7,115.84,80.2,0.05,770.33,561.42,208.91
2023-01-16,Juguetes,Lego,Oeste,PayPal,6,24.19,11.46,0.0,145.15,68.77,76.38
2023-01-16,Hogar,Silla,Este,PayPal,1,278.89,182.13,0.05,264.95,182.13,82.82
2023-01-16,Juguetes,Puzzle,Este,Efectivo,1,182.07,107.39,0.0,182.07,107.39,74.68
2023-01-17,Electrónica,Smartwatch,Este,PayPal,7,236.03,113.23,0.0,1652.22,792.63,859.59
2023-01-17,Juguetes,Lego,Centro,Transferencia,5,120.29,64.3,0.1,541.28,321.49,219.79
2023-01-17,Ropa,Camiseta,Oeste,PayPal,8,106.97,51.99,0.0,855.77,415.93,439.84
2023-01-17,Juguetes,Peluche,Sur,Tarjeta de Crédito,7,261.55,116.61,0.15,1556.25,816.25,740.0
2023-01-17,Ropa,Pantalón,Norte,PayPal,5,237.48,126.75,0.15,1009.29,633.73,375.56
2023-01-17,Deportes,Balón,Sur,Efectivo,9,205.14,90.46,0.2,1476.98,814.13,662.85
2023-01-17,Ropa,Pantalón,Este,Efectivo,1,303.34,134.6,0.15,257.84,134.6,123.25
2023-01-17,Juguetes,Lego,Sur,PayPal,4,204.09,114.54,0.0,816.34,458.15,358.19
2023-01-17,Hogar,Sofá,Sur,Transferencia,1,39.33,16.64,0.0,39.33,16.64,22.69
2023-01-17,Hogar,Mesa,Este,PayPal,6,320.37,191.83,0.05,1826.12,1150.98,675.13
2023-01-17,Hogar,Silla,Este,Efectivo,8,104.77,56.24,0.15,712.41,449.9,262.51
2023-01-17,Juguetes,Puzzle,Este,Tarjeta de Crédito,2,45.38,33.09,0.15,77.15,66.19,10.96
2023-01-17,Ropa,Gorra,Norte,Efectivo,10,36.29,20.12,0.0,362.92,201.16,161.76
2023-01-17,Ropa,Camiseta,Sur,PayPal,1,340.31,157.09,0.05,323.29,157.09,166.2
2023-01-17,Electrónica,Tablet,Este,Efectivo,10,978.14,575.65,0.0,9781.41,5756.46,4024.95
2023-01-18,Juguetes,Coche RC,Norte,Transferencia,6,48.65,24.13,0.15,248.11,144.76,103.35
2023-01-18,Deportes,Pesas,Norte,Transferencia,9,102.97,63.83,0.2,741.37,574.51,166.87
2023-01-18,Electrónica,Smartwatch,Sur,Tarjeta de Crédito,10,1348.94,617.04,0.2,10791.51,6170.38,4621.13
2023-01-18,Hogar,Mesa,Norte,Tarjeta de Crédito,10,118.97,76.74,0.0,1189.69,767.43,422.26
2023-01-18,Juguetes,Lego,Centro,Transferencia,1,314.98,178.24,0.15,267.74,178.24,89.5
2023-01-18,Hogar,Lámpara,Este,Tarjeta de Crédito,7,187.75,124.05,0.2,1051.42,868.34,183.09
2023-01-18,Juguetes,Peluche,Oeste,Efectivo,4,86.43,40.64,0.2,276.58,162.55,114.03
2023-01-19,Ropa,Gorra,Oeste,Efectivo,8,121.17,77.71,0.15,823.98,621.69,202.28
2023-01-19,Deportes,Bicicleta,Oeste,Tarjeta de Crédito,1,127.42,62.53,0.15,108.31,62.53,45.78
2023-01-19,Electrónica,Tablet,Oeste,Transferencia,6,893.8,410.83,0.2,4290.24,2464.98,1825.26
2023-01-19,Juguetes,Puzzle,Este,Tarjeta de Crédito,2,198.33,88.81,0.0,396.66,177.63,219.03
2023-01-19,Deportes,Pesas,Norte,Tarjeta de Crédito,10,280.28,150.21,0.2,2242.23,1502.08,740.16
2023-01-19,Electrónica,Laptop,Oeste,Tarjeta de Crédito,3,573.84,302.02,0.0,1721.51,906.06,815.45
2023-01-19,Electrónica,Smartphone,Norte,Tarjeta de Crédito,10,657.61,335.72,0.1,5918.51,3357.19,2561.31
2023-01-19,Electrónica,Laptop,Norte,Efectivo,9,36.2,26.82,0.15,276.94,241.39,35.55
2023-01-19,Hogar,Lámpara,Este,Transferencia,7,243.55,126.84,0.0,1704.87,887.87,817.0
2023-01-19,Deportes,Bicicleta,Sur,PayPal,1,13.75,9.21,0.05,13.06,9.21,3.85
2023-01-20,Deportes,Cinta de correr,Este,Transferencia,10,91.51,47.66,0.15,777.86,476.6,301.25
2023-01-20,Hogar,Silla,Centro,PayPal,5,52.08,30.65,0.0,260.4,153.23,107.16
2023-01-20,Ropa,Camiseta,Sur,Transferencia,7,244.22,141.57,0.0,1709.57,991.02,718.56
2023-01-20,Deportes,Balón,Este,Efectivo,7,17.24,10.25,0.0,120.71,71.73,48.98
2023-01-20,Electrónica,Smartphone,Centro,PayPal,7,543.28,251.32,0.1,3422.66,1759.27,1663.39
2023-01-20,Juguetes,Lego,Centro,Tarjeta de Crédito,6,104.71,51.44,0.0,628.23,308.63,319.61
2023-01-20,Electrónica,Smartwatch,Centro,Efectivo,4,468.28,232.98,0.0,1873.11,931.9,941.21
2023-01-20,Hogar,Mesa,Norte,Tarjeta de Crédito,1,181.16,71.89,0.15,153.99,71.89,82.1
2023-01-20,Hogar,Mesa,Norte,Efectivo,6,129.71,71.47,0.0,778.27,428.84,349.44
2023-01-20,Juguetes,Peluche,Sur,Tarjeta de Crédito,3,114.43,63.54,0.2,274.64,190.63,84.01
2023-01-20,Ropa,Zapatos,Sur,PayPal,4,264.14,158.19,0.15,898.08,632.77,265.31
2023-01-20,Juguetes,Puzzle,Sur,Efectivo,8,264.04,133.72,0.0,2112.32,1069.79,1042.53
2023-01-20,Juguetes,Muñeca,Este,Tarjeta de Crédito,5,287.01,121.63,0.2,1148.02,608.13,539.89
2023-01-20,Electrónica,Smartwatch,Norte,Tarjeta de Crédito,6,1048.0,408.71,0.0,6288.01,2452.26,3835.75
2023-01-21,Ropa,Zapatos,Centro,PayPal,5,186.87,102.86,0.0,934.35,514.32,420.04
2023-01-21,Juguetes,Lego,Este,Efectivo,5,249.25,99.88,0.05,1183.92,499.42,684.5
2023-01-21,Hogar,Silla,Centro,Tarjeta de Crédito,7,57.87,26.77,0.2,324.05,187.38,136.67
2023-01-21,Hogar,Lámpara,Oeste,Tarjeta de Crédito,6,204.16,74.06,0.2,979.97,444.37,535.59
2023-01-21,Hogar,Mesa,Centro,Efectivo,5,99.28,56.26,0.0,496.42,281.32,215.1
2023-01-21,Electrónica,Auriculares,Este,PayPal,2,295.48,192.76,0.1,531.86,385.52,146.34
2023-01-21,Ropa,Zapatos,Centro,PayPal,6,114.71,46.06,0.0,688.24,276.35,411.89
2023-01-21,Electrónica,Laptop,Norte,PayPal,4,1543.66,562.28,0.0,6174.66,2249.12,3925.54
2023-01-21,Hogar,Lámpara,Oeste,Efectivo,6,12.84,7.75,0.0,77.06,46.48,30.58
2023-01-21,Ropa,Zapatos,Sur,Transferencia,5,153.14,81.35,0.15,650.85,406.75,244.1
2023-01-21,Ropa,Pantalón,Sur,Tarjeta de Crédito,10,232.72,94.63,0.0,2327.23,946.33,1380.9
2023-01-21,Electrónica,Smartwatch,Centro,Tarjeta de Crédito,6,1504.3,888.17,0.0,9025.79,5329.01,3696.79
2023-01-21,Deportes,Raqueta,Sur,Tarjeta de Crédito,8,305.3,180.27,0.1,2198.13,1442.13,756.0
2023-01-22,Deportes,Pesas,Oeste,Tarjeta de Crédito,5,70.18,40.47,0.0,350.88,202.33,148.55
2023-01-22,Hogar,Sofá,Norte,PayPal,1,314.68,190.24,0.0,314.68,190.24,124.44
2023-01-22,Deportes,Balón,Oeste,Transferencia,2,61.73,37.48,0.0,123.45,74.96,48.49
2023-01-22,Electrónica,Tablet,Norte,Tarjeta de Crédito,4,461.8,208.63,0.05,1754.84,834.51,920.33
2023-01-22,Electrónica,Auriculares,Centro,Transferencia,3,1276.01,938.65,0.15,3253.83,2815.96,437.87
2023-01-22,Deportes,Cinta de correr,Este,Tarjeta de Crédito,6,228.15,95.69,0.0,1368.93,574.14,794.78
2023-01-22,Deportes,Cinta de correr,Norte,Transferencia,2,246.06,125.55,0.2,393.69,251.11,142.59
2023-01-22,Hogar,Lámpara,Este,Tarjeta de Crédito,8,72.9,30.49,0.0,583.17,243.91,339.26
2023-01-22,Electrónica,Tablet,Este,Efectivo,3,1499.77,781.16,0.0,4499.3,2343.49,2155.81
2023-01-22,Ropa,Zapatos,Centro,PayPal,6,213.22,127.85,0.0,1279.33,767.08,512.25
2023-01-22,Hogar,Sofá,Este,Tarjeta de Crédito,1,234.04,112.18,0.0,234.04,112.18,121.86
2023-01-22,Ropa,Chaqueta,Este,Tarjeta de Crédito,9,243.57,162.42,0.0,2192.13,1461.81,730.32
2023-01-23,Juguetes,Muñeca,Norte,Transferencia,1,52.85,18.13,0.2,42.28,18.13,24.15
2023-01-23,Hogar,Mesa,Sur,Efectivo,10,164.58,105.46,0.0,1645.83,1054.6,591.23
2023-01-23,Ropa,Chaqueta,Este,Tarjeta de Crédito,7,84.76,40.48,0.05,563.64,283.33,280.31
2023-01-23,Deportes,Cinta de correr,Este,Transferencia,3,268.13,134.52,0.1,723.94,403.57,320.37
2023-01-23,Ropa,Pantalón,Este,Tarjeta de Crédito,6,31.85,20.41,0.0,191.11,122.48,68.63
2023-01-23,Electrónica,Smartphone,Centro,Efectivo,9,1194.95,579.87,0.0,10754.53,5218.81,5535.72
2023-01-23,Juguetes,Lego,Sur,Transferencia,10,122.25,76.77,0.05,1161.39,767.67,393.72
2023-01-23,Ropa,Gorra,Sur,Transferencia,7,161.46,70.5,0.15,960.71,493.48,467.23
2023-01-23,Juguetes,Muñeca,Sur,Tarjeta de Crédito,8,201.5,110.41,0.1,1450.79,883.28,567.51
2023-01-23,Ropa,Camiseta,Norte,Tarjeta de Crédito,4,117.72,69.23,0.0,470.88,276.91,193.97
2023-01-23,Electrónica,Tablet,Sur,Transferencia,3,694.76,288.05,0.0,2084.27,864.14,1220.13
2023-01-23,Deportes,Pesas,Norte,Tarjeta de Crédito,2,209.64,118.47,0.15,356.39,236.93,119.45
2023-01-23,Hogar,Lámpara,Centro,Transferencia,1,129.91,81.05,0.0,129.91,81.05,48.86
2023-01-23,Ropa,Chaqueta,Sur,Transferencia,5,239.23,113.54,0.2,956.94,567.68,389.26
2023-01-23,Ropa,Pantalón,Sur,Efectivo,10,47.39,23.19,0.15,402.78,231.9,170.88
2023-01-24,Hogar,Sofá,Este,Tarjeta de Crédito,6,282.47,175.69,0.05,1610.06,1054.16,555.9
2023-01-24,Deportes,Bicicleta,Norte,PayPal,10,36.14,24.05,0.1,325.24,240.52,84.73
2023-01-24,Deportes,Raqueta,Sur,Transferencia,4,269.14,189.01,0.05,1022.73,756.05,266.68
2023-01-24,Electrónica,Auriculares,Oeste,Transferencia,8,530.44,337.13,0.2,3394.84,2697.08,697.76
2023-01-24,Hogar,Silla,Oeste,PayPal,3,12.57,7.53,0.0,37.72,22.6,15.12
2023-01-24,Juguetes,Lego,Sur,Tarjeta de Crédito,10,71.49,35.64,0.1,643.4,356.39,287.01
2023-01-24,Deportes,Pesas,Sur,Transferencia,7,300.34,136.32,0.15,1787.01,954.21,832.81
2023-01-24,Ropa,Chaqueta,Centro,Efectivo,5,123.27,60.83,0.2,493.09,304.14,188.96
2023-01-24,Hogar,Cama,Oeste,Efectivo,1,175.46,86.38,0.2,140.37,86.38,53.99
2023-01-24,Hogar,Sofá,Centro,Efectivo,3,251.01,93.54,0.05,715.38,280.63,434.76
2023-01-24,Ropa,Camiseta,Norte,PayPal,7,125.24,77.2,0.1,788.99,540.42,248.57
2023-01-24,Deportes,Raqueta,Norte,Transferencia,7,138.81,75.09,0.15,825.95,525.63,300.32
2023-01-24,Electrónica,Smartphone,Centro,Transferencia,7,1058.11,596.25,0.0,7406.76,4173.74,3233.02
2023-01-24,Deportes,Balón,Oeste,Transferencia,5,218.37,130.22,0.0,1091.83,651.11,440.72
2023-01-24,Electrónica,Laptop,Oeste,Tarjeta de Crédito,6,665.92,372.8,0.0,3995.49,2236.79,1758.71
2023-01-24,Hogar,Mesa,Oeste,Efectivo,8,236.41,152.12,0.0,1891.31,1216.95,674.36
2023-01-24,Deportes,Bicicleta,Este,Tarjeta de Crédito,8,109.28,49.46,0.0,874.23,395.66,478.58
2023-01-24,Juguetes,Muñeca,Oeste,Transferencia,3,286.36,149.27,0.1,773.16,447.81,325.35
2023-01-25,Deportes,Bicicleta,Norte,Efectivo,3,92.15,47.94,0.0,276.44,143.81,132.63
2023-01-25,Electrónica,Auriculares,Este,Efectivo,9,40.22,23.79,0.2,289.59,214.15,75.44
2023-01-25,Deportes,Balón,Norte,Efectivo,8,80.95,39.0,0.2,518.09,311.99,206.1
2023-01-25,Ropa,Camiseta,Centro,Transferencia,2,76.31,30.09,0.05,144.99,60.18,84.81
2023-01-25,Deportes,Cinta de correr,Centro,Efectivo,2,140.52,92.7,0.05,266.99,185.39,81.59
2023-01-25,Hogar,Cama,Sur,Efectivo,9,131.34,50.03,0.2,945.63,450.26,495.36
2023-01-25,Electrónica,Smartphone,Norte,Efectivo,1,349.4,173.44,0.15,296.99,173.44,123.55
2023-01-25,Juguetes,Muñeca,Este,Tarjeta de Crédito,8,66.64,30.48,0.15,453.15,243.85,209.3
2023-01-25,Deportes,Raqueta,Norte,PayPal,4,111.07,56.84,0.0,444.29,227.34,216.95
2023-01-25,Electrónica,Laptop,Este,Tarjeta de Crédito,8,522.17,326.67,0.15,3550.73,2613.33,937.4
2023-01-25,Electrónica,Smartphone,Centro,Tarjeta de Crédito,4,135.39,53.89,0.2,433.24,215.56,217.68
2023-01-25,Deportes,Bicicleta,Centro,PayPal,4,175.34,62.1,0.1,631.21,248.41,382.8
2023-01-26,Ropa,Pantalón,Este,Transferencia,6,50.22,26.85,0.0,301.34,161.13,140.21
2023-01-26,Hogar,Cama,Sur,Transferencia,1,134.34,59.74,0.2,107.47,59.74,47.73
2023-01-26,Deportes,Pesas,Norte,Tarjeta de Crédito,9,90.16,62.9,0.0,811.41,566.06,245.34
2023-01-26,Electrónica,Tablet,Sur,Efectivo,6,426.99,245.87,0.15,2177.64,1475.22,702.41
2023-01-26,Hogar,Cama,Oeste,Efectivo,8,299.91,181.25,0.0,2399.29,1450.02,949.27
2023-01-26,Juguetes,Peluche,Oeste,PayPal,5,72.1,26.91,0.0,360.51,134.57,225.94
2023-01-26,Electrónica,Smartwatch,Norte,Tarjeta de Crédito,9,1235.58,618.01,0.1,10008.17,5562.12,4446.05
2023-01-26,Ropa,Chaqueta,Este,Tarjeta de Crédito,7,219.11,124.13,0.2,1227.01,868.93,358.08
2023-01-26,Ropa,Zapatos,Este,Tarjeta de Crédito,8,110.43,61.55,0.15,750.9,492.38,258.52
2023-01-26,Juguetes,Puzzle,Norte,Transferencia,7,35.15,18.23,0.15,209.15,127.62,81.54
2023-01-26,Electrónica,Smartphone,Sur,Transferencia,4,1531.42,665.43,0.0,6125.7,2661.72,3463.98
2023-01-26,Juguetes,Muñeca,Este,Transferencia,8,206.29,121.4,0.0,1650.32,971.23,679.08
2023-01-26,Juguetes,Coche RC,Centro,Tarjeta de Crédito,1,136.56,54.04,0.2,109.25,54.04,55.21
2023-01-26,Electrónica,Smartwatch,Sur,Efectivo,1,1400.68,633.71,0.2,1120.54,633.71,486.84
2023-01-26,Juguetes,Puzzle,Este,Tarjeta de Crédito,10,159.77,79.89,0.0,1597.72,798.92,798.8
2023-01-26,Ropa,Chaqueta,Norte,Tarjeta de Crédito,5,112.64,54.54,0.15,478.71,272.72,205.99
2023-01-26,Deportes,Pesas,Centro,PayPal,9,163.42,90.07,0.0,1470.82,810.64,660.18
2023-01-27,Juguetes,Lego,Centro,Efectivo,9,165.46,105.72,0.15,1265.73,951.46,314.27
2023-01-27,Ropa,Camiseta,Este,PayPal,1,108.1,74.65,0.2,86.48,74.65,11.83
2023-01-27,Deportes,Raqueta,Norte,Transferencia,4,277.52,150.58,0.15,943.58,602.32,341.26
2023-01-27,Deportes,Raqueta,Oeste,Transferencia,6,268.61,129.78,0.1,1450.47,778.68,671.79
2023-01-27,Juguetes,Puzzle,Sur,Tarjeta de Crédito,7,176.72,92.13,0.1,1113.36,644.9,468.46
2023-01-27,Electrónica,Smartwatch,Oeste,PayPal,4,579.84,286.23,0.1,2087.42,1144.92,942.5
2023-01-27,Hogar,Silla,Norte,Transferencia,9,253.13,174.36,0.05,2164.28,1569.26,595.02
2023-01-27,Electrónica,Smartphone,Este,Efectivo,5,1628.96,621.55,0.0,8144.78,3107.76,5037.02
2023-01-27,Deportes,Cinta de correr,Centro,Efectivo,7,173.34,76.72,0.2,970.72,537.02,433.7
2023-01-27,Hogar,Sofá,Oeste,Tarjeta de Crédito,5,91.75,55.89,0.0,458.77,279.46,179.31
2023-01-27,Hogar,Mesa,Sur,Efectivo,2,198.36,104.69,0.0,396.73,209.38,187.34
2023-01-27,Juguetes,Coche RC,Este,Efectivo,10,292.14,146.96,0.2,2337.12,1469.65,867.47
2023-01-27,Ropa,Chaqueta,Centro,PayPal,4,279.33,184.07,0.0,1117.33,736.29,381.04
2023-01-27,Juguetes,Lego,Sur,Transferencia,3,230.6,121.57,0.0,691.79,364.71,327.08
2023-01-27,Ropa,Pantalón,Oeste,Tarjeta de Crédito,7,107.55,39.96,0.0,752.85,279.73,473.12
2023-01-28,Juguetes,Lego,Este,PayPal,2,265.46,134.02,0.0,530.92,268.04,262.88
2023-01-28,Juguetes,Muñeca,Sur,Efectivo,4,74.53,37.12,0.2,238.49,148.47,90.02
2023-01-28,Ropa,Gorra,Norte,PayPal,7,143.69,62.86,0.0,1005.82,440.02,565.81
2023-01-28,Deportes,Bicicleta,Sur,PayPal,8,187.56,100.57,0.15,1275.4,804.55,470.84
2023-01-28,Electrónica,Smartphone,Este,PayPal,6,444.81,221.6,0.1,2401.99,1329.6,1072.39
2023-01-28,Electrónica,Smartwatch,Oeste,Tarjeta de Crédito,10,702.88,387.07,0.2,5623.06,3870.68,1752.38
2023-01-28,Deportes,Raqueta,Sur,Tarjeta de Crédito,6,60.23,37.26,0.0,361.35,223.54,137.81
2023-01-28,Hogar,Sofá,Norte,PayPal,4,297.54,132.5,0.15,1011.65,530.0,481.65
2023-01-28,Juguetes,Muñeca,Este,PayPal,8,147.02,68.46,0.1,1058.57,547.64,510.93
2023-01-28,Ropa,Zapatos,Oeste,Tarjeta de Crédito,5,285.35,131.92,0.2,1141.4,659.6,481.81
2023-01-28,Deportes,Bicicleta,Centro,PayPal,3,78.62,41.93,0.0,235.87,125.79,110.08
2023-01-28,Hogar,Silla,Oeste,Tarjeta de Crédito,8,95.6,44.99,0.15,650.09,359.88,290.21
2023-01-29,Juguetes,Muñeca,Oeste,Efectivo,9,41.81,17.14,0.15,319.85,154.22,165.63
2023-01-29,Hogar,Mesa,Centro,PayPal,8,301.84,139.23,0.1,2173.21,1113.83,1059.38
2023-01-29,Hogar,Lámpara,Sur,Efectivo,5,94.41,49.88,0.1,424.83,249.41,175.41
2023-01-29,Electrónica,Smartwatch,Norte,Tarjeta de Crédito,1,1441.75,697.88,0.1,1297.57,697.88,599.69
2023-01-29,Hogar,Cama,Centro,Efectivo,10,248.35,128.86,0.05,2359.36,1288.61,1070.75
2023-01-29,Electrónica,Smartwatch,Sur,Efectivo,5,1273.02,760.08,0.2,5092.07,3800.39,1291.68
2023-01-29,Deportes,Raqueta,Sur,Transferencia,6,36.06,21.34,0.1,194.71,128.04,66.68
2023-01-29,Hogar,Sofá,Oeste,PayPal,4,144.48,65.76,0.1,520.14,263.04,257.1
2023-01-29,Electrónica,Auriculares,Este,Tarjeta de Crédito,10,728.95,370.06,0.1,6560.56,3700.57,2859.99
2023-01-29,Deportes,Raqueta,Este,Tarjeta de Crédito,5,111.14,62.05,0.0,555.72,310.25,245.47
2023-01-29,Deportes,Bicicleta,Oeste,Transferencia,3,157.81,95.43,0.0,473.42,286.29,187.13
2023-01-29,Hogar,Sofá,Sur,Transferencia,8,250.0,138.78,0.05,1899.97,1110.27,789.69
2023-01-29,Juguetes,Muñeca,Centro,Transferencia,6,176.89,79.4,0.15,902.16,476.41,425.75
2023-01-30,Electrónica,Smartphone,Este,Tarjeta de Crédito,5,1288.91,849.79,0.0,6444.56,4248.96,2195.61
2023-01-30,Hogar,Mesa,Oeste,Efectivo,10,47.6,29.24,0.0,476.02,292.44,183.58
2023-01-30,Deportes,Cinta de correr,Sur,Transferencia,8,260.83,168.49,0.05,1982.28,1347.91,634.37
2023-01-30,Hogar,Lámpara,Centro,Efectivo,4,240.56,106.5,0.15,817.89,425.99,391.9
2023-01-30,Ropa,Gorra,Norte,Efectivo,5,254.35,151.75,0.1,1144.55,758.74,385.81
2023-01-30,Hogar,Lámpara,Sur,Transferencia,6,196.73,113.77,0.0,1180.39,682.62,497.77
2023-01-30,Deportes,Balón,Oeste,PayPal,5,21.74,10.0,0.1,97.82,49.99,47.82
2023-01-30,Electrónica,Tablet,Oeste,PayPal,7,1575.69,767.5,0.1,9926.83,5372.51,4554.32
2023-01-30,Juguetes,Muñeca,Sur,Transferencia,9,182.58,122.57,0.0,1643.2,1103.16,540.03
2023-01-30,Electrónica,Smartphone,Sur,PayPal,9,1437.62,730.46,0.1,11644.71,6574.15,5070.56
2023-01-30,Electrónica,Tablet,Centro,Efectivo,7,111.92,66.52,0.15,665.95,465.62,200.33
2023-01-30,Ropa,Pantalón,Centro,Efectivo,5,161.72,69.76,0.0,808.59,348.81,459.79
2023-01-30,Electrónica,Smartwatch,Norte,Transferencia,7,1338.99,609.73,0.15,7967.0,4268.08,3698.92
2023-01-31,Electrónica,Smartphone,Norte,PayPal,10,1261.4,662.22,0.2,10091.18,6622.17,3469.01
2023-01-31,Electrónica,Auriculares,Sur,Transferencia,2,1413.46,622.48,0.15,2402.88,1244.95,1157.93
2023-01-31,Deportes,Bicicleta,Oeste,PayPal,4,32.23,13.03,0.15,109.57,52.13,57.43
2023-01-31,Deportes,Cinta de correr,Centro,Transferencia,7,19.43,11.37,0.0,136.03,79.57,56.46
2023-01-31,Deportes,Pesas,Oeste,PayPal,1,239.84,133.98,0.0,239.84,133.98,105.85
2023-01-31,Ropa,Zapatos,Oeste,Transferencia,8,21.57,12.98,0.15,146.68,103.82,42.85
2023-01-31,Deportes,Cinta de correr,Norte,PayPal,5,22.22,7.99,0.0,111.09,39.96,71.13
2023-01-31,Ropa,Pantalón,Sur,Transferencia,3,95.31,46.7,0.0,285.94,140.1,145.84
2023-01-31,Ropa,Chaqueta,Este,Transferencia,6,232.92,133.52,0.1,1257.79,801.12,456.67
2023-01-31,Juguetes,Muñeca,Norte,PayPal,10,239.28,160.86,0.15,2033.88,1608.57,425.31
2023-01-31,Electrónica,Auriculares,Centro,Efectivo,4,415.68,288.21,0.05,1579.6,1152.84,426.76
2023-01-31,Deportes,Balón,Norte,Tarjeta de Crédito,5,223.64,109.64,0.05,1062.3,548.22,514.09
2023-01-31,Juguetes,Peluche,Centro,Transferencia,6,207.28,104.1,0.05,1181.47,624.59,556.89
2023-01-31,Ropa,Pantalón,Este,PayPal,6,129.42,83.23,0.0,776.52,499.39,277.12
2023-01-31,Juguetes,Puzzle,Norte,Tarjeta de Crédito,6,182.53,75.84,0.15,930.92,455.03,475.89
2023-01-31,Deportes,Pesas,Este,Efectivo,1,31.32,15.97,0.0,31.32,15.97,15.35
2023-02-01,Electrónica,Tablet,Este,PayPal,7,1412.18,820.62,0.0,9885.25,5744.32,4140.93
2023-02-01,Juguetes,Peluche,Este,Tarjeta de Crédito,10,84.17,39.77,0.05,799.59,397.65,401.94
2023-02-01,Electrónica,Tablet,Sur,Tarjeta de Crédito,5,536.38,317.88,0.05,2547.79,1589.38,958.41
2023-02-01,Hogar,Sofá,Sur,PayPal,1,179.85,98.13,0.0,179.85,98.13,81.73
2023-02-01,Juguetes,Lego,Norte,Transferencia,5,282.77,138.17,0.0,1413.83,690.85,722.98
2023-02-01,Juguetes,Puzzle,Norte,PayPal,1,88.12,56.28,0.15,74.9,56.28,18.63
2023-02-01,Deportes,Pesas,Oeste,Transferencia,1,127.59,75.75,0.0,127.59,75.75,51.84
2023-02-01,Electrónica,Laptop,Sur,Efectivo,4,368.92,220.51,0.1,1328.1,882.02,446.07
2023-02-01,Juguetes,Peluche,Sur,Tarjeta de Crédito,7,279.97,121.94,0.15,1665.84,853.57,812.27
2023-02-01,Ropa,Gorra,Sur,Transferencia,4,142.13,82.75,0.1,511.67,330.99,180.68
2023-02-01,Deportes,Balón,Norte,PayPal,8,177.49,112.39,0.15,1206.95,899.12,307.83
2023-02-01,Electrónica,Smartwatch,Norte,Tarjeta de Crédito,6,29.32,14.88,0.2,140.75,89.29,51.46
2023-02-01,Hogar,Cama,Este,Transferencia,1,213.63,122.19,0.0,213.63,122.19,91.44
2023-02-01,Juguetes,Lego,Sur,Transferencia,6,49.4,28.31,0.0,296.4,169.86,126.54
2023-02-01,Electrónica,Smartphone,Norte,PayPal,9,1037.4,760.73,0.05,8869.76,6846.56,2023.2
2023-02-02,Juguetes,Coche RC,Oeste,Efectivo,9,170.92,105.35,0.1,1384.43,948.19,436.24
2023-02-02,Juguetes,Puzzle,Centro,Efectivo,3,296.29,130.46,0.0,888.88,391.39,497.48
2023-02-02,Juguetes,Peluche,Sur,PayPal,1,108.14,54.35,0.2,86.51,54.35,32.16
2023-02-02,Hogar,Lámpara,Sur,PayPal,4,25.28,11.93,0.2,80.9,47.72,33.18
2023-02-02,Electrónica,Smartphone,Norte,PayPal,1,951.71,451.4,0.1,856.54,451.4,405.13
2023-02-02,Hogar,Sofá,Norte,Tarjeta de Crédito,8,247.73,130.54,0.0,1981.87,1044.3,937.57
2023-02-02,Hogar,Cama,Centro,Efectivo,9,38.18,17.59,0.0,343.63,158.33,185.3
2023-02-02,Hogar,Cama,Sur,PayPal,2,225.12,125.7,0.2,360.19,251.41,108.78
2023-02-02,Electrónica,Auriculares,Oeste,Efectivo,6,1462.0,641.15,0.05,8333.38,3846.9,4486.48
2023-02-02,Juguetes,Coche RC,Oeste,Transferencia,2,125.5,62.45,0.05,238.45,124.9,113.55
2023-02-02,Ropa,Zapatos,Este,PayPal,10,24.36,17.43,0.0,243.56,174.27,69.29
2023-02-02,Deportes,Bicicleta,Norte,Transferencia,9,224.43,147.25,0.05,1918.87,1325.26,593.61
2023-02-02,Hogar,Cama,Sur,PayPal,9,115.94,80.51,0.05,991.33,724.56,266.77
2023-02-02,Electrónica,Smartphone,Oeste,Efectivo,7,1180.02,765.61,0.2,6608.11,5359.26,1248.85
2023-02-03,Electrónica,Smartphone,Oeste,Transferencia,2,680.44,325.51,0.2,1088.7,651.02,437.67
2023-02-03,Juguetes,Coche RC,Centro,Transferencia,6,144.51,60.2,0.15,737.0,361.19,375.81
2023-02-03,Deportes,Balón,Este,Efectivo,5,288.32,165.79,0.0,1441.6,828.97,612.62
2023-02-03,Juguetes,Lego,Sur,PayPal,4,9.99,7.51,0.2,31.98,30.03,1.95
2023-02-03,Juguetes,Coche RC,Centro,Tarjeta de Crédito,10,241.89,132.3,0.05,2297.98,1323.0,974.98
2023-02-03,Ropa,Pantalón,Norte,Transferencia,9,60.72,33.0,0.05,519.2,296.98,222.22
2023-02-03,Hogar,Mesa,Sur,Transferencia,3,159.51,60.86,0.0,478.53,182.59,295.94
2023-02-03,Hogar,Sofá,Oeste,Transferencia,10,45.56,30.35,0.05,432.78,303.49,129.29
2023-02-03,Deportes,Pesas,Oeste,Transferencia,10,174.74,94.16,0.0,1747.37,941.65,805.72
2023-02-03,Juguetes,Coche RC,Este,Efectivo,3,202.59,103.75,0.05,577.39,311.26,266.13
2023-02-04,Deportes,Raqueta,Este,Transferencia,3,204.14,124.53,0.05,581.81,373.6,208.21
2023-02-04,Electrónica,Smartphone,Norte,Efectivo,7,586.58,250.4,0.0,4106.03,1752.78,2353.25
2023-02-04,Deportes,Cinta de correr,Sur,Efectivo,2,226.34,88.47,0.05,430.05,176.93,253.11
2023-02-04,Juguetes,Coche RC,Norte,PayPal,3,196.15,110.23,0.0,588.44,330.68,257.76
2023-02-04,Deportes,Raqueta,Oeste,PayPal,1,12.33,5.45,0.0,12.33,5.45,6.88
2023-02-04,Juguetes,Muñeca,Norte,Transferencia,2,191.67,65.53,0.1,345.01,131.06,213.96
2023-02-04,Hogar,Mesa,Norte,PayPal,1,186.84,81.76,0.2,149.47,81.76,67.72
2023-02-04,Electrónica,Auriculares,Norte,Transferencia,5,94.68,50.46,0.2,378.71,252.29,126.43
2023-02-04,Deportes,Bicicleta,Este,Transferencia,3,157.14,68.15,0.0,471.42,204.45,266.97
2023-02-04,Hogar,Cama,Oeste,Transferencia,2,57.02,27.94,0.0,114.05,55.88,58.17
2023-02-04,Deportes,Raqueta,Oeste,PayPal,3,238.97,115.54,0.15,609.38,346.62,262.76
2023-02-04,Deportes,Bicicleta,Centro,Transferencia,6,169.61,105.25,0.05,966.78,631.52,335.26
2023-02-04,Deportes,Bicicleta,Norte,Transferencia,5,113.0,40.9,0.05,536.77,204.5,332.27
2023-02-05,Ropa,Gorra,Centro,Efectivo,8,203.23,110.25,0.2,1300.68,881.97,418.71
2023-02-05,Deportes,Cinta de correr,Centro,Tarjeta de Crédito,7,69.36,33.7,0.1,436.98,235.89,201.09
2023-02-05,Electrónica,Tablet,Norte,Tarjeta de Crédito,10,397.06,210.36,0.2,3176.49,2103.64,1072.84
2023-02-05,Ropa,Gorra,Este,PayPal,1,283.43,178.46,0.1,255.08,178.46,76.62
2023-02-05,Ropa,Pantalón,Norte,PayPal,10,237.0,127.93,0.1,2133.03,1279.31,853.72
2023-02-05,Juguetes,Peluche,Sur,Efectivo,10,63.86,43.5,0.0,638.64,435.0,203.64
2023-02-05,Juguetes,Coche RC,Sur,Tarjeta de Crédito,1,239.53,143.74,0.0,239.53,143.74,95.79
2023-02-05,Electrónica,Smartwatch,Centro,Tarjeta de Crédito,10,879.96,500.48,0.0,8799.56,5004.82,3794.75
2023-02-05,Deportes,Raqueta,Centro,Transferencia,10,16.58,6.25,0.15,140.95,62.48,78.46
2023-02-05,Electrónica,Auriculares,Centro,Tarjeta de Crédito,9,871.23,550.03,0.0,7841.08,4950.24,2890.84
2023-02-05,Hogar,Lámpara,Centro,PayPal,3,131.79,68.42,0.0,395.36,205.26,190.1
2023-02-05,Hogar,Mesa,Centro,PayPal,1,120.22,45.3,0.1,108.2,45.3,62.91
2023-02-05,Ropa,Chaqueta,Norte,PayPal,10,138.99,90.97,0.05,1320.36,909.68,410.68
2023-02-05,Ropa,Chaqueta,Sur,PayPal,2,53.92,25.19,0.0,107.84,50.38,57.46
2023-02-05,Hogar,Sofá,Centro,Tarjeta de Crédito,1,288.74,154.25,0.0,288.74,154.25,134.49
2023-02-05,Hogar,Silla,Oeste,Efectivo,9,233.35,106.46,0.0,2100.12,958.16,1141.97
2023-02-06,Hogar,Silla,Centro,Efectivo,2,160.28,68.36,0.0,320.55,136.73,183.83
2023-02-06,Deportes,Raqueta,Centro,Tarjeta de Crédito,5,197.86,101.18,0.15,840.92,505.88,335.04
2023-02-06,Ropa,Zapatos,Oeste,PayPal,7,40.36,22.74,0.15,240.14,159.16,80.98
2023-02-06,Juguetes,Muñeca,Este,Efectivo,9,38.51,14.35,0.0,346.61,129.18,217.43
2023-02-06,Electrónica,Smartphone,Norte,Tarjeta de Crédito,9,622.67,345.89,0.05,5323.81,3113.05,2210.75
2023-02-06,Ropa,Chaqueta,Norte,Transferencia,2,218.31,105.45,0.2,349.29,210.89,138.4
2023-02-06,Electrónica,Auriculares,Este,Efectivo,1,1139.8,545.91,0.2,911.84,545.91,365.93
2023-02-06,Ropa,Camiseta,Oeste,PayPal,3,225.03,125.9,0.0,675.08,377.7,297.38
2023-02-06,Electrónica,Tablet,Centro,Efectivo,7,1394.91,1004.2,0.1,8787.96,7029.39,1758.57
2023-02-07,Electrónica,Auriculares,Este,Transferencia,4,1648.63,799.26,0.2,5275.62,3197.05,2078.57
2023-02-07,Electrónica,Smartwatch,Centro,Transferencia,6,34.53,18.76,0.15,176.12,112.56,63.56
2023-02-07,Juguetes,Lego,Oeste,Efectivo,6,226.97,106.02,0.1,1225.63,636.09,589.54
2023-02-07,Ropa,Gorra,Norte,Transferencia,7,288.77,160.53,0.05,1920.29,1123.74,796.54
2023-02-07,Ropa,Camiseta,Centro,PayPal,4,91.7,31.81,0.05,348.44,127.25,221.19
2023-02-07,Deportes,Pesas,Sur,Tarjeta de Crédito,5,315.69,178.87,0.2,1262.76,894.36,368.41
2023-02-07,Deportes,Balón,Centro,PayPal,7,280.13,136.98,0.15,1666.77,958.83,707.94
2023-02-07,Hogar,Cama,Este,Efectivo,3,27.46,16.88,0.0,82.38,50.64,31.74
2023-02-07,Ropa,Camiseta,Oeste,PayPal,9,124.54,57.88,0.2,896.67,520.9,375.77
2023-02-07,Ropa,Zapatos,Sur,Efectivo,2,316.46,113.37,0.0,632.92,226.75,406.17
2023-02-07,Deportes,Raqueta,Este,PayPal,5,333.23,193.55,0.05,1582.84,967.75,615.1
2023-02-07,Juguetes,Puzzle,Sur,Efectivo,10,139.52,70.25,0.1,1255.68,702.51,553.17
2023-02-07,Juguetes,Muñeca,Norte,Transferencia,8,123.2,63.67,0.05,936.33,509.33,427.0
2023-02-07,Deportes,Cinta de correr,Este,Transferencia,3,187.16,105.91,0.05,533.41,317.74,215.67
2023-02-07,Hogar,Silla,Norte,Transferencia,4,187.79,81.13,0.2,600.92,324.53,276.39
2023-02-07,Hogar,Silla,Centro,PayPal,1,205.85,135.65,0.0,205.85,135.65,70.2
2023-02-07,Ropa,Pantalón,Este,Transferencia,9,124.95,76.16,0.15,955.84,685.43,270.41
2023-02-07,Hogar,Mesa,Oeste,Transferencia,9,165.32,76.01,0.05,1413.52,684.07,729.45
2023-02-07,Deportes,Balón,Oeste,Tarjeta de Crédito,9,144.36,70.76,0.2,1039.38,636.84,402.55
2023-02-07,Ropa,Camiseta,Centro,PayPal,4,227.82,120.42,0.2,729.02,481.68,247.34
2023-02-08,Deportes,Balón,Norte,Tarjeta de Crédito,1,177.89,106.8,0.05,169.0,106.8,62.2
2023-02-08,Deportes,Cinta de correr,Sur,Efectivo,8,100.91,38.14,0.2,645.84,305.08,340.76
2023-02-08,Ropa,Camiseta,Sur,Efectivo,8,103.43,49.38,0.1,744.67,395.07,349.6
2023-02-08,Hogar,Silla,Este,Efectivo,5,206.88,137.7,0.0,1034.4,688.48,345.92
2023-02-08,Electrónica,Tablet,Este,Efectivo,10,614.56,291.66,0.05,5838.29,2916.61,2921.68
2023-02-08,Deportes,Bicicleta,Este,Transferencia,9,204.27,79.44,0.0,1838.47,714.99,1123.48
2023-02-08,Juguetes,Lego,Oeste,Tarjeta de Crédito,4,177.18,92.49,0.0,708.73,369.96,338.76
2023-02-08,Juguetes,Peluche,Centro,Transferencia,5,39.35,20.13,0.1,177.07,100.65,76.42
2023-02-08,Deportes,Raqueta,Norte,Transferencia,6,93.99,50.11,0.0,563.95,300.68,263.27
2023-02-08,Juguetes,Puzzle,Sur,Efectivo,9,163.41,110.51,0.15,1250.12,994.58,255.54
2023-02-08,Electrónica,Smartphone,Norte,Efectivo,5,172.27,66.49,0.1,775.21,332.43,442.78
2023-02-08,Electrónica,Smartwatch,Este,Transferencia,2,291.96,137.93,0.05,554.72,275.87,278.85
2023-02-08,Hogar,Mesa,Oeste,PayPal,5,163.82,86.33,0.05,778.15,431.67,346.49
2023-02-08,Hogar,Lámpara,Oeste,Efectivo,7,121.73,56.1,0.05,809.5,392.71,416.79
2023-02-08,Electrónica,Smartwatch,Este,Efectivo,1,760.75,487.62,0.0,760.75,487.62,273.13
2023-02-08,Ropa,Gorra,Oeste,Tarjeta de Crédito,8,231.18,117.92,0.0,1849.48,943.34,906.14
2023-02-08,Ropa,Chaqueta,Sur,Tarjeta de Crédito,1,196.69,102.04,0.05,186.86,102.04,84.82
2023-02-09,Hogar,Sofá,Centro,Efectivo,3,68.43,26.63,0.0,205.28,79.89,125.39
2023-02-09,Hogar,Cama,Centro,PayPal,8,286.68,174.51,0.0,2293.42,1396.11,897.31
2023-02-09,Hogar,Lámpara,Oeste,Efectivo,1,249.64,86.85,0.1,224.68,86.85,137.83
2023-02-09,Deportes,Balón,Oeste,Transferencia,1,223.02,152.2,0.0,223.02,152.2,70.82
2023-02-09,Juguetes,Lego,Centro,Tarjeta de Crédito,8,135.52,93.28,0.0,1084.17,746.24,337.93
2023-02-09,Ropa,Zapatos,Centro,Efectivo,3,85.86,45.33,0.0,257.59,135.98,121.6
2023-02-09,Hogar,Silla,Norte,PayPal,2,285.91,179.71,0.0,571.81,359.41,212.4
2023-02-09,Electrónica,Tablet,Centro,Tarjeta de Crédito,6,179.58,96.82,0.0,1077.47,580.95,496.52
2023-02-09,Ropa,Gorra,Centro,Efectivo,3,34.54,16.87,0.0,103.61,50.6,53.01
2023-02-09,Deportes,Cinta de correr,Oeste,PayPal,10,227.7,118.39,0.05,2163.12,1183.89,979.23
2023-02-09,Hogar,Cama,Sur,Efectivo,4,155.73,59.97,0.15,529.48,239.89,289.59
2023-02-09,Deportes,Raqueta,Oeste,Efectivo,5,213.12,111.09,0.15,905.76,555.43,350.34
2023-02-09,Hogar,Lámpara,Sur,Transferencia,8,42.84,24.78,0.0,342.74,198.27,144.47
2023-02-10,Deportes,Cinta de correr,Este,Tarjeta de Crédito,10,42.52,14.99,0.2,340.18,149.87,190.31
2023-02-10,Hogar,Silla,Centro,PayPal,3,163.34,83.56,0.2,392.01,250.68,141.34
2023-02-10,Hogar,Cama,Oeste,Tarjeta de Crédito,10,189.62,91.95,0.2,1516.97,919.53,597.44
2023-02-10,Electrónica,Tablet,Centro,Transferencia,7,1595.16,625.12,0.0,11166.09,4375.87,6790.23
2023-02-10,Electrónica,Tablet,Oeste,Efectivo,10,1279.85,669.38,0.15,10878.73,6693.76,4184.98
2023-02-10,Electrónica,Smartwatch,Oeste,Efectivo,8,394.25,171.25,0.0,3154.02,1370.0,1784.02
2023-02-10,Electrónica,Tablet,Centro,Efectivo,1,456.49,246.05,0.1,410.84,246.05,164.8
2023-02-10,Hogar,Sofá,Centro,Transferencia,5,270.03,144.61,0.05,1282.62,723.05,559.57
2023-02-10,Deportes,Cinta de correr,Sur,PayPal,6,30.24,16.92,0.0,181.44,101.52,79.92
2023-02-10,Hogar,Lámpara,Sur,PayPal,4,15.87,8.85,0.0,63.49,35.38,28.11
2023-02-10,Deportes,Bicicleta,Oeste,Tarjeta de Crédito,9,276.78,122.64,0.0,2491.01,1103.78,1387.24
2023-02-10,Ropa,Camiseta,Oeste,Tarjeta de Crédito,9,190.84,106.39,0.1,1545.79,957.54,588.25
2023-02-10,Juguetes,Peluche,Centro,PayPal,10,264.32,147.45,0.2,2114.58,1474.51,640.08
2023-02-10,Hogar,Lámpara,Centro,PayPal,1,156.41,69.53,0.0,156.41,69.53,86.89
2023-02-10,Juguetes,Coche RC,Este,Efectivo,2,142.54,59.46,0.1,256.58,118.93,137.65
2023-02-10,Electrónica,Laptop,Sur,Efectivo,2,1607.14,999.4,0.0,3214.29,1998.8,1215.49
2023-02-11,Deportes,Cinta de correr,Oeste,Transferencia,3,296.91,160.33,0.0,890.72,480.99,409.73
2023-02-11,Hogar,Cama,Centro,Transferencia,2,226.7,132.75,0.05,430.73,265.51,165.22
2023-02-11,Deportes,Raqueta,Oeste,Tarjeta de Crédito,4,190.04,113.32,0.05,722.13,453.29,268.84
2023-02-11,Ropa,Gorra,Sur,PayPal,7,53.79,18.49,0.0,376.54,129.43,247.1
2023-02-11,Electrónica,Laptop,Sur,Tarjeta de Crédito,7,1156.07,562.82,0.1,7283.27,3939.76,3343.51
2023-02-11,Deportes,Balón,Centro,Transferencia,3,35.13,16.78,0.2,84.31,50.35,33.97
2023-02-11,Deportes,Raqueta,Este,Tarjeta de Crédito,10,169.73,107.54,0.0,1697.28,1075.4,621.88
2023-02-11,Hogar,Mesa,Este,Efectivo,8,27.57,14.46,0.0,220.52,115.72,104.81
2023-02-11,Juguetes,Peluche,Sur,Transferencia,6,236.8,81.89,0.0,1420.82,491.36,929.46
2023-02-11,Electrónica,Auriculares,Oeste,Tarjeta de Crédito,8,1462.48,866.81,0.1,10529.84,6934.49,3595.35
2023-02-11,Electrónica,Tablet,Norte,Efectivo,1,1135.03,542.07,0.1,1021.53,542.07,479.46
2023-02-11,Ropa,Gorra,Oeste,Tarjeta de Crédito,4,105.79,54.61,0.0,423.17,218.46,204.71
2023-02-11,Electrónica,Tablet,Sur,Transferencia,7,364.3,138.21,0.15,2167.6,967.46,1200.14
2023-02-11,Deportes,Raqueta,Este,Transferencia,8,54.3,33.56,0.2,347.54,268.44,79.1
2023-02-11,Electrónica,Smartwatch,Centro,Tarjeta de Crédito,8,1228.73,846.38,0.0,9829.86,6771.02,3058.84
2023-02-11,Juguetes,Lego,Oeste,PayPal,3,132.92,66.86,0.0,398.75,200.57,198.18
2023-02-11,Electrónica,Smartwatch,Este,Efectivo,2,704.73,273.78,0.05,1338.99,547.57,791.42
2023-02-12,Deportes,Raqueta,Este,Efectivo,8,235.96,103.62,0.05,1793.28,828.95,964.33
2023-02-12,Ropa,Camiseta,Oeste,Transferencia,10,29.55,16.43,0.1,265.94,164.27,101.67
2023-02-12,Ropa,Gorra,Sur,Transferencia,2,11.61,8.13,0.15,19.74,16.26,3.47
2023-02-12,Hogar,Silla,Este,Transferencia,4,259.03,147.58,0.05,984.32,590.31,394.01
2023-02-12,Ropa,Camiseta,Sur,Transferencia,6,164.87,86.24,0.2,791.37,517.47,273.9
2023-02-12,Ropa,Camiseta,Este,Tarjeta de Crédito,2,16.85,6.56,0.15,28.64,13.11,15.53
2023-02-12,Ropa,Camiseta,Sur,Transferencia,5,86.58,36.53,0.05,411.27,182.65,228.62
2023-02-12,Ropa,Pantalón,Sur,PayPal,9,333.45,165.41,0.15,2550.89,1488.67,1062.22
2023-02-12,Electrónica,Smartwatch,Sur,Efectivo,10,1062.08,523.55,0.0,10620.83,5235.48,5385.35
2023-02-13,Hogar,Sofá,Centro,Transferencia,4,330.97,176.09,0.0,1323.9,704.35,619.54
2023-02-13,Electrónica,Smartphone,Norte,Tarjeta de Crédito,2,1026.9,431.91,0.1,1848.42,863.82,984.6
2023-02-13,Electrónica,Smartphone,Este,Efectivo,3,1531.83,675.14,0.15,3906.16,2025.43,1880.73
2023-02-13,Hogar,Lámpara,Centro,Tarjeta de Crédito,2,64.79,32.29,0.05,123.1,64.59,58.51
2023-02-13,Deportes,Bicicleta,Centro,PayPal,4,232.99,128.91,0.05,885.35,515.64,369.71
2023-02-13,Electrónica,Smartwatch,Norte,Tarjeta de Crédito,4,433.18,324.52,0.2,1386.19,1298.07,88.12
2023-02-13,Electrónica,Tablet,Centro,Tarjeta de Crédito,2,539.52,309.63,0.0,1079.03,619.27,459.77
2023-02-13,Hogar,Silla,Este,Efectivo,6,119.78,52.87,0.1,646.81,317.25,329.57
2023-02-13,Deportes,Balón,Sur,PayPal,3,49.04,28.53,0.0,147.11,85.59,61.52
2023-02-13,Electrónica,Tablet,Centro,PayPal,2,1539.5,863.94,0.05,2925.06,1727.87,1197.19
2023-02-13,Juguetes,Muñeca,Sur,PayPal,3,238.13,116.18,0.2,571.52,348.54,222.98
2023-02-13,Juguetes,Coche RC,Oeste,Transferencia,4,331.15,178.72,0.0,1324.59,714.89,609.7
2023-02-13,Juguetes,Muñeca,Centro,PayPal,5,321.35,157.38,0.1,1446.07,786.91,659.16
2023-02-13,Deportes,Balón,Este,Tarjeta de Crédito,10,98.39,60.31,0.0,983.95,603.1,380.84
2023-02-13,Hogar,Silla,Este,Efectivo,7,227.92,161.86,0.05,1515.65,1133.03,382.62
2023-02-13,Deportes,Bicicleta,Norte,PayPal,4,214.11,109.92,0.15,727.98,439.67,288.31
2023-02-13,Ropa,Gorra,Oeste,Tarjeta de Crédito,7,59.19,29.45,0.0,414.35,206.16,208.19
2023-02-13,Hogar,Silla,Oeste,Tarjeta de Crédito,3,208.69,78.12,0.0,626.08,234.36,391.72
2023-02-14,Juguetes,Muñeca,Norte,Efectivo,1,212.62,112.34,0.0,212.62,112.34,100.28
2023-02-14,Ropa,Gorra,Sur,Transferencia,3,23.04,10.01,0.05,65.65,30.02,35.63
2023-02-14,Juguetes,Coche RC,Sur,Efectivo,9,237.76,79.73,0.1,1925.85,717.57,1208.28
2023-02-14,Electrónica,Tablet,Sur,Tarjeta de Crédito,2,668.74,450.5,0.2,1069.99,901.0,169.0
2023-02-14,Hogar,Cama,Este,Transferencia,8,52.55,23.37,0.0,420.39,186.94,233.46
2023-02-14,Juguetes,Peluche,Sur,Efectivo,1,11.59,6.37,0.1,10.43,6.37,4.06
2023-02-14,Ropa,Pantalón,Norte,Transferencia,7,89.5,55.13,0.0,626.53,385.92,240.61
2023-02-14,Ropa,Gorra,Norte,Efectivo,10,46.69,21.66,0.1,420.18,216.6,203.58
2023-02-14,Juguetes,Lego,Este,Tarjeta de Crédito,10,54.4,23.43,0.2,435.19,234.29,200.9
2023-02-14,Juguetes,Puzzle,Centro,PayPal,8,195.52,94.82,0.05,1485.96,758.55,727.41
2023-02-14,Juguetes,Lego,Centro,Efectivo,9,116.29,66.21,0.2,837.25,595.92,241.34
2023-02-14,Electrónica,Tablet,Oeste,Tarjeta de Crédito,1,778.27,490.92,0.15,661.53,490.92,170.6
2023-02-14,Electrónica,Auriculares,Oeste,Efectivo,9,188.11,80.08,0.15,1439.01,720.74,718.27
2023-02-15,Juguetes,Coche RC,Oeste,Transferencia,3,136.01,55.35,0.1,367.23,166.04,201.18
2023-02-15,Electrónica,Laptop,Este,Tarjeta de Crédito,6,752.2,386.31,0.2,3610.55,2317.89,1292.66
2023-02-15,Hogar,Sofá,Sur,Efectivo,2,139.55,63.5,0.1,251.18,127.0,124.18
2023-02-15,Deportes,Raqueta,Este,PayPal,5,170.58,84.37,0.05,810.26,421.84,388.42
2023-02-15,Deportes,Pesas,Sur,Efectivo,9,213.67,101.17,0.15,1634.54,910.51,724.03
2023-02-15,Juguetes,Coche RC,Centro,PayPal,2,225.04,97.08,0.1,405.07,194.16,210.91
2023-02-15,Ropa,Zapatos,Oeste,Efectivo,9,101.6,49.04,0.1,822.94,441.4,381.55
2023-02-15,Ropa,Zapatos,Centro,PayPal,7,266.72,167.28,0.1,1680.31,1170.95,509.37
2023-02-15,Deportes,Pesas,Sur,PayPal,7,66.83,33.62,0.15,397.64,235.37,162.28
2023-02-15,Hogar,Sofá,Norte,Efectivo,2,90.45,55.95,0.0,180.91,111.9,69.01
2023-02-16,Juguetes,Coche RC,Centro,Tarjeta de Crédito,7,272.25,179.12,0.1,1715.17,1253.84,461.33
2023-02-16,Ropa,Zapatos,Norte,Efectivo,4,139.12,63.33,0.2,445.18,253.34,191.85
2023-02-16,Hogar,Sofá,Este,Efectivo,10,124.46,81.88,0.0,1244.65,818.76,425.89
2023-02-16,Deportes,Pesas,Centro,Tarjeta de Crédito,9,217.44,125.72,0.0,1956.96,1131.48,825.48
2023-02-16,Deportes,Cinta de correr,Centro,Efectivo,2,338.72,152.99,0.0,677.43,305.98,371.45
2023-02-16,Hogar,Lámpara,Este,Tarjeta de Crédito,2,44.79,15.66,0.0,89.58,31.33,58.25
2023-02-16,Juguetes,Peluche,Este,Transferencia,10,235.95,117.3,0.0,2359.51,1173.01,1186.5
2023-02-16,Juguetes,Lego,Norte,PayPal,5,219.02,129.81,0.0,1095.09,649.05,446.04
2023-02-16,Electrónica,Laptop,Norte,Tarjeta de Crédito,10,550.2,211.01,0.05,5226.91,2110.12,3116.79
2023-02-16,Deportes,Balón,Centro,Tarjeta de Crédito,8,277.88,110.21,0.2,1778.43,881.7,896.72
2023-02-16,Electrónica,Tablet,Norte,Efectivo,10,1245.48,797.1,0.0,12454.79,7970.99,4483.8
2023-02-16,Hogar,Lámpara,Sur,Efectivo,7,167.35,91.72,0.05,1112.85,642.05,470.8
2023-02-16,Ropa,Zapatos,Este,Tarjeta de Crédito,4,275.82,114.43,0.0,1103.29,457.72,645.57
2023-02-16,Electrónica,Smartwatch,Oeste,Tarjeta de Crédito,4,1329.28,795.44,0.0,5317.1,3181.76,2135.34
2023-02-16,Juguetes,Puzzle,Sur,Efectivo,10,183.96,71.21,0.0,1839.6,712.1,1127.5
2023-02-16,Hogar,Sofá,Este,Efectivo,7,127.99,66.35,0.05,851.11,464.47,386.64
2023-02-16,Ropa,Chaqueta,Este,PayPal,2,325.83,159.19,0.0,651.67,318.38,333.29
2023-02-16,Electrónica,Auriculares,Centro,Transferencia,7,843.84,530.07,0.1,5316.22,3710.52,1605.69
2023-02-16,Juguetes,Coche RC,Centro,Efectivo,6,263.84,155.16,0.0,1583.03,930.94,652.09
2023-02-16,Electrónica,Auriculares,Norte,Efectivo,10,555.96,244.24,0.05,5281.62,2442.44,2839.19
2023-02-16,Juguetes,Muñeca,Este,Efectivo,5,160.03,76.72,0.15,680.11,383.62,296.5
2023-02-17,Juguetes,Peluche,Sur,PayPal,5,166.02,98.34,0.1,747.09,491.68,255.41
2023-02-17,Ropa,Chaqueta,Oeste,Tarjeta de Crédito,2,287.34,133.77,0.1,517.21,267.54,249.67
2023-02-17,Ropa,Gorra,Centro,Transferencia,6,232.17,122.84,0.15,1184.06,737.02,447.04
2023-02-17,Hogar,Cama,Este,Efectivo,2,171.91,77.06,0.0,343.83,154.11,189.71
2023-02-17,Ropa,Chaqueta,Centro,PayPal,6,307.89,151.29,0.2,1477.86,907.75,570.11
2023-02-17,Electrónica,Laptop,Oeste,PayPal,3,1673.44,701.1,0.0,5020.33,2103.3,2917.02
2023-02-17,Ropa,Gorra,Norte,Transferencia,1,160.34,85.62,0.1,144.3,85.62,58.68
2023-02-17,Hogar,Silla,Centro,Tarjeta de Crédito,6,282.4,136.71,0.0,1694.41,820.28,874.13
2023-02-17,Ropa,Pantalón,Este,PayPal,5,172.26,92.26,0.0,861.28,461.29,399.99
2023-02-17,Ropa,Gorra,Oeste,Transferencia,4,123.32,48.84,0.0,493.28,195.35,297.94
2023-02-17,Electrónica,Tablet,Oeste,PayPal,6,127.62,48.0,0.1,689.15,288.0,401.14
2023-02-17,Juguetes,Lego,Este,PayPal,1,104.35,61.46,0.05,99.13,61.46,37.67
2023-02-17,Deportes,Bicicleta,Centro,Transferencia,5,131.33,72.92,0.1,590.98,364.62,226.36
2023-02-17,Electrónica,Tablet,Centro,Tarjeta de Crédito,1,113.29,71.42,0.05,107.63,71.42,36.21
2023-02-17,Hogar,Cama,Oeste,Transferencia,2,88.42,44.11,0.05,168.0,88.22,79.78
2023-02-17,Electrónica,Tablet,Oeste,Efectivo,4,1346.29,755.52,0.0,5385.17,3022.07,2363.09
2023-02-17,Deportes,Cinta de correr,Sur,PayPal,3,65.38,43.88,0.2,156.9,131.65,25.25
2023-02-17,Ropa,Zapatos,Centro,PayPal,10,219.47,115.17,0.05,2084.94,1151.66,933.28
2023-02-17,Ropa,Camiseta,Centro,Transferencia,1,300.0,192.9,0.0,300.0,192.9,107.1
2023-02-17,Deportes,Pesas,Oeste,Efectivo,7,235.68,171.59,0.0,1649.73,1201.11,448.61
2023-02-18,Ropa,Camiseta,Centro,Transferencia,2,93.74,52.88,0.05,178.1,105.76,72.34
2023-02-18,Juguetes,Peluche,Oeste,Tarjeta de Crédito,3,32.08,13.41,0.0,96.23,40.22,56.01
2023-02-18,Ropa,Zapatos,Norte,PayPal,7,182.29,77.64,0.05,1212.26,543.48,668.78
2023-02-18,Juguetes,Peluche,Oeste,Efectivo,5,11.09,5.18,0.1,49.91,25.91,24.0
2023-02-18,Electrónica,Tablet,Centro,Transferencia,5,143.59,72.4,0.0,717.94,362.01,355.93
2023-02-18,Juguetes,Puzzle,Norte,Efectivo,9,186.89,125.57,0.0,1681.98,1130.11,551.88
2023-02-18,Deportes,Pesas,Norte,PayPal,6,48.18,28.88,0.2,231.25,173.31,57.95
2023-02-18,Ropa,Chaqueta,Oeste,Transferencia,6,239.85,103.34,0.0,1439.12,620.07,819.06
2023-02-18,Ropa,Zapatos,Norte,PayPal,10,132.84,59.16,0.2,1062.73,591.64,471.09
2023-02-18,Ropa,Pantalón,Centro,Transferencia,3,135.15,86.18,0.2,324.36,258.55,65.81
2023-02-18,Deportes,Balón,Este,Transferencia,8,229.03,97.8,0.05,1740.6,782.39,958.21
2023-02-19,Electrónica,Smartphone,Este,PayPal,6,1497.52,965.01,0.0,8985.1,5790.06,3195.04
2023-02-19,Hogar,Sofá,Centro,PayPal,5,142.86,86.04,0.1,642.86,430.22,212.64
2023-02-19,Ropa,Zapatos,Norte,Efectivo,1,289.02,117.16,0.1,260.12,117.16,142.96
2023-02-19,Juguetes,Muñeca,Este,PayPal,7,139.2,85.17,0.0,974.41,596.19,378.22
2023-02-19,Juguetes,Muñeca,Centro,Efectivo,10,41.63,22.99,0.0,416.34,229.87,186.46
2023-02-19,Juguetes,Peluche,Oeste,Transferencia,7,187.27,72.82,0.0,1310.9,509.77,801.13
2023-02-19,Hogar,Silla,Oeste,PayPal,4,12.7,7.25,0.15,43.17,28.99,14.18
2023-02-19,Hogar,Sofá,Norte,Tarjeta de Crédito,5,27.55,19.26,0.05,130.86,96.3,34.55
2023-02-19,Electrónica,Smartphone,Norte,Efectivo,8,1035.35,487.74,0.0,8282.78,3901.94,4380.85
2023-02-19,Deportes,Pesas,Centro,Tarjeta de Crédito,3,237.38,129.06,0.05,676.53,387.17,289.36
2023-02-19,Hogar,Silla,Oeste,Tarjeta de Crédito,6,264.49,111.0,0.2,1269.54,666.0,603.53
2023-02-19,Juguetes,Puzzle,Este,PayPal,10,136.67,66.64,0.0,1366.68,666.43,700.26
2023-02-19,Deportes,Balón,Este,PayPal,1,201.73,117.49,0.15,171.47,117.49,53.99
2023-02-20,Deportes,Balón,Oeste,Efectivo,4,233.2,157.92,0.0,932.8,631.66,301.14
2023-02-20,Deportes,Raqueta,Centro,Transferencia,3,256.76,156.37,0.2,616.23,469.1,147.13
2023-02-20,Deportes,Pesas,Este,Tarjeta de Crédito,4,228.42,105.17,0.0,913.67,420.66,493.01
2023-02-20,Deportes,Cinta de correr,Este,Tarjeta de Crédito,8,258.57,165.22,0.0,2068.56,1321.75,746.81
2023-02-20,Juguetes,Lego,Centro,Transferencia,4,11.67,4.76,0.15,39.69,19.02,20.66
2023-02-20,Hogar,Cama,Sur,Transferencia,5,303.59,122.27,0.05,1442.05,611.36,830.68
2023-02-20,Electrónica,Auriculares,Centro,PayPal,2,1170.76,810.75,0.05,2224.45,1621.51,602.94
2023-02-20,Hogar,Lámpara,Centro,PayPal,4,46.67,29.56,0.2,149.34,118.25,31.08
2023-02-20,Ropa,Chaqueta,Este,Efectivo,2,51.78,35.52,0.05,98.39,71.04,27.35
2023-02-20,Hogar,Mesa,Centro,Transferencia,9,234.78,146.67,0.1,1901.68,1320.04,581.64
2023-02-20,Deportes,Balón,Este,Tarjeta de Crédito,9,147.33,75.4,0.0,1326.01,678.57,647.45
2023-02-20,Deportes,Raqueta,Este,PayPal,6,276.87,196.38,0.0,1661.23,1178.28,482.96
2023-02-20,Ropa,Zapatos,Norte,Tarjeta de Crédito,4,87.21,50.35,0.0,348.83,201.42,147.41
2023-02-21,Ropa,Chaqueta,Este,Transferencia,2,247.02,127.42,0.0,494.03,254.85,239.19
2023-02-21,Ropa,Pantalón,Sur,Tarjeta de Crédito,1,194.82,131.97,0.0,194.82,131.97,62.85
2023-02-21,Electrónica,Smartphone,Norte,Transferencia,8,704.28,318.97,0.0,5634.26,2551.79,3082.47
2023-02-21,Juguetes,Muñeca,Oeste,Transferencia,3,94.85,39.12,0.0,284.54,117.35,167.19
2023-02-21,Ropa,Gorra,Norte,Transferencia,2,111.37,66.62,0.0,222.74,133.25,89.5
2023-02-21,Electrónica,Tablet,Norte,Transferencia,3,731.52,401.59,0.0,2194.56,1204.76,989.8
2023-02-21,Ropa,Pantalón,Este,Transferencia,4,183.67,79.77,0.1,661.2,319.09,342.11
2023-02-21,Electrónica,Smartphone,Oeste,Transferencia,9,410.67,214.37,0.0,3696.04,1929.36,1766.67
2023-02-21,Juguetes,Muñeca,Sur,Efectivo,10,243.7,136.17,0.0,2437.0,1361.7,1075.3
2023-02-21,Electrónica,Smartphone,Este,Tarjeta de Crédito,1,510.37,236.6,0.0,510.37,236.6,273.76
2023-02-21,Electrónica,Smartphone,Centro,PayPal,10,1506.73,741.53,0.05,14313.97,7415.3,6898.68
2023-02-21,Hogar,Cama,Sur,Tarjeta de Crédito,7,121.49,66.29,0.2,680.35,464.04,216.31
2023-02-21,Hogar,Mesa,Centro,Transferencia,6,191.16,129.18,0.2,917.56,775.05,142.51
2023-02-21,Hogar,Cama,Oeste,Transferencia,2,34.78,21.55,0.1,62.6,43.1,19.51
2023-02-21,Juguetes,Puzzle,Este,PayPal,8,292.82,178.28,0.0,2342.54,1426.23,916.31
2023-02-21,Deportes,Cinta de correr,Sur,Efectivo,10,85.9,61.69,0.0,859.04,616.89,242.15
2023-02-21,Hogar,Lámpara,Oeste,Efectivo,1,129.98,60.98,0.0,129.98,60.98,69.0
2023-02-21,Ropa,Zapatos,Centro,Transferencia,4,96.33,55.43,0.0,385.3,221.74,163.57
2023-02-21,Ropa,Gorra,Norte,Tarjeta de Crédito,10,216.5,107.31,0.0,2164.99,1073.06,1091.93
2023-02-21,Electrónica,Smartphone,Sur,Tarjeta de Crédito,2,335.16,118.2,0.0,670.32,236.4,433.92
2023-02-22,Hogar,Mesa,Este,Tarjeta de Crédito,3,140.26,52.02,0.1,378.71,156.06,222.65
2023-02-22,Electrónica,Smartwatch,Este,Tarjeta de Crédito,2,480.15,299.61,0.2,768.24,599.22,169.02
2023-02-22,Hogar,Cama,Centro,Efectivo,5,295.95,159.5,0.2,1183.8,797.49,386.31
2023-02-22,Ropa,Pantalón,Norte,PayPal,2,188.44,87.05,0.0,376.87,174.11,202.76
2023-02-22,Hogar,Lámpara,Sur,Transferencia,10,166.78,72.08,0.0,1667.77,720.8,946.98
2023-02-22,Deportes,Cinta de correr,Norte,Efectivo,1,284.68,172.47,0.1,256.22,172.47,83.75
2023-02-22,Deportes,Bicicleta,Sur,Efectivo,2,257.12,107.02,0.0,514.24,214.05,300.19
2023-02-22,Hogar,Mesa,Este,PayPal,4,245.27,143.2,0.0,981.06,572.81,408.25
2023-02-22,Juguetes,Muñeca,Norte,Tarjeta de Crédito,5,226.83,103.63,0.05,1077.42,518.15,559.27
2023-02-22,Juguetes,Peluche,Este,Tarjeta de Crédito,3,26.69,12.75,0.15,68.05,38.25,29.81
2023-02-22,Juguetes,Peluche,Sur,Efectivo,5,71.34,33.99,0.2,285.35,169.95,115.39
2023-02-22,Electrónica,Smartwatch,Centro,Tarjeta de Crédito,9,1564.12,885.93,0.1,12669.4,7973.41,4695.98
2023-02-22,Hogar,Sofá,Oeste,Efectivo,10,49.73,24.33,0.2,397.85,243.33,154.52
2023-02-22,Electrónica,Tablet,Este,Tarjeta de Crédito,6,933.43,446.53,0.1,5040.53,2679.16,2361.37
2023-02-22,Deportes,Cinta de correr,Este,PayPal,4,233.31,130.41,0.0,933.26,521.63,411.63
2023-02-22,Juguetes,Muñeca,Centro,Efectivo,2,181.24,95.96,0.0,362.48,191.91,170.57
2023-02-22,Electrónica,Smartwatch,Centro,PayPal,3,978.14,383.55,0.0,2934.43,1150.66,1783.77
2023-02-22,Deportes,Balón,Centro,PayPal,10,242.35,156.75,0.0,2423.5,1567.47,856.03
2023-02-22,Juguetes,Puzzle,Sur,Tarjeta de Crédito,7,92.01,44.44,0.15,547.45,311.05,236.39
2023-02-23,Ropa,Gorra,Norte,PayPal,7,126.57,67.8,0.1,797.4,474.58,322.81
2023-02-23,Electrónica,Smartphone,Centro,Transferencia,3,298.31,193.21,0.0,894.93,579.62,315.31
2023-02-23,Deportes,Pesas,Centro,Transferencia,9,31.18,13.02,0.0,280.64,117.22,163.42
2023-02-23,Hogar,Sofá,Norte,Transferencia,5,75.82,40.34,0.0,379.08,201.68,177.4
2023-02-23,Ropa,Camiseta,Norte,Tarjeta de Crédito,2,236.44,132.06,0.0,472.87,264.13,208.74
2023-02-23,Electrónica,Smartwatch,Oeste,PayPal,8,1435.29,647.03,0.0,11482.29,5176.23,6306.06
2023-02-23,Ropa,Gorra,Oeste,Tarjeta de Crédito,5,82.73,44.07,0.0,413.67,220.35,193.32
2023-02-23,Deportes,Balón,Este,Transferencia,10,196.85,108.46,0.05,1870.1,1084.62,785.49
2023-02-23,Electrónica,Smartphone,Oeste,PayPal,6,64.33,38.43,0.0,385.98,230.6,155.38
2023-02-23,Ropa,Chaqueta,Este,Efectivo,7,293.74,112.36,0.0,2056.16,786.54,1269.62
2023-02-24,Deportes,Raqueta,Este,Efectivo,4,238.35,128.75,0.0,953.38,515.01,438.37
2023-02-24,Deportes,Cinta de correr,Centro,PayPal,10,156.07,58.41,0.1,1404.66,584.15,820.52
2023-02-24,Electrónica,Laptop,Centro,Efectivo,5,903.44,508.07,0.0,4517.21,2540.36,1976.84
2023-02-24,Electrónica,Laptop,Oeste,PayPal,3,700.87,395.52,0.1,1892.35,1186.57,705.79
2023-02-24,Electrónica,Smartphone,Este,Transferencia,7,581.18,289.24,0.15,3458.03,2024.66,1433.37
2023-02-24,Hogar,Sofá,Este,Transferencia,5,149.68,53.08,0.0,748.42,265.4,483.02
2023-02-24,Juguetes,Lego,Este,PayPal,5,230.84,112.18,0.1,1038.8,560.88,477.93
2023-02-24,Deportes,Pesas,Este,PayPal,4,63.94,43.96,0.15,217.41,175.83,41.57
2023-02-24,Juguetes,Puzzle,Norte,Tarjeta de Crédito,6,74.58,41.67,0.0,447.5,250.04,197.45
2023-02-24,Electrónica,Smartwatch,Centro,Efectivo,1,1591.39,909.83,0.15,1352.68,909.83,442.85
2023-02-24,Juguetes,Peluche,Centro,PayPal,7,281.4,131.34,0.0,1969.83,919.36,1050.47
2023-02-24,Ropa,Gorra,Oeste,Tarjeta de Crédito,6,64.02,37.33,0.15,326.51,224.0,102.51
2023-02-24,Ropa,Zapatos,Este,Transferencia,5,272.75,186.9,0.2,1090.99,934.51,156.49
2023-02-24,Deportes,Bicicleta,Oeste,Tarjeta de Crédito,10,55.46,28.41,0.0,554.64,284.08,270.56
2023-02-24,Deportes,Raqueta,Oeste,Tarjeta de Crédito,6,120.93,53.89,0.0,725.57,323.35,402.23
2023-02-25,Hogar,Silla,Oeste,Efectivo,7,201.97,97.68,0.15,1201.7,683.73,517.98
2023-02-25,Deportes,Raqueta,Este,PayPal,8,80.4,36.91,0.05,611.06,295.31,315.75
2023-02-25,Electrónica,Smartphone,Centro,Transferencia,1,442.24,306.88,0.1,398.01,306.88,91.13
2023-02-25,Juguetes,Puzzle,Sur,Efectivo,2,228.83,121.77,0.1,411.89,243.54,168.36
2023-02-25,Hogar,Lámpara,Norte,Transferencia,7,107.03,69.85,0.05,711.73,488.93,222.8
2023-02-25,Hogar,Lámpara,Sur,Tarjeta de Crédito,7,198.66,110.19,0.0,1390.65,771.31,619.34
2023-02-25,Juguetes,Peluche,Sur,Tarjeta de Crédito,9,80.94,51.85,0.0,728.47,466.63,261.84
2023-02-25,Deportes,Balón,Oeste,PayPal,6,261.21,95.07,0.0,1567.28,570.4,996.88
2023-02-25,Hogar,Mesa,Sur,PayPal,8,109.06,51.74,0.05,828.83,413.89,414.94
2023-02-25,Ropa,Chaqueta,Sur,Efectivo,7,225.93,91.55,0.0,1581.48,640.82,940.67
2023-02-25,Juguetes,Coche RC,Oeste,Efectivo,5,296.57,119.32,0.05,1408.7,596.58,812.12
2023-02-25,Electrónica,Smartwatch,Centro,Transferencia,1,137.37,69.93,0.0,137.37,69.93,67.43
2023-02-25,Deportes,Bicicleta,Sur,PayPal,2,186.0,120.03,0.0,371.99,240.05,131.94
2023-02-25,Ropa,Gorra,Norte,PayPal,10,36.94,20.0,0.05,350.9,199.96,150.94
2023-02-25,Juguetes,Lego,Centro,PayPal,1,276.8,158.91,0.0,276.8,158.91,117.9
2023-02-25,Juguetes,Puzzle,Sur,PayPal,9,230.85,125.8,0.0,2077.69,1132.2,945.49
2023-02-26,Ropa,Chaqueta,Norte,Transferencia,3,276.73,167.11,0.0,830.19,501.34,328.85
2023-02-26,Deportes,Cinta de correr,Centro,Transferencia,4,22.33,14.1,0.0,89.31,56.4,32.91
2023-02-26,Electrónica,Smartwatch,Sur,PayPal,4,459.78,274.3,0.0,1839.12,1097.2,741.92
2023-02-26,Juguetes,Coche RC,Centro,Transferencia,1,257.77,137.61,0.0,257.77,137.61,120.15
2023-02-26,Juguetes,Lego,Centro,Tarjeta de Crédito,8,155.73,89.22,0.0,1245.84,713.73,532.11
2023-02-26,Hogar,Silla,Norte,Tarjeta de Crédito,6,125.5,72.63,0.0,752.97,435.76,317.21
2023-02-26,Deportes,Balón,Este,Efectivo,2,124.73,82.23,0.0,249.46,164.46,85.0
2023-02-26,Electrónica,Auriculares,Norte,PayPal,10,563.93,382.45,0.0,5639.25,3824.52,1814.73
2023-02-26,Electrónica,Auriculares,Centro,Tarjeta de Crédito,10,868.98,317.61,0.05,8255.32,3176.07,5079.24
2023-02-27,Electrónica,Laptop,Norte,PayPal,3,1632.46,941.02,0.0,4897.37,2823.05,2074.32
2023-02-27,Deportes,Bicicleta,Sur,Transferencia,3,164.14,78.06,0.2,393.94,234.18,159.76
2023-02-27,Hogar,Sofá,Sur,Efectivo,6,234.65,118.87,0.15,1196.74,713.21,483.53
2023-02-27,Hogar,Lámpara,Sur,PayPal,2,184.76,124.16,0.0,369.53,248.31,121.22
2023-02-27,Hogar,Lámpara,Sur,PayPal,2,86.28,55.16,0.0,172.56,110.32,62.25
2023-02-27,Ropa,Zapatos,Este,PayPal,5,274.69,118.57,0.15,1167.43,592.84,574.59
2023-02-27,Ropa,Camiseta,Oeste,Transferencia,5,77.21,33.15,0.15,328.14,165.75,162.39
2023-02-27,Electrónica,Tablet,Este,PayPal,3,88.23,55.67,0.2,211.75,167.01,44.73
2023-02-27,Ropa,Gorra,Sur,Efectivo,3,325.17,161.43,0.0,975.52,484.28,491.25
2023-02-27,Hogar,Sofá,Oeste,PayPal,10,227.83,105.91,0.15,1936.54,1059.09,877.45
2023-02-27,Electrónica,Smartwatch,Sur,Transferencia,3,210.51,101.4,0.15,536.79,304.19,232.6
2023-02-27,Ropa,Camiseta,Centro,Tarjeta de Crédito,5,282.51,134.15,0.2,1130.04,670.74,459.3
2023-02-28,Hogar,Lámpara,Centro,PayPal,4,272.28,145.7,0.2,871.3,582.79,288.51
2023-02-28,Hogar,Cama,Norte,Tarjeta de Crédito,5,52.8,28.9,0.1,237.6,144.51,93.09
2023-02-28,Hogar,Cama,Este,Transferencia,9,73.05,52.96,0.1,591.71,476.66,115.05
2023-02-28,Hogar,Cama,Este,Transferencia,3,111.1,56.72,0.0,333.29,170.15,163.14
2023-02-28,Ropa,Zapatos,Sur,Transferencia,2,46.63,32.39,0.05,88.6,64.79,23.81
2023-02-28,Hogar,Silla,Oeste,Transferencia,8,177.62,76.35,0.1,1278.89,610.84,668.05
2023-02-28,Electrónica,Smartphone,Oeste,Efectivo,8,1275.21,858.97,0.0,10201.65,6871.72,3329.93
2023-02-28,Deportes,Cinta de correr,Centro,Efectivo,10,269.7,149.25,0.15,2292.42,1492.49,799.94
2023-02-28,Juguetes,Muñeca,Centro,Tarjeta de Crédito,1,213.38,127.86,0.0,213.38,127.86,85.52
2023-02-28,Ropa,Gorra,Centro,Efectivo,10,125.84,61.48,0.15,1069.62,614.84,454.78
2023-02-28,Ropa,Chaqueta,Oeste,Tarjeta de Crédito,1,197.62,147.18,0.15,167.97,147.18,20.79
2023-02-28,Ropa,Zapatos,Este,PayPal,6,230.99,86.88,0.0,1385.92,521.27,864.65
2023-02-28,Juguetes,Puzzle,Oeste,Transferencia,5,22.18,7.96,0.0,110.89,39.82,71.06
2023-02-28,Juguetes,Muñeca,Este,Transferencia,4,191.41,75.57,0.1,689.08,302.26,386.82
2023-02-28,Ropa,Gorra,Centro,Efectivo,6,278.3,171.52,0.0,1669.78,1029.11,640.67
2023-02-28,Deportes,Balón,Sur,Transferencia,10,36.13,21.16,0.0,361.25,211.64,149.62
2023-02-28,Electrónica,Smartwatch,Oeste,Transferencia,2,503.94,199.1,0.2,806.31,398.2,408.11
2023-02-28,Electrónica,Auriculares,Norte,PayPal,6,318.29,116.79,0.15,1623.28,700.72,922.56
2023-02-28,Ropa,Gorra,Centro,Transferencia,4,229.02,157.69,0.1,824.46,630.76,193.7
2023-02-28,Juguetes,Muñeca,Centro,Efectivo,6,85.69,60.7,0.0,514.14,364.2,149.94
2023-02-28,Electrónica,Smartphone,Este,Transferencia,6,233.62,102.47,0.0,1401.72,614.84,786.88
2023-03-01,Deportes,Balón,Norte,Transferencia,7,201.95,95.58,0.0,1413.63,669.04,744.59
2023-03-01,Deportes,Balón,Norte,Transferencia,1,60.57,36.65,0.0,60.57,36.65,23.93
2023-03-01,Electrónica,Tablet,Oeste,Efectivo,7,174.75,76.05,0.15,1039.79,532.34,507.45
2023-03-01,Deportes,Cinta de correr,Norte,PayPal,9,144.34,57.44,0.0,1299.03,516.98,782.05
2023-03-01,Deportes,Raqueta,Norte,Transferencia,3,149.8,65.48,0.0,449.4,196.45,252.94
2023-03-01,Deportes,Balón,Norte,Tarjeta de Crédito,2,50.4,21.61,0.2,80.63,43.21,37.42
2023-03-01,Hogar,Cama,Centro,Transferencia,5,26.64,19.38,0.0,133.2,96.92,36.29
2023-03-01,Ropa,Zapatos,Centro,Tarjeta de Crédito,1,164.09,72.54,0.0,164.09,72.54,91.55
2023-03-01,Juguetes,Peluche,Centro,Transferencia,5,278.59,117.35,0.0,1392.94,586.77,806.17
2023-03-01,Ropa,Zapatos,Centro,PayPal,4,27.67,15.89,0.2,88.54,63.58,24.96
2023-03-01,Electrónica,Auriculares,Centro,Tarjeta de Crédito,5,170.95,85.5,0.0,854.75,427.48,427.27
2023-03-01,Juguetes,Puzzle,Norte,Efectivo,3,270.28,158.2,0.0,810.83,474.61,336.22
2023-03-01,Ropa,Gorra,Centro,PayPal,8,149.93,62.47,0.0,1199.44,499.77,699.66
2023-03-01,Ropa,Zapatos,Norte,Transferencia,5,284.54,151.11,0.0,1422.69,755.56,667.13
2023-03-02,Hogar,Mesa,Oeste,Efectivo,5,232.64,159.28,0.2,930.56,796.38,134.18
2023-03-02,Juguetes,Muñeca,Centro,Efectivo,4,239.66,105.28,0.2,766.9,421.12,345.78
2023-03-02,Electrónica,Smartphone,Centro,PayPal,2,1003.64,496.44,0.1,1806.56,992.87,813.68
2023-03-02,Ropa,Chaqueta,Norte,Efectivo,4,120.43,49.73,0.0,481.72,198.93,282.79
2023-03-02,Deportes,Cinta de correr,Oeste,PayPal,5,133.51,94.41,0.15,567.44,472.07,95.37
2023-03-02,Deportes,Balón,Sur,Transferencia,9,12.01,7.5,0.0,108.06,67.46,40.6
2023-03-02,Ropa,Pantalón,Oeste,Efectivo,10,260.0,161.57,0.0,2600.01,1615.68,984.32
2023-03-02,Juguetes,Lego,Norte,Tarjeta de Crédito,8,269.92,147.89,0.0,2159.39,1183.13,976.26
2023-03-02,Juguetes,Peluche,Oeste,Efectivo,4,297.68,143.1,0.0,1190.7,572.39,618.31
2023-03-02,Deportes,Balón,Este,Transferencia,5,316.52,129.25,0.0,1582.62,646.24,936.37
2023-03-02,Electrónica,Tablet,Centro,Transferencia,2,1447.02,674.06,0.0,2894.03,1348.11,1545.92
2023-03-02,Deportes,Bicicleta,Oeste,PayPal,6,188.01,100.85,0.05,1071.67,605.11,466.56
2023-03-02,Ropa,Camiseta,Este,PayPal,6,164.46,76.49,0.0,986.78,458.93,527.85
2023-03-03,Electrónica,Tablet,Norte,PayPal,7,430.69,231.5,0.05,2864.06,1620.53,1243.53
2023-03-03,Juguetes,Muñeca,Norte,PayPal,8,298.21,141.22,0.05,2266.4,1129.77,1136.63
2023-03-03,Deportes,Balón,Centro,Transferencia,2,297.61,133.38,0.0,595.22,266.76,328.46
2023-03-03,Ropa,Zapatos,Norte,PayPal,6,315.62,120.66,0.0,1893.73,723.97,1169.76
2023-03-03,Ropa,Chaqueta,Este,PayPal,7,179.18,101.5,0.0,1254.23,710.53,543.7
2023-03-03,Electrónica,Tablet,Este,Efectivo,3,786.98,325.79,0.1,2124.85,977.36,1147.49
2023-03-03,Electrónica,Smartwatch,Sur,Efectivo,9,1077.28,688.16,0.1,8725.99,6193.43,2532.56
2023-03-03,Juguetes,Coche RC,Este,Tarjeta de Crédito,2,134.07,57.04,0.0,268.13,114.08,154.05
2023-03-03,Juguetes,Lego,Norte,Tarjeta de Crédito,2,180.84,91.98,0.0,361.69,183.96,177.72
2023-03-03,Ropa,Chaqueta,Centro,Tarjeta de Crédito,3,156.51,62.28,0.0,469.53,186.84,282.68
2023-03-03,Hogar,Lámpara,Norte,Tarjeta de Crédito,3,166.81,69.25,0.1,450.4,207.75,242.65
2023-03-03,Electrónica,Tablet,Sur,Tarjeta de Crédito,8,250.46,163.55,0.0,2003.67,1308.41,695.26
2023-03-03,Deportes,Bicicleta,Oeste,Efectivo,4,151.27,74.89,0.1,544.58,299.57,245.01
2023-03-04,Electrónica,Smartwatch,Este,Transferencia,5,240.56,130.96,0.0,1202.81,654.79,548.03
2023-03-04,Juguetes,Muñeca,Centro,PayPal,4,180.81,108.96,0.0,723.24,435.84,287.4
2023-03-04,Hogar,Silla,Norte,Efectivo,7,72.65,43.38,0.1,457.7,303.65,154.05
2023-03-04,Deportes,Balón,Centro,Transferencia,8,94.26,57.21,0.15,640.99,457.66,183.33
2023-03-04,Hogar,Silla,Centro,Efectivo,2,193.63,85.04,0.2,309.8,170.08,139.73
2023-03-04,Deportes,Balón,Oeste,PayPal,2,125.81,64.91,0.15,213.88,129.82,84.05
2023-03-04,Hogar,Silla,Oeste,Transferencia,3,213.65,113.72,0.1,576.86,341.15,235.71
2023-03-04,Ropa,Camiseta,Centro,Transferencia,1,240.84,109.29,0.0,240.84,109.29,131.55
2023-03-04,Ropa,Pantalón,Norte,PayPal,2,208.44,100.69,0.0,416.88,201.39,215.49
2023-03-04,Hogar,Mesa,Norte,Efectivo,9,277.06,169.54,0.2,1994.85,1525.85,469.0
2023-03-04,Electrónica,Laptop,Oeste,PayPal,10,929.59,540.92,0.0,9295.89,5409.16,3886.73
2023-03-05,Ropa,Zapatos,Este,Tarjeta de Crédito,8,71.94,34.49,0.0,575.5,275.92,299.58
2023-03-05,Ropa,Pantalón,Sur,Transferencia,9,210.87,99.93,0.1,1708.05,899.34,808.7
2023-03-05,Ropa,Chaqueta,Centro,Tarjeta de Crédito,7,204.56,97.08,0.1,1288.7,679.58,609.11
2023-03-05,Hogar,Silla,Este,PayPal,6,129.82,76.91,0.1,701.02,461.45,239.57
2023-03-05,Electrónica,Tablet,Oeste,Transferencia,10,425.55,218.19,0.1,3829.91,2181.92,1647.99
2023-03-05,Juguetes,Lego,Norte,Transferencia,5,331.25,203.08,0.0,1656.24,1015.41,640.83
2023-03-05,Deportes,Bicicleta,Este,Efectivo,7,97.79,48.67,0.2,547.61,340.72,206.89
2023-03-05,Electrónica,Smartwatch,Sur,Tarjeta de Crédito,10,1188.49,679.5,0.0,11884.92,6795.04,5089.88
2023-03-05,Ropa,Chaqueta,Sur,PayPal,10,60.85,33.9,0.15,517.2,339.03,178.17
2023-03-05,Electrónica,Laptop,Oeste,Efectivo,8,48.22,20.46,0.15,327.91,163.72,164.2
2023-03-05,Electrónica,Tablet,Norte,PayPal,3,22.53,9.3,0.05,64.22,27.89,36.33
2023-03-05,Deportes,Cinta de correr,Este,Efectivo,8,97.24,34.62,0.15,661.23,276.97,384.26
2023-03-06,Deportes,Raqueta,Norte,Transferencia,3,37.18,20.03,0.1,100.38,60.1,40.27
2023-03-06,Deportes,Bicicleta,Oeste,Transferencia,1,102.41,57.04,0.05,97.29,57.04,40.26
2023-03-06,Juguetes,Lego,Norte,PayPal,9,272.77,142.06,0.2,1963.92,1278.52,685.39
2023-03-06,Juguetes,Coche RC,Oeste,Tarjeta de Crédito,6,66.98,41.76,0.0,401.9,250.58,151.32
2023-03-06,Electrónica,Smartphone,Este,Transferencia,4,1346.32,563.51,0.2,4308.24,2254.02,2054.22
2023-03-06,Electrónica,Tablet,Centro,Tarjeta de Crédito,2,361.05,138.61,0.1,649.89,277.21,372.68
2023-03-06,Deportes,Cinta de correr,Oeste,Efectivo,10,241.17,114.78,0.0,2411.74,1147.83,1263.91
2023-03-06,Electrónica,Smartphone,Este,Transferencia,4,62.87,22.92,0.2,201.17,91.68,109.49
2023-03-06,Electrónica,Smartphone,Este,PayPal,8,725.41,344.85,0.15,4932.8,2758.79,2174.01
2023-03-06,Deportes,Cinta de correr,Norte,Transferencia,2,101.17,45.61,0.2,161.87,91.22,70.65
2023-03-06,Hogar,Cama,Sur,Efectivo,2,107.78,61.79,0.0,215.55,123.58,91.97
2023-03-06,Juguetes,Coche RC,Oeste,Transferencia,2,181.71,109.64,0.05,345.24,219.28,125.96
2023-03-06,Electrónica,Auriculares,Centro,Efectivo,2,683.91,330.28,0.05,1299.43,660.57,638.86
2023-03-06,Juguetes,Coche RC,Sur,Tarjeta de Crédito,1,32.01,18.73,0.0,32.01,18.73,13.28
2023-03-07,Juguetes,Peluche,Norte,Tarjeta de Crédito,6,278.47,168.89,0.0,1670.83,1013.37,657.46
2023-03-07,Deportes,Pesas,Centro,Efectivo,2,53.85,40.7,0.2,86.16,81.4,4.76
2023-03-07,Electrónica,Auriculares,Oeste,Efectivo,3,372.02,131.13,0.0,1116.05,393.39,722.66
2023-03-07,Electrónica,Smartphone,Sur,Transferencia,8,691.49,262.39,0.15,4702.14,2099.13,2603.01
2023-03-07,Juguetes,Puzzle,Norte,Efectivo,1,55.1,32.13,0.0,55.1,32.13,22.97
2023-03-07,Electrónica,Laptop,Oeste,Efectivo,7,538.66,347.16,0.0,3770.61,2430.1,1340.51
2023-03-07,Deportes,Cinta de correr,Este,Tarjeta de Crédito,1,184.39,98.06,0.1,165.95,98.06,67.89
2023-03-07,Electrónica,Laptop,Norte,Efectivo,2,909.93,587.5,0.1,1637.88,1174.99,462.89
2023-03-07,Juguetes,Coche RC,Sur,Tarjeta de Crédito,8,211.21,98.07,0.0,1689.66,784.52,905.14
2023-03-07,Ropa,Zapatos,Centro,Tarjeta de Crédito,3,87.65,47.53,0.1,236.66,142.58,94.08
2023-03-07,Hogar,Mesa,Sur,Efectivo,5,288.84,171.55,0.1,1299.76,857.77,441.99
2023-03-08,Ropa,Chaqueta,Centro,Efectivo,10,267.16,141.39,0.0,2671.6,1413.89,1257.7
2023-03-08,Juguetes,Puzzle,Sur,Transferencia,2,225.72,82.12,0.15,383.72,164.24,219.49
2023-03-08,Hogar,Sofá,Sur,PayPal,5,303.79,128.4,0.1,1367.06,641.99,725.06
2023-03-08,Electrónica,Smartphone,Sur,Transferencia,3,670.9,334.3,0.0,2012.69,1002.9,1009.8
2023-03-08,Juguetes,Muñeca,Este,PayPal,9,219.03,122.16,0.15,1675.59,1099.45,576.14
2023-03-08,Deportes,Bicicleta,Este,PayPal,6,171.43,91.9,0.0,1028.58,551.4,477.18
2023-03-08,Hogar,Cama,Sur,Transferencia,8,232.03,122.85,0.1,1670.61,982.78,687.82
2023-03-08,Deportes,Raqueta,Norte,PayPal,4,44.5,21.32,0.0,178.0,85.3,92.7
2023-03-08,Electrónica,Auriculares,Norte,Tarjeta de Crédito,10,1505.52,901.88,0.0,15055.16,9018.83,6036.33
2023-03-08,Hogar,Mesa,Centro,Transferencia,2,97.17,36.44,0.0,194.35,72.88,121.47
2023-03-08,Ropa,Gorra,Este,Efectivo,4,97.53,52.69,0.2,312.09,210.75,101.34
2023-03-08,Deportes,Balón,Centro,PayPal,2,73.86,35.22,0.15,125.57,70.44,55.12
2023-03-08,Ropa,Gorra,Oeste,Transferencia,2,230.28,163.65,0.0,460.57,327.31,133.26
2023-03-08,Ropa,Pantalón,Este,Tarjeta de Crédito,1,289.09,168.7,0.0,289.09,168.7,120.39
2023-03-08,Juguetes,Lego,Oeste,PayPal,5,163.36,109.18,0.0,816.8,545.9,270.9
2023-03-09,Hogar,Mesa,Centro,PayPal,6,100.77,45.77,0.15,513.92,274.6,239.33
2023-03-09,Deportes,Cinta de correr,Centro,PayPal,5,182.56,117.07,0.0,912.8,585.33,327.47
2023-03-09,Hogar,Cama,Oeste,PayPal,7,267.94,142.11,0.05,1781.8,994.78,787.02
2023-03-09,Deportes,Raqueta,Sur,Tarjeta de Crédito,6,216.59,122.04,0.2,1039.63,732.24,307.39
2023-03-09,Juguetes,Lego,Este,Transferencia,1,99.64,59.32,0.05,94.66,59.32,35.34
2023-03-09,Deportes,Raqueta,Centro,Transferencia,6,212.52,107.78,0.2,1020.09,646.65,373.44
2023-03-09,Hogar,Sofá,Norte,Tarjeta de Crédito,7,86.14,38.19,0.0,602.96,267.3,335.65
2023-03-09,Juguetes,Muñeca,Norte,Tarjeta de Crédito,4,65.36,39.17,0.0,261.43,156.68,104.75
2023-03-09,Hogar,Lámpara,Norte,Efectivo,5,283.23,130.11,0.0,1416.13,650.55,765.58
2023-03-09,Deportes,Bicicleta,Norte,Efectivo,9,11.43,6.55,0.05,97.74,58.99,38.76
2023-03-09,Deportes,Pesas,Este,Tarjeta de Crédito,6,142.14,92.83,0.1,767.56,556.96,210.6
2023-03-09,Juguetes,Puzzle,Este,Transferencia,2,94.04,41.68,0.05,178.67,83.36,95.31
2023-03-09,Deportes,Balón,Sur,PayPal,10,267.32,164.34,0.0,2673.16,1643.44,1029.72
2023-03-09,Juguetes,Peluche,Oeste,Transferencia,8,19.03,9.17,0.05,144.64,73.39,71.25
2023-03-09,Deportes,Bicicleta,Sur,Efectivo,2,256.65,88.5,0.0,513.3,176.99,336.31
2023-03-09,Hogar,Cama,Sur,Efectivo,9,171.02,92.15,0.0,1539.21,829.38,709.82
2023-03-09,Deportes,Cinta de correr,Norte,Efectivo,9,60.5,33.75,0.2,435.6,303.75,131.85
2023-03-09,Hogar,Sofá,Oeste,PayPal,3,150.67,68.11,0.05,429.41,204.33,225.09
2023-03-10,Electrónica,Auriculares,Norte,Efectivo,1,28.47,16.67,0.0,28.47,16.67,11.8
2023-03-10,Hogar,Mesa,Norte,Tarjeta de Crédito,1,117.69,47.07,0.0,117.69,47.07,70.62
2023-03-10,Ropa,Gorra,Este,Efectivo,1,247.38,119.34,0.05,235.01,119.34,115.67
2023-03-10,Hogar,Cama,Oeste,PayPal,6,212.08,98.75,0.0,1272.46,592.49,679.97
2023-03-10,Juguetes,Coche RC,Centro,Transferencia,2,48.54,24.9,0.15,82.52,49.79,32.72
2023-03-10,Hogar,Silla,Este,Tarjeta de Crédito,1,75.39,33.56,0.1,67.85,33.56,34.29
2023-03-10,Deportes,Balón,Oeste,Transferencia,4,206.64,124.85,0.0,826.55,499.42,327.13
2023-03-10,Deportes,Raqueta,Centro,Tarjeta de Crédito,9,11.45,6.77,0.05,97.88,60.93,36.95
2023-03-10,Juguetes,Muñeca,Sur,Tarjeta de Crédito,4,19.98,12.97,0.15,67.94,51.9,16.04
2023-03-10,Deportes,Cinta de correr,Centro,PayPal,8,63.78,42.29,0.0,510.21,338.3,171.9
2023-03-10,Ropa,Zapatos,Sur,Transferencia,6,227.39,126.17,0.0,1364.37,757.0,607.36
2023-03-10,Juguetes,Peluche,Oeste,Transferencia,9,278.12,96.7,0.1,2252.79,870.32,1382.46
2023-03-10,Deportes,Bicicleta,Oeste,Tarjeta de Crédito,6,58.37,26.4,0.0,350.2,158.41,191.79
2023-03-11,Ropa,Gorra,Sur,PayPal,7,269.6,126.07,0.0,1887.21,882.46,1004.76
2023-03-11,Deportes,Cinta de correr,Centro,PayPal,1,146.44,106.05,0.0,146.44,106.05,40.39
2023-03-11,Electrónica,Smartphone,Sur,Tarjeta de Crédito,7,1064.16,484.87,0.0,7449.12,3394.08,4055.04
2023-03-11,Hogar,Mesa,Este,PayPal,1,23.98,13.52,0.15,20.38,13.52,6.87
2023-03-11,Hogar,Silla,Oeste,Transferencia,10,208.54,99.82,0.0,2085.39,998.25,1087.15
2023-03-11,Hogar,Lámpara,Oeste,Transferencia,5,237.28,120.19,0.05,1127.06,600.93,526.13
2023-03-11,Ropa,Gorra,Oeste,Efectivo,5,203.17,85.51,0.1,914.27,427.57,486.7
2023-03-11,Electrónica,Laptop,Este,Tarjeta de Crédito,9,938.33,397.15,0.2,6756.01,3574.33,3181.68
2023-03-11,Electrónica,Smartphone,Este,Tarjeta de Crédito,8,895.06,374.73,0.0,7160.52,2997.86,4162.66
2023-03-11,Electrónica,Smartwatch,Este,Tarjeta de Crédito,3,1658.66,754.9,0.0,4975.98,2264.7,2711.28
2023-03-11,Juguetes,Puzzle,Este,Tarjeta de Crédito,3,14.36,10.01,0.1,38.77,30.04,8.73
2023-03-11,Ropa,Camiseta,Oeste,PayPal,4,147.68,91.94,0.15,502.11,367.75,134.36
2023-03-11,Electrónica,Smartphone,Centro,Tarjeta de Crédito,6,988.91,390.71,0.0,5933.44,2344.28,3589.16
2023-03-12,Ropa,Camiseta,Sur,Efectivo,1,229.98,98.82,0.15,195.49,98.82,96.66
2023-03-12,Electrónica,Laptop,Oeste,PayPal,8,21.83,11.65,0.2,139.7,93.18,46.52
2023-03-12,Ropa,Gorra,Centro,Tarjeta de Crédito,3,122.01,46.98,0.15,311.12,140.93,170.19
2023-03-12,Deportes,Raqueta,Oeste,PayPal,5,248.51,160.41,0.0,1242.53,802.04,440.49
2023-03-12,Juguetes,Puzzle,Centro,PayPal,5,220.31,144.43,0.05,1046.49,722.17,324.33
2023-03-12,Ropa,Chaqueta,Sur,Transferencia,5,264.94,171.1,0.15,1125.98,855.51,270.47
2023-03-12,Juguetes,Puzzle,Centro,Transferencia,4,262.83,118.36,0.1,946.17,473.45,472.72
2023-03-12,Hogar,Mesa,Este,Efectivo,4,26.24,12.98,0.2,83.97,51.9,32.06
2023-03-12,Electrónica,Smartphone,Centro,Transferencia,9,1047.49,491.95,0.0,9427.38,4427.53,4999.85
2023-03-12,Ropa,Chaqueta,Sur,Transferencia,2,14.96,7.44,0.05,28.43,14.89,13.54
2023-03-12,Hogar,Cama,Centro,Transferencia,8,61.85,39.88,0.2,395.85,319.0,76.85
2023-03-12,Deportes,Balón,Centro,PayPal,1,15.58,6.48,0.0,15.58,6.48,9.1
2023-03-12,Deportes,Balón,Centro,Efectivo,5,70.8,42.99,0.0,353.99,214.96,139.02
2023-03-12,Juguetes,Peluche,Centro,Transferencia,8,12.73,5.45,0.2,81.49,43.57,37.93
2023-03-12,Juguetes,Coche RC,Oeste,Efectivo,2,164.74,63.72,0.0,329.49,127.43,202.05
2023-03-12,Electrónica,Tablet,Norte,Tarjeta de Crédito,6,972.83,410.4,0.05,5545.15,2462.37,3082.77
2023-03-12,Hogar,Cama,Centro,PayPal,3,34.35,16.03,0.1,92.73,48.09,44.64
2023-03-12,Ropa,Zapatos,Sur,Tarjeta de Crédito,5,124.12,74.47,0.2,496.47,372.35,124.12
2023-03-12,Deportes,Bicicleta,Centro,PayPal,1,38.46,18.7,0.15,32.69,18.7,13.99
2023-03-12,Juguetes,Muñeca,Sur,Tarjeta de Crédito,2,69.13,44.95,0.05,131.35,89.9,41.45
2023-03-13,Hogar,Cama,Oeste,Tarjeta de Crédito,2,24.07,14.75,0.0,48.15,29.5,18.65
2023-03-13,Electrónica,Smartwatch,Norte,Tarjeta de Crédito,2,205.33,122.68,0.05,390.12,245.37,144.75
2023-03-13,Ropa,Zapatos,Oeste,PayPal,1,56.85,23.45,0.0,56.85,23.45,33.41
2023-03-13,Deportes,Bicicleta,Este,Transferencia,3,98.1,46.28,0.1,264.88,138.85,126.03
2023-03-13,Hogar,Cama,Oeste,PayPal,1,189.74,106.84,0.15,161.28,106.84,54.44
2023-03-13,Ropa,Zapatos,Norte,Tarjeta de Crédito,4,41.89,28.84,0.0,167.57,115.38,52.19
2023-03-13,Juguetes,Lego,Norte,PayPal,7,218.88,125.22,0.0,1532.15,876.57,655.59
2023-03-13,Hogar,Cama,Centro,Efectivo,1,255.89,175.42,0.0,255.89,175.42,80.47
2023-03-13,Deportes,Bicicleta,Norte,PayPal,6,12.65,6.9,0.0,75.91,41.42,34.49
2023-03-13,Hogar,Mesa,Norte,PayPal,7,156.52,78.94,0.1,986.06,552.56,433.5
2023-03-13,Ropa,Camiseta,Sur,Efectivo,5,68.06,29.26,0.05,323.3,146.31,176.99
2023-03-13,Electrónica,Smartphone,Oeste,PayPal,9,990.6,495.99,0.15,7578.06,4463.93,3114.13
2023-03-13,Deportes,Bicicleta,Este,Tarjeta de Crédito,3,288.42,106.13,0.0,865.25,318.4,546.85
2023-03-13,Deportes,Pesas,Oeste,Efectivo,5,81.68,47.51,0.1,367.57,237.55,130.02
2023-03-13,Hogar,Lámpara,Centro,PayPal,6,155.7,69.11,0.0,934.2,414.66,519.54
2023-03-13,Hogar,Mesa,Este,Efectivo,6,304.49,162.29,0.0,1826.93,973.75,853.18
2023-03-13,Deportes,Cinta de correr,Sur,Transferencia,6,84.87,41.08,0.0,509.2,246.46,262.74
2023-03-13,Hogar,Lámpara,Norte,Transferencia,1,81.71,38.82,0.1,73.54,38.82,34.72
2023-03-13,Deportes,Pesas,Oeste,Tarjeta de Crédito,6,40.86,25.11,0.0,245.18,150.68,94.5
2023-03-14,Deportes,Pesas,Oeste,Transferencia,1,104.32,46.29,0.0,104.32,46.29,58.03
2023-03-14,Deportes,Balón,Oeste,Efectivo,3,75.49,37.5,0.2,181.18,112.5,68.68
2023-03-14,Deportes,Balón,Centro,Transferencia,3,75.14,41.06,0.0,225.43,123.18,102.24
2023-03-14,Juguetes,Muñeca,Sur,Transferencia,6,126.23,57.42,0.05,719.49,344.52,374.96
2023-03-14,Hogar,Silla,Oeste,PayPal,5,169.73,85.71,0.15,721.36,428.57,292.79
2023-03-14,Deportes,Pesas,Oeste,Efectivo,6,149.33,84.48,0.1,806.4,506.88,299.52
2023-03-14,Ropa,Pantalón,Norte,PayPal,5,13.33,6.26,0.0,66.67,31.29,35.37
2023-03-14,Electrónica,Auriculares,Centro,Transferencia,9,273.67,108.47,0.15,2093.58,976.24,1117.34
2023-03-14,Deportes,Raqueta,Sur,PayPal,4,265.49,185.2,0.05,1008.87,740.81,268.06
2023-03-14,Juguetes,Lego,Sur,Tarjeta de Crédito,8,38.3,23.57,0.1,275.74,188.53,87.21
2023-03-14,Ropa,Camiseta,Norte,Efectivo,3,63.84,41.86,0.0,191.52,125.57,65.95
2023-03-14,Ropa,Chaqueta,Centro,Transferencia,1,215.73,101.12,0.0,215.73,101.12,114.61
2023-03-15,Ropa,Camiseta,Sur,PayPal,5,139.23,72.91,0.0,696.15,364.54,331.62
2023-03-15,Juguetes,Peluche,Sur,Tarjeta de Crédito,7,36.74,19.87,0.2,205.72,139.09,66.64
2023-03-15,Juguetes,Puzzle,Este,PayPal,4,50.23,30.07,0.2,160.75,120.26,40.48
2023-03-15,Juguetes,Muñeca,Sur,Tarjeta de Crédito,3,102.66,56.42,0.0,307.98,169.27,138.7
2023-03-15,Electrónica,Auriculares,Norte,Efectivo,1,513.8,235.06,0.2,411.04,235.06,175.99
2023-03-15,Electrónica,Tablet,Este,PayPal,2,135.45,63.42,0.0,270.89,126.83,144.06
2023-03-15,Ropa,Zapatos,Sur,Efectivo,9,51.71,19.73,0.15,395.56,177.56,218.0
2023-03-15,Deportes,Balón,Centro,Tarjeta de Crédito,5,181.41,77.2,0.0,907.05,385.98,521.07
2023-03-15,Deportes,Cinta de correr,Este,Tarjeta de Crédito,8,27.38,12.95,0.2,175.25,103.61,71.63
2023-03-15,Juguetes,Lego,Sur,PayPal,6,117.82,60.64,0.05,671.58,363.84,307.74
2023-03-15,Hogar,Sofá,Oeste,Efectivo,4,167.21,82.53,0.0,668.85,330.11,338.74
2023-03-15,Electrónica,Tablet,Este,Transferencia,1,49.27,28.4,0.0,49.27,28.4,20.87
2023-03-15,Deportes,Bicicleta,Norte,Tarjeta de Crédito,3,179.13,92.66,0.0,537.4,277.97,259.42
2023-03-15,Deportes,Cinta de correr,Centro,Efectivo,9,150.99,94.22,0.2,1087.1,847.98,239.12
2023-03-16,Ropa,Camiseta,Oeste,Efectivo,8,19.41,9.89,0.0,155.29,79.12,76.17
2023-03-16,Ropa,Gorra,Norte,PayPal,3,152.38,79.71,0.0,457.13,239.13,218.0
2023-03-16,Deportes,Balón,Norte,Tarjeta de Crédito,3,232.41,147.34,0.0,697.23,442.02,255.21
2023-03-16,Juguetes,Peluche,Oeste,PayPal,3,88.21,49.13,0.15,224.94,147.39,77.54
2023-03-16,Electrónica,Smartwatch,Norte,PayPal,9,1610.15,818.68,0.15,12317.68,7368.12,4949.55
2023-03-16,Hogar,Cama,Este,PayPal,7,16.16,8.73,0.2,90.48,61.09,29.39
2023-03-16,Electrónica,Smartphone,Norte,Tarjeta de Crédito,8,1378.82,843.97,0.2,8824.44,6751.78,2072.67
2023-03-16,Ropa,Chaqueta,Este,Efectivo,6,304.61,138.18,0.2,1462.12,829.07,633.05
2023-03-16,Deportes,Pesas,Sur,Efectivo,2,329.53,125.26,0.15,560.2,250.51,309.69
2023-03-17,Juguetes,Puzzle,Sur,PayPal,3,184.28,105.78,0.0,552.85,317.35,235.5
2023-03-17,Juguetes,Peluche,Norte,Tarjeta de Crédito,7,147.0,85.6,0.1,926.1,599.22,326.88
2023-03-17,Hogar,Mesa,Este,Tarjeta de Crédito,9,129.1,63.67,0.0,1161.91,572.99,588.92
2023-03-17,Ropa,Chaqueta,Este,PayPal,1,145.33,87.33,0.0,145.33,87.33,58.0
2023-03-17,Hogar,Cama,Sur,Tarjeta de Crédito,7,95.82,44.29,0.0,670.71,310.0,360.7
2023-03-17,Ropa,Pantalón,Norte,PayPal,7,295.82,126.58,0.2,1656.56,886.05,770.51
2023-03-17,Hogar,Lámpara,Este,Efectivo,2,221.22,136.51,0.05,420.32,273.02,147.3
2023-03-17,Deportes,Cinta de correr,Oeste,PayPal,4,243.99,152.21,0.0,975.95,608.86,367.09
2023-03-17,Ropa,Zapatos,Oeste,Tarjeta de Crédito,8,55.69,33.07,0.15,378.72,264.6,114.12
2023-03-17,Deportes,Pesas,Sur,Tarjeta de Crédito,9,204.81,89.29,0.2,1474.66,803.65,671.01
2023-03-17,Juguetes,Puzzle,Norte,Tarjeta de Crédito,1,95.05,55.08,0.05,90.3,55.08,35.22
2023-03-17,Deportes,Balón,Oeste,Efectivo,7,175.69,107.06,0.1,1106.85,749.42,357.43
2023-03-17,Ropa,Chaqueta,Norte,PayPal,7,257.58,181.28,0.1,1622.74,1268.97,353.77
2023-03-18,Ropa,Gorra,Centro,Transferencia,3,263.94,110.48,0.15,673.04,331.43,341.61
2023-03-18,Hogar,Silla,Oeste,PayPal,5,175.64,113.73,0.0,878.19,568.67,309.52
2023-03-18,Electrónica,Tablet,Oeste,Tarjeta de Crédito,2,976.87,531.06,0.0,1953.74,1062.13,891.62
2023-03-18,Hogar,Cama,Oeste,Transferencia,5,74.08,50.17,0.1,333.37,250.86,82.51
2023-03-18,Juguetes,Muñeca,Sur,PayPal,7,195.1,105.25,0.2,1092.57,736.78,355.8
2023-03-18,Hogar,Silla,Norte,Efectivo,3,307.28,162.67,0.0,921.85,488.0,433.85
2023-03-18,Electrónica,Smartwatch,Centro,Tarjeta de Crédito,1,682.07,326.4,0.2,545.66,326.4,219.25
2023-03-18,Deportes,Pesas,Oeste,Tarjeta de Crédito,4,115.68,53.49,0.05,439.57,213.97,225.6
2023-03-18,Deportes,Pesas,Norte,Transferencia,1,102.67,61.88,0.2,82.13,61.88,20.25
2023-03-18,Juguetes,Peluche,Este,Transferencia,8,175.03,64.53,0.05,1330.23,516.21,814.03
2023-03-18,Juguetes,Lego,Este,Transferencia,9,182.92,100.77,0.15,1399.37,906.89,492.48
2023-03-18,Juguetes,Lego,Centro,Efectivo,4,85.62,45.8,0.2,273.98,183.19,90.8
2023-03-18,Electrónica,Laptop,Este,PayPal,2,266.83,159.79,0.15,453.61,319.59,134.02
2023-03-18,Hogar,Cama,Sur,PayPal,6,186.45,70.34,0.05,1062.75,422.02,640.74
2023-03-18,Hogar,Silla,Este,Tarjeta de Crédito,2,46.15,26.67,0.15,78.46,53.33,25.13
2023-03-19,Deportes,Pesas,Este,Tarjeta de Crédito,8,89.11,53.28,0.0,712.89,426.24,286.66
2023-03-19,Ropa,Chaqueta,Centro,Transferencia,8,211.9,101.88,0.0,1695.17,815.05,880.12
2023-03-19,Ropa,Pantalón,Norte,Transferencia,7,257.79,178.88,0.2,1443.64,1252.17,191.47
2023-03-19,Ropa,Camiseta,Sur,Tarjeta de Crédito,10,75.06,33.98,0.1,675.53,339.8,335.73
2023-03-19,Electrónica,Auriculares,Centro,Efectivo,1,865.01,520.87,0.0,865.01,520.87,344.14
2023-03-19,Juguetes,Muñeca,Centro,Tarjeta de Crédito,10,234.13,137.19,0.1,2107.19,1371.88,735.31
2023-03-19,Ropa,Pantalón,Sur,PayPal,8,256.94,110.65,0.15,1747.21,885.16,862.05
2023-03-19,Hogar,Cama,Oeste,Transferencia,2,269.92,145.86,0.0,539.85,291.72,248.12
2023-03-19,Hogar,Sofá,Este,Transferencia,1,141.8,90.69,0.0,141.8,90.69,51.11
2023-03-19,Ropa,Chaqueta,Sur,Efectivo,6,277.23,173.45,0.2,1330.69,1040.7,289.99
2023-03-19,Ropa,Pantalón,Este,Efectivo,9,136.38,78.67,0.0,1227.41,708.05,519.35
2023-03-19,Deportes,Bicicleta,Oeste,Efectivo,10,249.84,115.53,0.05,2373.52,1155.26,1218.26
2023-03-20,Electrónica,Tablet,Oeste,Transferencia,5,1208.28,509.45,0.15,5135.18,2547.26,2587.91
2023-03-20,Juguetes,Coche RC,Norte,Tarjeta de Crédito,1,165.12,109.48,0.05,156.87,109.48,47.38
2023-03-20,Ropa,Chaqueta,Este,Transferencia,10,228.04,125.95,0.15,1938.32,1259.5,678.82
2023-03-20,Deportes,Pesas,Oeste,Efectivo,8,237.46,179.72,0.0,1899.67,1437.75,461.92
2023-03-20,Hogar,Mesa,Centro,Efectivo,6,194.84,132.68,0.2,935.22,796.08,139.14
2023-03-20,Electrónica,Tablet,Este,Transferencia,5,231.88,134.56,0.0,1159.39,672.81,486.58
2023-03-20,Ropa,Pantalón,Sur,PayPal,1,22.93,13.11,0.0,22.93,13.11,9.82
2023-03-20,Electrónica,Tablet,Este,Tarjeta de Crédito,6,298.84,164.82,0.0,1793.06,988.95,804.11
2023-03-20,Deportes,Raqueta,Centro,Transferencia,5,45.05,27.27,0.1,202.71,136.37,66.33
2023-03-20,Electrónica,Smartphone,Este,Transferencia,6,956.51,462.54,0.1,5165.17,2775.26,2389.92
2023-03-20,Ropa,Pantalón,Centro,PayPal,8,190.13,124.41,0.2,1216.85,995.26,221.59
2023-03-20,Juguetes,Lego,Sur,Transferencia,7,158.54,95.22,0.2,887.8,666.55,221.25
2023-03-20,Deportes,Bicicleta,Oeste,Tarjeta de Crédito,7,130.52,74.15,0.0,913.67,519.02,394.65
2023-03-20,Hogar,Silla,Sur,Efectivo,4,173.36,101.77,0.0,693.43,407.07,286.36
2023-03-20,Electrónica,Auriculares,Centro,Efectivo,7,94.57,50.09,0.2,529.59,350.61,178.98
2023-03-20,Deportes,Pesas,Oeste,Efectivo,6,49.83,22.82,0.0,299.01,136.93,162.08
2023-03-20,Deportes,Cinta de correr,Oeste,Efectivo,9,14.97,7.6,0.0,134.72,68.39,66.33
2023-03-20,Electrónica,Tablet,Sur,Tarjeta de Crédito,9,986.37,545.8,0.0,8877.36,4912.24,3965.13
2023-03-20,Ropa,Pantalón,Este,Transferencia,5,43.95,17.13,0.15,186.8,85.64,101.15
2023-03-20,Electrónica,Auriculares,Oeste,Efectivo,4,1452.54,859.02,0.2,4648.12,3436.08,1212.04
2023-03-21,Deportes,Cinta de correr,Centro,Transferencia,10,347.36,138.87,0.0,3473.55,1388.68,2084.88
2023-03-21,Juguetes,Coche RC,Este,PayPal,9,18.24,10.83,0.0,164.2,97.47,66.73
2023-03-21,Ropa,Gorra,Norte,PayPal,2,52.29,27.22,0.0,104.59,54.43,50.15
2023-03-21,Deportes,Pesas,Norte,Transferencia,4,62.59,26.49,0.1,225.33,105.94,119.39
2023-03-21,Hogar,Lámpara,Este,Efectivo,4,95.98,47.27,0.15,326.33,189.07,137.26
2023-03-21,Electrónica,Laptop,Norte,Efectivo,3,562.13,415.17,0.1,1517.74,1245.51,272.23
2023-03-21,Hogar,Cama,Oeste,Transferencia,6,33.91,14.02,0.05,193.27,84.14,109.13
2023-03-21,Hogar,Silla,Centro,Transferencia,5,221.62,138.35,0.0,1108.08,691.77,416.31
2023-03-21,Ropa,Chaqueta,Este,Tarjeta de Crédito,9,155.61,75.44,0.1,1260.41,678.97,581.45
2023-03-21,Juguetes,Lego,Norte,Tarjeta de Crédito,5,110.85,48.29,0.0,554.26,241.44,312.82
2023-03-21,Deportes,Bicicleta,Centro,Tarjeta de Crédito,1,67.56,33.35,0.15,57.43,33.35,24.08
2023-03-21,Juguetes,Lego,Norte,PayPal,4,55.28,24.16,0.0,221.12,96.63,124.49
2023-03-22,Hogar,Mesa,Norte,Tarjeta de Crédito,3,34.38,20.5,0.05,97.99,61.51,36.48
2023-03-22,Deportes,Bicicleta,Este,Tarjeta de Crédito,8,254.67,134.64,0.2,1629.88,1077.14,552.74
2023-03-22,Juguetes,Peluche,Oeste,Efectivo,7,16.33,10.3,0.0,114.3,72.09,42.21
2023-03-22,Juguetes,Puzzle,Norte,PayPal,10,218.87,105.3,0.05,2079.24,1052.98,1026.26
2023-03-22,Juguetes,Muñeca,Oeste,Transferencia,1,238.04,158.92,0.0,238.04,158.92,79.13
2023-03-22,Hogar,Sofá,Oeste,Efectivo,1,73.85,41.72,0.15,62.77,41.72,21.05
2023-03-22,Ropa,Camiseta,Sur,Transferencia,8,139.0,61.88,0.0,1112.04,495.01,617.03
2023-03-22,Electrónica,Auriculares,Este,Transferencia,6,947.48,500.98,0.15,4832.13,3005.91,1826.22
2023-03-22,Juguetes,Peluche,Norte,Transferencia,5,65.86,27.33,0.0,329.32,136.67,192.65
2023-03-22,Ropa,Camiseta,Norte,PayPal,3,36.24,21.01,0.1,97.84,63.03,34.81
2023-03-22,Juguetes,Muñeca,Centro,PayPal,8,32.57,16.21,0.2,208.46,129.64,78.81
2023-03-22,Deportes,Pesas,Norte,Efectivo,7,182.91,105.14,0.05,1216.36,735.98,480.37
2023-03-22,Juguetes,Coche RC,Oeste,Tarjeta de Crédito,9,266.99,128.07,0.2,1922.34,1152.59,769.75
2023-03-22,Juguetes,Puzzle,Sur,Transferencia,1,112.28,60.61,0.0,112.28,60.61,51.67
2023-03-22,Hogar,Lámpara,Norte,Efectivo,10,155.4,79.81,0.2,1243.2,798.12,445.07
2023-03-22,Electrónica,Laptop,Este,Transferencia,6,771.26,399.23,0.15,3933.43,2395.35,1538.07
2023-03-23,Hogar,Sofá,Norte,Tarjeta de Crédito,5,27.6,14.6,0.0,138.02,73.02,65.0
2023-03-23,Electrónica,Smartphone,Oeste,Tarjeta de Crédito,10,539.91,274.21,0.0,5399.07,2742.14,2656.93
2023-03-23,Ropa,Zapatos,Este,Efectivo,9,225.27,137.27,0.0,2027.43,1235.47,791.97
2023-03-23,Electrónica,Tablet,Norte,Efectivo,5,1568.94,618.28,0.15,6668.01,3091.39,3576.62
2023-03-23,Hogar,Cama,Este,Tarjeta de Crédito,3,248.66,113.41,0.1,671.38,340.22,331.16
2023-03-23,Hogar,Sofá,Oeste,Tarjeta de Crédito,2,198.27,82.11,0.0,396.55,164.21,232.34
2023-03-23,Electrónica,Smartwatch,Norte,PayPal,5,996.78,427.71,0.05,4734.73,2138.55,2596.18
2023-03-23,Juguetes,Puzzle,Oeste,Efectivo,5,202.98,75.17,0.05,964.13,375.84,588.3
2023-03-23,Electrónica,Laptop,Sur,Efectivo,9,321.73,179.36,0.0,2895.59,1614.23,1281.36
2023-03-23,Deportes,Bicicleta,Sur,Tarjeta de Crédito,9,165.35,84.34,0.0,1488.14,759.08,729.05
2023-03-23,Deportes,Balón,Norte,Transferencia,1,58.22,30.65,0.0,58.22,30.65,27.57
2023-03-23,Hogar,Silla,Este,Tarjeta de Crédito,7,86.43,43.39,0.2,483.98,303.7,180.28
2023-03-23,Electrónica,Tablet,Norte,Tarjeta de Crédito,9,809.15,317.52,0.05,6918.21,2857.7,4060.51
2023-03-23,Juguetes,Lego,Oeste,Efectivo,10,163.76,78.41,0.1,1473.87,784.14,689.73
2023-03-23,Ropa,Zapatos,Este,Efectivo,1,108.41,65.51,0.15,92.15,65.51,26.64
2023-03-23,Deportes,Pesas,Sur,Efectivo,8,290.9,163.0,0.05,2210.87,1304.03,906.84
2023-03-24,Deportes,Balón,Oeste,Efectivo,10,238.42,145.9,0.0,2384.2,1459.04,925.16
2023-03-24,Electrónica,Smartwatch,Oeste,Transferencia,1,775.52,382.39,0.0,775.52,382.39,393.13
2023-03-24,Hogar,Mesa,Norte,PayPal,10,239.54,88.98,0.05,2275.68,889.85,1385.83
2023-03-24,Electrónica,Tablet,Oeste,PayPal,1,800.37,543.43,0.2,640.3,543.43,96.87
2023-03-24,Electrónica,Auriculares,Centro,Tarjeta de Crédito,6,271.01,109.26,0.0,1626.05,655.55,970.51
2023-03-24,Juguetes,Coche RC,Este,Transferencia,2,102.61,71.93,0.1,184.69,143.86,40.83
2023-03-24,Ropa,Chaqueta,Norte,PayPal,4,20.33,9.19,0.2,65.06,36.78,28.28
2023-03-24,Deportes,Pesas,Oeste,Tarjeta de Crédito,10,256.35,122.61,0.2,2050.76,1226.14,824.63
2023-03-25,Electrónica,Smartphone,Este,PayPal,7,1407.45,815.32,0.0,9852.16,5707.21,4144.95
2023-03-25,Hogar,Sofá,Norte,Tarjeta de Crédito,6,49.91,27.58,0.0,299.46,165.51,133.96
2023-03-25,Juguetes,Lego,Norte,Efectivo,6,181.28,101.72,0.2,870.16,610.3,259.85
2023-03-25,Hogar,Silla,Sur,PayPal,8,263.45,99.17,0.0,2107.63,793.39,1314.24
2023-03-25,Hogar,Mesa,Oeste,Transferencia,9,266.6,113.63,0.0,2399.39,1022.69,1376.7
2023-03-25,Hogar,Cama,Sur,Tarjeta de Crédito,1,94.53,37.76,0.1,85.08,37.76,47.32
2023-03-25,Ropa,Zapatos,Norte,Efectivo,1,206.67,143.7,0.1,186.01,143.7,42.31
2023-03-25,Juguetes,Puzzle,Este,Transferencia,2,123.12,52.2,0.0,246.23,104.41,141.82
2023-03-25,Juguetes,Puzzle,Centro,Tarjeta de Crédito,3,293.27,168.31,0.0,879.8,504.92,374.88
2023-03-25,Deportes,Raqueta,Norte,Efectivo,4,209.92,107.56,0.1,755.72,430.24,325.48
2023-03-25,Deportes,Cinta de correr,Norte,Transferencia,3,116.24,66.7,0.1,313.86,200.11,113.75
2023-03-25,Juguetes,Muñeca,Norte,Tarjeta de Crédito,5,212.6,99.59,0.0,1063.0,497.93,565.07
2023-03-26,Juguetes,Puzzle,Centro,Tarjeta de Crédito,9,238.78,112.85,0.0,2149.02,1015.69,1133.33
2023-03-26,Ropa,Zapatos,Sur,PayPal,1,191.73,78.56,0.1,172.56,78.56,94.0
2023-03-26,Electrónica,Smartphone,Sur,Transferencia,4,620.87,289.55,0.0,2483.49,1158.19,1325.29
2023-03-26,Ropa,Pantalón,Sur,Transferencia,1,158.47,87.74,0.0,158.47,87.74,70.73
2023-03-26,Deportes,Pesas,Este,Tarjeta de Crédito,2,89.84,54.46,0.0,179.67,108.93,70.74
2023-03-26,Hogar,Cama,Norte,PayPal,5,61.61,21.58,0.1,277.24,107.91,169.33
2023-03-26,Electrónica,Laptop,Este,Transferencia,7,1041.77,406.29,0.0,7292.4,2844.0,4448.4
2023-03-26,Hogar,Lámpara,Norte,Tarjeta de Crédito,9,308.34,114.21,0.15,2358.83,1027.89,1330.94
2023-03-26,Deportes,Pesas,Norte,Transferencia,2,294.86,138.81,0.05,560.23,277.62,282.61
2023-03-26,Hogar,Lámpara,Norte,PayPal,7,241.44,119.2,0.05,1605.59,834.39,771.2
2023-03-26,Electrónica,Auriculares,Oeste,Efectivo,5,882.63,567.73,0.15,3751.18,2838.64,912.54
2023-03-26,Deportes,Pesas,Norte,PayPal,8,158.77,99.9,0.0,1270.2,799.18,471.01
2023-03-26,Deportes,Balón,Norte,PayPal,9,175.73,90.05,0.0,1581.6,810.45,771.15
2023-03-26,Juguetes,Peluche,Centro,Transferencia,9,167.71,75.86,0.15,1282.96,682.78,600.18
2023-03-26,Electrónica,Laptop,Sur,PayPal,6,954.92,692.09,0.15,4870.08,4152.51,717.57
2023-03-27,Deportes,Bicicleta,Centro,Transferencia,10,184.03,101.14,0.0,1840.33,1011.37,828.96
2023-03-27,Juguetes,Peluche,Centro,Tarjeta de Crédito,1,119.25,83.4,0.05,113.29,83.4,29.89
2023-03-27,Ropa,Zapatos,Este,Transferencia,1,255.69,119.95,0.05,242.9,119.95,122.95
2023-03-27,Juguetes,Puzzle,Norte,Transferencia,9,93.58,45.75,0.0,842.19,411.79,430.39
2023-03-27,Electrónica,Smartwatch,Este,Tarjeta de Crédito,6,729.66,520.99,0.0,4377.93,3125.96,1251.97
2023-03-27,Juguetes,Peluche,Norte,Transferencia,9,108.71,43.13,0.05,929.47,388.17,541.29
2023-03-27,Deportes,Cinta de correr,Norte,Efectivo,6,129.34,79.61,0.1,698.45,477.63,220.82
2023-03-27,Electrónica,Auriculares,Centro,PayPal,5,1283.53,610.57,0.1,5775.88,3052.84,2723.04
2023-03-27,Ropa,Chaqueta,Centro,Efectivo,8,229.78,133.98,0.0,1838.21,1071.85,766.35
2023-03-27,Deportes,Pesas,Sur,PayPal,5,21.5,12.96,0.2,86.0,64.81,21.2
2023-03-27,Ropa,Chaqueta,Sur,PayPal,2,120.36,47.81,0.15,204.61,95.63,108.98
2023-03-27,Deportes,Cinta de correr,Este,Transferencia,10,183.0,98.17,0.0,1830.02,981.65,848.37
2023-03-27,Juguetes,Lego,Norte,Tarjeta de Crédito,9,309.2,152.67,0.1,2504.5,1374.0,1130.5
2023-03-27,Deportes,Cinta de correr,Este,PayPal,3,308.14,167.69,0.0,924.43,503.06,421.37
2023-03-27,Hogar,Mesa,Este,Transferencia,5,128.03,66.33,0.15,544.14,331.64,212.5
2023-03-28,Hogar,Lámpara,Norte,Transferencia,6,281.91,132.33,0.0,1691.43,793.99,897.45
2023-03-28,Hogar,Lámpara,Centro,PayPal,9,145.35,71.36,0.0,1308.16,642.21,665.95
2023-03-28,Deportes,Balón,Este,PayPal,1,14.99,6.82,0.0,14.99,6.82,8.17
2023-03-28,Deportes,Cinta de correr,Oeste,Efectivo,5,255.08,120.82,0.05,1211.64,604.11,607.53
2023-03-28,Hogar,Silla,Este,Transferencia,5,258.4,183.67,0.0,1292.02,918.34,373.67
2023-03-28,Juguetes,Peluche,Norte,Tarjeta de Crédito,5,57.6,35.51,0.2,230.41,177.55,52.87
2023-03-28,Ropa,Pantalón,Oeste,Transferencia,6,244.55,129.19,0.15,1247.23,775.15,472.08
2023-03-28,Juguetes,Coche RC,Norte,Tarjeta de Crédito,6,233.45,90.05,0.0,1400.68,540.28,860.4
2023-03-28,Hogar,Silla,Norte,PayPal,7,182.17,85.54,0.0,1275.2,598.77,676.43
2023-03-28,Ropa,Camiseta,Norte,PayPal,10,242.45,132.5,0.0,2424.47,1325.02,1099.45
2023-03-28,Deportes,Pesas,Norte,PayPal,1,63.85,30.67,0.0,63.85,30.67,33.18
2023-03-28,Juguetes,Peluche,Este,Transferencia,4,261.0,154.31,0.0,1044.01,617.22,426.79
2023-03-29,Juguetes,Puzzle,Sur,Tarjeta de Crédito,2,49.2,26.98,0.1,88.56,53.96,34.59
2023-03-29,Deportes,Bicicleta,Oeste,PayPal,7,90.12,40.83,0.05,599.29,285.78,313.51
2023-03-29,Juguetes,Coche RC,Centro,Transferencia,8,23.41,12.22,0.0,187.29,97.76,89.54
2023-03-29,Electrónica,Auriculares,Este,Tarjeta de Crédito,6,848.24,310.0,0.1,4580.49,1860.02,2720.47
2023-03-29,Ropa,Camiseta,Este,Tarjeta de Crédito,2,155.95,82.33,0.2,249.52,164.66,84.86
2023-03-29,Juguetes,Peluche,Este,PayPal,6,305.3,128.23,0.2,1465.45,769.4,696.05
2023-03-29,Ropa,Zapatos,Este,Efectivo,3,247.5,121.69,0.1,668.24,365.07,303.18
2023-03-29,Ropa,Chaqueta,Norte,Efectivo,2,212.31,156.24,0.15,360.92,312.48,48.44
2023-03-29,Deportes,Balón,Norte,PayPal,2,351.9,154.11,0.2,563.03,308.21,254.82
2023-03-29,Hogar,Lámpara,Oeste,PayPal,6,310.35,147.92,0.15,1582.78,887.55,695.24
2023-03-30,Hogar,Mesa,Centro,PayPal,10,116.11,47.0,0.2,928.91,470.01,458.9
2023-03-30,Ropa,Zapatos,Este,Efectivo,4,185.16,84.21,0.15,629.53,336.82,292.71
2023-03-30,Ropa,Gorra,Norte,PayPal,10,190.7,123.27,0.2,1525.59,1232.67,292.92
2023-03-30,Electrónica,Smartphone,Oeste,Efectivo,2,1309.55,582.24,0.15,2226.23,1164.48,1061.75
2023-03-30,Juguetes,Peluche,Sur,Transferencia,2,221.17,142.03,0.0,442.33,284.06,158.27
2023-03-30,Deportes,Balón,Norte,Efectivo,10,193.43,102.78,0.0,1934.33,1027.75,906.58
2023-03-30,Ropa,Gorra,Sur,Efectivo,6,171.53,88.67,0.0,1029.2,532.02,497.18
2023-03-30,Juguetes,Lego,Norte,Tarjeta de Crédito,9,301.83,140.36,0.0,2716.49,1263.21,1453.28
2023-03-30,Electrónica,Auriculares,Centro,PayPal,2,166.99,67.54,0.0,333.98,135.08,198.9
2023-03-30,Hogar,Sofá,Este,PayPal,1,125.2,70.89,0.0,125.2,70.89,54.31
2023-03-30,Hogar,Lámpara,Oeste,PayPal,5,100.19,45.71,0.0,500.97,228.55,272.42
2023-03-30,Juguetes,Lego,Centro,PayPal,8,232.87,111.94,0.0,1862.96,895.55,967.41
2023-03-30,Deportes,Bicicleta,Oeste,PayPal,6,70.74,32.53,0.0,424.42,195.2,229.23
2023-03-30,Juguetes,Lego,Norte,PayPal,10,45.69,25.12,0.0,456.9,251.24,205.66
2023-03-31,Electrónica,Laptop,Sur,Tarjeta de Crédito,8,398.8,262.68,0.0,3190.39,2101.44,1088.95
2023-03-31,Electrónica,Auriculares,Este,PayPal,9,1219.07,579.38,0.05,10423.02,5214.39,5208.63
2023-03-31,Juguetes,Puzzle,Sur,Tarjeta de Crédito,5,268.95,123.81,0.15,1143.02,619.04,523.98
2023-03-31,Ropa,Gorra,Este,PayPal,10,294.03,113.48,0.0,2940.26,1134.77,1805.49
2023-03-31,Electrónica,Laptop,Oeste,Tarjeta de Crédito,8,1543.85,807.07,0.1,11115.7,6456.57,4659.14
2023-03-31,Juguetes,Puzzle,Norte,Efectivo,5,153.99,79.91,0.0,769.94,399.57,370.38
2023-03-31,Ropa,Pantalón,Centro,Tarjeta de Crédito,3,332.93,114.42,0.1,898.92,343.25,555.67
2023-03-31,Ropa,Camiseta,Sur,Transferencia,4,188.1,96.9,0.2,601.93,387.59,214.34
2023-03-31,Deportes,Raqueta,Sur,Transferencia,4,52.91,31.4,0.1,190.48,125.58,64.9
2023-03-31,Ropa,Chaqueta,Sur,PayPal,7,33.01,14.91,0.2,184.86,104.35,80.52
2023-03-31,Juguetes,Lego,Norte,Efectivo,8,217.04,101.76,0.0,1736.36,814.05,922.3
2023-03-31,Electrónica,Smartwatch,Norte,Transferencia,7,52.24,30.73,0.2,292.56,215.09,77.47
2023-03-31,Ropa,Zapatos,Centro,Tarjeta de Crédito,8,161.08,79.5,0.0,1288.61,636.03,652.58
2023-03-31,Juguetes,Muñeca,Sur,Efectivo,8,105.22,51.18,0.1,757.62,409.46,348.15
2023-03-31,Deportes,Raqueta,Norte,Transferencia,7,210.15,107.89,0.1,1323.97,755.24,568.73
2023-03-31,Deportes,Pesas,Centro,Tarjeta de Crédito,9,203.72,126.63,0.2,1466.76,1139.69,327.07
2023-03-31,Electrónica,Tablet,Sur,PayPal,10,1127.77,749.43,0.0,11277.74,7494.28,3783.46
2023-03-31,Hogar,Silla,Oeste,Tarjeta de Crédito,5,340.5,173.88,0.05,1617.38,869.4,747.98
2023-03-31,Deportes,Raqueta,Oeste,PayPal,3,208.25,101.44,0.0,624.74,304.31,320.43
2023-04-01,Deportes,Balón,Oeste,PayPal,4,19.68,10.31,0.1,70.83,41.22,29.61
2023-04-01,Ropa,Chaqueta,Centro,Efectivo,7,201.94,89.26,0.0,1413.59,624.84,788.75
2023-04-01,Electrónica,Auriculares,Oeste,Transferencia,6,893.83,543.89,0.15,4558.51,3263.37,1295.14
2023-04-01,Deportes,Cinta de correr,Sur,Efectivo,7,250.63,101.58,0.15,1491.25,711.09,780.16
2023-04-01,Deportes,Pesas,Norte,Transferencia,7,72.59,26.66,0.05,482.72,186.65,296.06
2023-04-01,Deportes,Pesas,Este,PayPal,9,173.15,87.1,0.0,1558.37,783.93,774.44
2023-04-01,Electrónica,Smartphone,Este,Efectivo,7,1362.94,914.26,0.0,9540.58,6399.8,3140.78
2023-04-01,Electrónica,Laptop,Este,Tarjeta de Crédito,10,25.95,12.04,0.15,220.6,120.4,100.19
2023-04-01,Juguetes,Peluche,Norte,Tarjeta de Crédito,3,62.46,30.74,0.0,187.38,92.21,95.17
2023-04-01,Ropa,Chaqueta,Este,Tarjeta de Crédito,3,268.31,128.57,0.05,764.69,385.71,378.98
2023-04-01,Hogar,Cama,Sur,Tarjeta de Crédito,10,59.2,37.62,0.05,562.41,376.19,186.22
2023-04-02,Deportes,Pesas,Sur,PayPal,2,179.34,113.22,0.0,358.68,226.45,132.23
2023-04-02,Juguetes,Coche RC,Centro,Tarjeta de Crédito,2,290.11,172.41,0.0,580.23,344.83,235.4
2023-04-02,Juguetes,Peluche,Norte,PayPal,10,138.07,84.08,0.0,1380.72,840.8,539.91
2023-04-02,Deportes,Raqueta,Norte,PayPal,10,243.37,126.7,0.0,2433.7,1266.95,1166.75
2023-04-02,Electrónica,Auriculares,Centro,Transferencia,2,959.87,383.4,0.0,1919.75,766.81,1152.94
2023-04-02,Juguetes,Peluche,Norte,Tarjeta de Crédito,2,325.82,192.26,0.0,651.64,384.52,267.12
2023-04-02,Hogar,Mesa,Oeste,Efectivo,3,51.53,33.68,0.0,154.6,101.05,53.55
2023-04-02,Juguetes,Muñeca,Este,Efectivo,7,307.79,131.52,0.0,2154.53,920.62,1233.91
2023-04-02,Hogar,Silla,Este,PayPal,9,274.51,144.27,0.0,2470.62,1298.41,1172.21
2023-04-03,Electrónica,Auriculares,Oeste,Transferencia,7,161.55,117.44,0.05,1074.34,822.1,252.23
2023-04-03,Juguetes,Coche RC,Centro,PayPal,10,13.41,8.37,0.1,120.7,83.72,36.98
2023-04-03,Electrónica,Tablet,Oeste,Tarjeta de Crédito,10,1658.22,835.78,0.0,16582.23,8357.83,8224.4
2023-04-03,Deportes,Cinta de correr,Oeste,PayPal,3,309.53,152.45,0.0,928.59,457.36,471.23
2023-04-03,Deportes,Raqueta,Oeste,Efectivo,3,147.0,57.91,0.1,396.9,173.72,223.18
2023-04-03,Ropa,Pantalón,Este,PayPal,3,79.62,35.51,0.0,238.87,106.54,132.32
2023-04-03,Juguetes,Puzzle,Sur,Transferencia,5,127.92,92.06,0.0,639.61,460.31,179.3
2023-04-03,Electrónica,Auriculares,Norte,Transferencia,5,1341.78,623.51,0.05,6373.48,3117.54,3255.94
2023-04-03,Electrónica,Tablet,Este,Transferencia,5,1126.25,635.13,0.1,5068.14,3175.66,1892.48
2023-04-03,Hogar,Cama,Oeste,PayPal,10,272.46,158.07,0.15,2315.94,1580.72,735.23
2023-04-03,Ropa,Zapatos,Sur,PayPal,3,35.18,12.88,0.0,105.55,38.63,66.92
2023-04-03,Deportes,Cinta de correr,Oeste,Transferencia,2,336.58,167.69,0.0,673.16,335.38,337.77
2023-04-03,Deportes,Raqueta,Norte,PayPal,6,218.63,79.1,0.1,1180.62,474.6,706.02
2023-04-04,Deportes,Cinta de correr,Este,Transferencia,9,215.96,124.22,0.05,1846.46,1118.02,728.44
2023-04-04,Juguetes,Muñeca,Este,Efectivo,8,143.22,84.41,0.2,916.58,675.25,241.33
2023-04-04,Deportes,Raqueta,Oeste,PayPal,10,285.11,154.41,0.0,2851.05,1544.08,1306.98
2023-04-04,Hogar,Silla,Oeste,PayPal,5,270.61,155.74,0.2,1082.45,778.71,303.74
2023-04-04,Deportes,Bicicleta,Centro,Efectivo,8,277.59,147.68,0.0,2220.74,1181.46,1039.28
2023-04-04,Deportes,Pesas,Centro,Efectivo,5,156.19,100.7,0.05,741.92,503.52,238.39
2023-04-04,Deportes,Raqueta,Centro,Tarjeta de Crédito,7,36.64,21.08,0.0,256.45,147.59,108.86
2023-04-04,Deportes,Pesas,Oeste,Efectivo,5,286.15,136.37,0.15,1216.16,681.85,534.31
2023-04-04,Electrónica,Auriculares,Centro,Tarjeta de Crédito,4,134.59,76.97,0.0,538.35,307.89,230.46
2023-04-05,Hogar,Mesa,Sur,Tarjeta de Crédito,6,180.46,71.09,0.1,974.49,426.55,547.94
2023-04-05,Juguetes,Peluche,Norte,Efectivo,8,325.29,177.81,0.0,2602.32,1422.52,1179.8
2023-04-05,Juguetes,Puzzle,Norte,Transferencia,2,286.28,124.28,0.0,572.57,248.56,324.01
2023-04-05,Juguetes,Lego,Centro,PayPal,3,31.02,12.72,0.2,74.44,38.16,36.28
2023-04-05,Electrónica,Tablet,Sur,Tarjeta de Crédito,6,452.9,164.62,0.0,2717.41,987.73,1729.68
2023-04-05,Deportes,Pesas,Centro,PayPal,5,279.83,169.53,0.2,1119.34,847.63,271.71
2023-04-05,Ropa,Pantalón,Centro,PayPal,10,66.38,32.24,0.2,531.07,322.42,208.65
2023-04-06,Electrónica,Auriculares,Centro,Transferencia,3,278.27,108.06,0.05,793.08,324.17,468.91
2023-04-06,Electrónica,Auriculares,Este,Tarjeta de Crédito,7,631.69,287.76,0.2,3537.48,2014.34,1523.14
2023-04-06,Deportes,Balón,Oeste,Efectivo,9,341.46,140.01,0.0,3073.1,1260.12,1812.98
2023-04-06,Electrónica,Laptop,Centro,Tarjeta de Crédito,10,1297.19,638.69,0.15,11026.09,6386.92,4639.18
2023-04-06,Deportes,Balón,Norte,Efectivo,3,45.93,27.82,0.05,130.89,83.47,47.42
2023-04-06,Hogar,Cama,Oeste,Transferencia,4,147.64,59.72,0.1,531.51,238.87,292.64
2023-04-06,Hogar,Sofá,Este,PayPal,9,84.23,43.16,0.1,682.26,388.44,293.82
2023-04-06,Hogar,Sofá,Este,PayPal,3,124.77,80.28,0.15,318.17,240.84,77.32
2023-04-06,Hogar,Cama,Oeste,Tarjeta de Crédito,10,278.26,156.02,0.1,2504.32,1560.23,944.09
2023-04-06,Ropa,Camiseta,Sur,PayPal,2,281.19,96.12,0.1,506.15,192.24,313.9
2023-04-06,Ropa,Camiseta,Este,Efectivo,7,133.89,73.04,0.15,796.66,511.28,285.38
2023-04-06,Hogar,Mesa,Este,Tarjeta de Crédito,2,261.37,105.43,0.0,522.74,210.85,311.89
2023-04-06,Juguetes,Lego,Centro,Transferencia,4,123.87,59.67,0.15,421.16,238.68,182.48
2023-04-06,Deportes,Cinta de correr,Norte,PayPal,7,206.8,121.8,0.0,1447.58,852.58,595.0
2023-04-07,Ropa,Gorra,Sur,Transferencia,4,206.13,143.24,0.15,700.83,572.95,127.88
2023-04-07,Deportes,Bicicleta,Sur,Transferencia,6,245.65,97.63,0.1,1326.53,585.8,740.73
2023-04-07,Electrónica,Smartwatch,Este,Tarjeta de Crédito,10,1276.08,629.06,0.0,12760.82,6290.58,6470.24
2023-04-07,Juguetes,Lego,Este,Efectivo,4,28.89,12.41,0.15,98.23,49.64,48.59
2023-04-07,Ropa,Gorra,Oeste,Efectivo,7,216.17,94.85,0.0,1513.17,663.92,849.25
2023-04-07,Hogar,Sofá,Centro,Tarjeta de Crédito,10,101.25,52.82,0.0,1012.47,528.21,484.26
2023-04-07,Ropa,Gorra,Oeste,Tarjeta de Crédito,9,18.96,7.92,0.15,145.03,71.25,73.78
2023-04-07,Juguetes,Lego,Norte,Efectivo,1,197.83,86.42,0.0,197.83,86.42,111.41
2023-04-07,Electrónica,Auriculares,Oeste,PayPal,7,1462.11,582.04,0.05,9723.04,4074.29,5648.75
2023-04-07,Ropa,Chaqueta,Centro,Transferencia,4,30.55,10.31,0.0,122.19,41.22,80.97
2023-04-08,Juguetes,Muñeca,Este,PayPal,5,121.78,77.21,0.0,608.89,386.07,222.82
2023-04-08,Juguetes,Muñeca,Centro,PayPal,8,109.36,63.89,0.0,874.87,511.08,363.78
2023-04-08,Hogar,Silla,Oeste,Efectivo,5,263.41,149.97,0.1,1185.34,749.87,435.47
2023-04-08,Electrónica,Tablet,Este,PayPal,8,645.3,466.29,0.05,4904.31,3730.29,1174.01
2023-04-08,Juguetes,Muñeca,Centro,PayPal,10,237.2,149.34,0.2,1897.64,1493.41,404.23
2023-04-08,Juguetes,Lego,Sur,Efectivo,10,93.65,56.54,0.15,796.05,565.36,230.68
2023-04-08,Ropa,Camiseta,Sur,PayPal,10,68.98,39.1,0.15,586.35,390.99,195.36
2023-04-08,Electrónica,Auriculares,Este,Transferencia,9,1357.06,771.81,0.15,10381.52,6946.31,3435.21
2023-04-08,Electrónica,Smartwatch,Centro,PayPal,5,1282.39,818.11,0.0,6411.93,4090.54,2321.39
2023-04-08,Juguetes,Lego,Este,Efectivo,5,330.42,187.96,0.1,1486.89,939.82,547.07
2023-04-08,Hogar,Silla,Este,PayPal,1,288.94,132.16,0.0,288.94,132.16,156.78
2023-04-08,Juguetes,Peluche,Norte,Tarjeta de Crédito,4,242.97,169.47,0.0,971.88,677.89,293.99
2023-04-08,Hogar,Mesa,Centro,Tarjeta de Crédito,9,94.87,58.93,0.15,725.74,530.33,195.41
2023-04-08,Deportes,Cinta de correr,Norte,Efectivo,8,45.76,28.93,0.0,366.05,231.41,134.64
2023-04-08,Electrónica,Auriculares,Centro,PayPal,2,1324.35,533.8,0.0,2648.7,1067.6,1581.1
2023-04-08,Ropa,Zapatos,Centro,Efectivo,6,182.78,68.88,0.0,1096.65,413.31,683.34
2023-04-09,Juguetes,Lego,Sur,PayPal,1,257.17,136.5,0.0,257.17,136.5,120.67
2023-04-09,Electrónica,Auriculares,Oeste,Efectivo,3,458.23,285.68,0.0,1374.7,857.03,517.67
2023-04-09,Ropa,Zapatos,Este,Transferencia,4,215.64,117.8,0.05,819.42,471.19,348.22
2023-04-09,Juguetes,Peluche,Centro,Efectivo,7,88.42,45.95,0.0,618.91,321.66,297.24
2023-04-09,Deportes,Balón,Sur,PayPal,9,190.03,104.64,0.0,1710.27,941.79,768.48
2023-04-09,Juguetes,Peluche,Centro,PayPal,2,257.55,121.72,0.0,515.1,243.44,271.67
2023-04-09,Hogar,Mesa,Centro,Tarjeta de Crédito,6,92.24,65.17,0.0,553.43,391.02,162.41
2023-04-09,Electrónica,Tablet,Norte,PayPal,8,651.38,452.11,0.2,4168.84,3616.9,551.94
2023-04-09,Hogar,Silla,Sur,Tarjeta de Crédito,5,238.42,158.52,0.05,1132.48,792.62,339.86
2023-04-09,Ropa,Gorra,Este,Efectivo,3,50.78,27.76,0.0,152.33,83.28,69.05
2023-04-09,Hogar,Sofá,Sur,Transferencia,8,188.13,111.48,0.1,1354.54,891.82,462.72
2023-04-09,Electrónica,Smartwatch,Norte,Tarjeta de Crédito,6,1677.78,597.12,0.15,8556.7,3582.7,4974.0
2023-04-09,Electrónica,Laptop,Norte,PayPal,6,367.16,214.08,0.2,1762.34,1284.47,477.87
2023-04-10,Hogar,Sofá,Sur,Tarjeta de Crédito,6,9.89,4.76,0.0,59.32,28.56,30.76
2023-04-10,Hogar,Cama,Este,Tarjeta de Crédito,9,216.84,97.86,0.2,1561.27,880.75,680.51
2023-04-10,Ropa,Zapatos,Este,Tarjeta de Crédito,7,125.43,67.75,0.05,834.14,474.23,359.91
2023-04-10,Deportes,Pesas,Centro,Tarjeta de Crédito,5,107.16,50.67,0.0,535.79,253.35,282.44
2023-04-10,Ropa,Zapatos,Oeste,Transferencia,7,239.17,118.65,0.1,1506.77,830.57,676.2
2023-04-10,Deportes,Bicicleta,Sur,PayPal,3,246.19,172.27,0.2,590.85,516.8,74.05
2023-04-10,Juguetes,Coche RC,Norte,Transferencia,6,50.38,32.22,0.0,302.29,193.31,108.98
2023-04-11,Ropa,Camiseta,Este,Efectivo,9,245.04,110.92,0.0,2205.32,998.31,1207.01
2023-04-11,Deportes,Balón,Norte,PayPal,4,258.71,146.57,0.0,1034.82,586.28,448.54
2023-04-11,Hogar,Silla,Este,Transferencia,10,78.31,45.66,0.2,626.5,456.61,169.89
2023-04-11,Electrónica,Smartwatch,Sur,PayPal,2,155.41,67.32,0.2,248.66,134.64,114.02
2023-04-11,Deportes,Cinta de correr,Centro,PayPal,5,198.23,86.79,0.0,991.15,433.93,557.22
2023-04-11,Hogar,Sofá,Este,PayPal,2,205.35,101.94,0.0,410.69,203.88,206.81
2023-04-12,Electrónica,Smartphone,Oeste,Transferencia,7,853.23,473.9,0.0,5972.63,3317.28,2655.36
2023-04-12,Juguetes,Peluche,Centro,PayPal,2,174.24,88.75,0.1,313.63,177.5,136.14
2023-04-12,Deportes,Raqueta,Centro,Transferencia,1,74.08,26.31,0.0,74.08,26.31,47.77
2023-04-12,Deportes,Raqueta,Sur,PayPal,2,207.62,78.47,0.2,332.19,156.94,175.25
2023-04-12,Ropa,Gorra,Oeste,Tarjeta de Crédito,1,333.25,178.17,0.15,283.26,178.17,105.09
2023-04-12,Ropa,Chaqueta,Oeste,Efectivo,6,213.69,123.87,0.0,1282.11,743.21,538.9
2023-04-12,Electrónica,Smartphone,Este,Transferencia,1,1227.67,741.07,0.1,1104.9,741.07,363.83
2023-04-12,Juguetes,Coche RC,Centro,Transferencia,1,165.63,95.97,0.0,165.63,95.97,69.65
2023-04-12,Hogar,Sofá,Este,Transferencia,10,221.57,156.72,0.0,2215.7,1567.2,648.5
2023-04-12,Deportes,Raqueta,Este,PayPal,3,280.9,131.48,0.0,842.7,394.43,448.26
2023-04-12,Electrónica,Smartphone,Sur,Tarjeta de Crédito,7,566.27,279.72,0.0,3963.87,1958.04,2005.83
2023-04-12,Deportes,Balón,Centro,Efectivo,6,220.0,98.54,0.05,1254.0,591.26,662.75
2023-04-12,Juguetes,Coche RC,Sur,PayPal,5,308.12,105.82,0.0,1540.62,529.09,1011.53
2023-04-13,Hogar,Cama,Oeste,Transferencia,4,135.37,51.07,0.0,541.49,204.28,337.2
2023-04-13,Electrónica,Laptop,Este,Tarjeta de Crédito,10,1036.82,685.93,0.0,10368.24,6859.33,3508.91
2023-04-13,Deportes,Raqueta,Oeste,PayPal,7,290.11,155.01,0.2,1624.6,1085.06,539.54
2023-04-13,Ropa,Camiseta,Centro,Transferencia,7,215.79,101.07,0.05,1435.02,707.47,727.55
2023-04-13,Ropa,Camiseta,Norte,Transferencia,7,222.7,78.17,0.05,1480.95,547.19,933.76
2023-04-13,Ropa,Zapatos,Sur,Efectivo,9,56.97,33.84,0.0,512.77,304.56,208.21
2023-04-13,Deportes,Cinta de correr,Oeste,PayPal,1,120.57,70.06,0.05,114.54,70.06,44.48
2023-04-13,Deportes,Raqueta,Norte,Tarjeta de Crédito,1,141.71,69.28,0.0,141.71,69.28,72.43
2023-04-13,Electrónica,Laptop,Oeste,Tarjeta de Crédito,7,1377.51,493.27,0.0,9642.59,3452.86,6189.73
2023-04-13,Electrónica,Auriculares,Este,Transferencia,7,1455.26,883.42,0.0,10186.8,6183.96,4002.84
2023-04-13,Deportes,Pesas,Norte,Efectivo,6,248.67,168.9,0.05,1417.39,1013.39,404.01
2023-04-13,Deportes,Bicicleta,Norte,Efectivo,6,292.96,143.56,0.2,1406.19,861.38,544.81
2023-04-13,Ropa,Gorra,Oeste,Tarjeta de Crédito,10,286.46,128.16,0.05,2721.33,1281.57,1439.76
2023-04-13,Juguetes,Peluche,Sur,Tarjeta de Crédito,5,112.24,63.4,0.0,561.22,317.01,244.21
2023-04-13,Juguetes,Muñeca,Norte,Tarjeta de Crédito,7,48.47,23.26,0.1,305.35,162.83,142.52
2023-04-13,Electrónica,Tablet,Centro,Efectivo,6,1292.48,484.0,0.05,7367.14,2903.97,4463.17
2023-04-13,Electrónica,Laptop,Norte,Transferencia,4,1153.6,618.99,0.0,4614.41,2475.96,2138.45
2023-04-13,Hogar,Lámpara,Este,Transferencia,1,93.68,65.85,0.2,74.94,65.85,9.09
2023-04-14,Juguetes,Muñeca,Norte,Transferencia,10,55.34,37.97,0.0,553.43,379.72,173.71
2023-04-14,Deportes,Pesas,Oeste,Tarjeta de Crédito,3,269.6,118.73,0.05,768.37,356.19,412.18
2023-04-14,Juguetes,Lego,Sur,Tarjeta de Crédito,8,189.83,77.88,0.05,1442.69,623.02,819.67
2023-04-14,Deportes,Raqueta,Centro,Tarjeta de Crédito,6,28.72,16.46,0.05,163.7,98.75,64.94
2023-04-14,Hogar,Sofá,Centro,Tarjeta de Crédito,1,252.61,106.12,0.15,214.72,106.12,108.59
2023-04-14,Deportes,Balón,Sur,Tarjeta de Crédito,2,125.12,58.06,0.0,250.24,116.11,134.12
2023-04-14,Ropa,Camiseta,Oeste,Transferencia,6,116.68,72.81,0.0,700.09,436.85,263.24
2023-04-14,Hogar,Mesa,Este,PayPal,3,239.98,113.82,0.0,719.94,341.46,378.48
2023-04-15,Hogar,Sofá,Norte,Efectivo,3,280.43,119.02,0.05,799.24,357.07,442.17
2023-04-15,Ropa,Chaqueta,Centro,Transferencia,8,135.39,78.81,0.1,974.78,630.45,344.33
2023-04-15,Juguetes,Lego,Este,Transferencia,1,48.85,20.37,0.1,43.97,20.37,23.6
2023-04-15,Deportes,Pesas,Este,Tarjeta de Crédito,1,125.09,62.99,0.0,125.09,62.99,62.1
2023-04-15,Juguetes,Peluche,Oeste,PayPal,8,223.87,125.36,0.1,1611.83,1002.86,608.97
2023-04-15,Electrónica,Smartwatch,Norte,Tarjeta de Crédito,4,1598.42,737.29,0.1,5754.32,2949.16,2805.16
2023-04-15,Hogar,Mesa,Oeste,Efectivo,4,39.56,19.46,0.0,158.23,77.85,80.38
2023-04-15,Juguetes,Lego,Sur,Efectivo,2,117.46,57.62,0.15,199.68,115.24,84.44
2023-04-15,Ropa,Chaqueta,Oeste,Efectivo,10,254.26,139.52,0.15,2161.23,1395.19,766.04
2023-04-15,Electrónica,Tablet,Norte,Tarjeta de Crédito,9,224.84,114.93,0.0,2023.59,1034.4,989.18
2023-04-16,Hogar,Cama,Este,Efectivo,2,116.8,50.25,0.0,233.59,100.5,133.1
2023-04-16,Deportes,Balón,Oeste,Transferencia,2,181.7,65.75,0.0,363.39,131.51,231.88
2023-04-16,Hogar,Lámpara,Oeste,Transferencia,6,11.2,4.24,0.05,63.84,25.42,38.43
2023-04-16,Deportes,Pesas,Sur,PayPal,4,109.98,66.82,0.0,439.94,267.29,172.65
2023-04-16,Juguetes,Lego,Oeste,PayPal,1,228.98,129.16,0.0,228.98,129.16,99.82
2023-04-16,Electrónica,Tablet,Sur,Transferencia,4,85.9,45.89,0.0,343.6,183.55,160.04
2023-04-16,Deportes,Pesas,Norte,Tarjeta de Crédito,7,130.94,55.81,0.05,870.77,390.67,480.1
2023-04-16,Electrónica,Smartwatch,Centro,Efectivo,10,427.67,215.43,0.2,3421.35,2154.34,1267.01
2023-04-16,Ropa,Zapatos,Centro,Transferencia,5,225.22,80.38,0.2,900.87,401.92,498.96
2023-04-16,Deportes,Cinta de correr,Centro,Efectivo,6,206.75,82.84,0.0,1240.5,497.02,743.48
2023-04-16,Hogar,Cama,Oeste,Efectivo,1,136.84,87.56,0.0,136.84,87.56,49.28
2023-04-16,Hogar,Sofá,Centro,Transferencia,7,216.87,146.89,0.0,1518.11,1028.23,489.88
2023-04-16,Electrónica,Tablet,Oeste,Transferencia,2,1068.28,425.25,0.0,2136.56,850.49,1286.07
2023-04-16,Ropa,Pantalón,Centro,Transferencia,3,14.75,7.63,0.1,39.84,22.88,16.96
2023-04-17,Deportes,Pesas,Este,Efectivo,9,12.78,5.47,0.0,115.01,49.2,65.81
2023-04-17,Ropa,Gorra,Oeste,PayPal,1,22.01,15.74,0.05,20.91,15.74,5.17
2023-04-17,Hogar,Mesa,Oeste,Transferencia,7,286.72,156.6,0.0,2007.01,1096.19,910.81
2023-04-17,Juguetes,Coche RC,Este,Transferencia,7,139.95,77.28,0.2,783.72,540.93,242.78
2023-04-17,Ropa,Gorra,Oeste,Transferencia,6,114.18,79.63,0.15,582.31,477.8,104.51
2023-04-17,Ropa,Zapatos,Norte,Efectivo,3,244.27,109.21,0.0,732.81,327.63,405.19
2023-04-17,Hogar,Silla,Este,Efectivo,10,169.62,76.08,0.0,1696.2,760.77,935.44
2023-04-17,Hogar,Cama,Oeste,PayPal,5,46.7,17.07,0.2,186.79,85.33,101.47
2023-04-18,Hogar,Lámpara,Este,PayPal,8,234.09,146.81,0.2,1498.14,1174.49,323.65
2023-04-18,Hogar,Silla,Este,Tarjeta de Crédito,3,138.16,94.94,0.2,331.59,284.83,46.76
2023-04-18,Ropa,Camiseta,Norte,Transferencia,5,95.67,49.43,0.0,478.37,247.15,231.22
2023-04-18,Juguetes,Coche RC,Centro,Tarjeta de Crédito,6,35.15,24.09,0.0,210.89,144.52,66.37
2023-04-18,Deportes,Pesas,Centro,PayPal,2,170.54,108.22,0.15,289.91,216.44,73.47
2023-04-18,Ropa,Chaqueta,Oeste,Transferencia,7,62.51,31.64,0.15,371.9,221.47,150.43
2023-04-18,Deportes,Pesas,Oeste,PayPal,8,82.44,46.02,0.15,560.62,368.15,192.46
2023-04-18,Juguetes,Peluche,Centro,PayPal,3,190.78,90.2,0.15,486.5,270.59,215.9
2023-04-18,Electrónica,Smartphone,Oeste,Tarjeta de Crédito,1,1592.5,647.03,0.0,1592.5,647.03,945.47
2023-04-19,Electrónica,Smartwatch,Centro,Transferencia,5,52.05,36.11,0.15,221.22,180.55,40.67
2023-04-19,Ropa,Camiseta,Sur,Transferencia,8,110.92,54.32,0.15,754.26,434.57,319.69
2023-04-19,Juguetes,Lego,Este,Tarjeta de Crédito,2,177.05,109.05,0.2,283.28,218.1,65.18
2023-04-19,Juguetes,Muñeca,Centro,Efectivo,4,263.23,121.49,0.0,1052.91,485.97,566.94
2023-04-19,Juguetes,Puzzle,Este,Efectivo,6,220.8,111.85,0.1,1192.3,671.11,521.19
2023-04-19,Deportes,Bicicleta,Norte,PayPal,7,213.29,140.1,0.0,1493.04,980.69,512.35
2023-04-19,Electrónica,Tablet,Este,Efectivo,9,757.38,484.11,0.0,6816.42,4356.98,2459.44
2023-04-19,Hogar,Lámpara,Norte,Transferencia,5,242.78,102.2,0.0,1213.9,510.99,702.9
2023-04-19,Electrónica,Auriculares,Oeste,Efectivo,3,1226.64,471.78,0.15,3127.92,1415.33,1712.6
2023-04-19,Ropa,Gorra,Este,PayPal,1,49.95,26.95,0.05,47.45,26.95,20.51
2023-04-19,Electrónica,Auriculares,Centro,PayPal,9,472.67,276.01,0.1,3828.6,2484.06,1344.54
2023-04-19,Ropa,Pantalón,Centro,PayPal,8,34.01,18.8,0.0,272.06,150.4,121.66
2023-04-19,Hogar,Sofá,Este,Transferencia,7,72.9,35.92,0.0,510.3,251.43,258.87
2023-04-19,Hogar,Sofá,Norte,PayPal,8,121.39,61.51,0.05,922.59,492.04,430.55
2023-04-19,Deportes,Balón,Oeste,Efectivo,9,15.97,7.09,0.05,136.52,63.81,72.71
2023-04-20,Hogar,Cama,Centro,PayPal,7,95.24,58.54,0.15,566.68,409.79,156.88
2023-04-20,Hogar,Silla,Sur,Transferencia,2,212.45,122.37,0.0,424.91,244.73,180.18
2023-04-20,Deportes,Balón,Norte,PayPal,6,54.19,22.09,0.2,260.11,132.52,127.59
2023-04-20,Deportes,Balón,Sur,Tarjeta de Crédito,9,185.52,119.37,0.2,1335.73,1074.37,261.35
2023-04-20,Deportes,Balón,Sur,Efectivo,5,201.37,93.36,0.0,1006.84,466.82,540.02
2023-04-20,Hogar,Silla,Oeste,Efectivo,2,164.68,84.09,0.2,263.49,168.18,95.31
2023-04-20,Electrónica,Smartwatch,Sur,PayPal,2,1130.89,449.04,0.0,2261.79,898.07,1363.72
2023-04-20,Ropa,Zapatos,Oeste,Efectivo,9,77.85,56.96,0.2,560.53,512.64,47.89
2023-04-20,Electrónica,Tablet,Norte,Tarjeta de Crédito,9,1342.39,912.04,0.05,11477.44,8208.38,3269.06
2023-04-20,Electrónica,Tablet,Centro,Tarjeta de Crédito,2,519.25,309.97,0.15,882.72,619.95,262.78
2023-04-20,Electrónica,Auriculares,Oeste,PayPal,10,422.77,182.2,0.0,4227.73,1821.97,2405.76
2023-04-20,Hogar,Lámpara,Centro,Efectivo,3,29.59,18.96,0.0,88.76,56.89,31.87
2023-04-20,Ropa,Gorra,Centro,PayPal,7,86.59,47.77,0.05,575.83,334.42,241.41
2023-04-21,Ropa,Camiseta,Este,Efectivo,9,176.66,65.02,0.0,1589.92,585.22,1004.69
2023-04-21,Electrónica,Tablet,Oeste,Efectivo,5,1155.79,654.7,0.1,5201.07,3273.51,1927.56
2023-04-21,Electrónica,Tablet,Sur,PayPal,3,1081.92,534.44,0.0,3245.75,1603.31,1642.44
2023-04-21,Hogar,Sofá,Sur,Tarjeta de Crédito,9,108.64,52.49,0.15,831.12,472.45,358.66
2023-04-21,Ropa,Pantalón,Oeste,Tarjeta de Crédito,7,106.01,41.41,0.0,742.1,289.85,452.25
2023-04-21,Hogar,Sofá,Oeste,Transferencia,9,311.15,142.89,0.2,2240.3,1285.97,954.33
2023-04-21,Juguetes,Lego,Centro,Tarjeta de Crédito,6,115.25,45.59,0.2,553.19,273.55,279.64
2023-04-21,Ropa,Gorra,Sur,Efectivo,8,143.06,61.67,0.1,1030.05,493.36,536.69
2023-04-21,Electrónica,Smartphone,Sur,Tarjeta de Crédito,6,549.88,293.58,0.2,2639.43,1761.48,877.95
2023-04-21,Ropa,Zapatos,Sur,Transferencia,3,128.97,53.0,0.15,328.87,159.01,169.86
2023-04-22,Deportes,Cinta de correr,Este,Efectivo,9,247.89,105.57,0.0,2231.05,950.13,1280.91
2023-04-22,Deportes,Pesas,Sur,Transferencia,3,260.68,155.52,0.0,782.03,466.55,315.48
2023-04-22,Deportes,Cinta de correr,Norte,PayPal,8,226.53,137.61,0.05,1721.66,1100.89,620.77
2023-04-22,Electrónica,Smartphone,Este,PayPal,3,1163.02,609.74,0.0,3489.07,1829.23,1659.85
2023-04-22,Juguetes,Lego,Sur,PayPal,1,239.91,105.25,0.15,203.93,105.25,98.68
2023-04-22,Hogar,Silla,Centro,Efectivo,1,193.47,116.0,0.0,193.47,116.0,77.47
2023-04-22,Deportes,Bicicleta,Sur,Efectivo,4,180.52,82.5,0.2,577.65,329.98,247.67
2023-04-22,Electrónica,Laptop,Este,Efectivo,4,1242.79,482.36,0.2,3976.93,1929.43,2047.5
2023-04-22,Ropa,Camiseta,Sur,Transferencia,4,75.38,51.89,0.0,301.53,207.54,93.99
2023-04-22,Ropa,Gorra,Este,Efectivo,9,79.85,36.52,0.0,718.68,328.68,390.0
2023-04-22,Juguetes,Peluche,Norte,PayPal,5,154.51,109.36,0.0,772.54,546.81,225.73
2023-04-22,Electrónica,Auriculares,Este,PayPal,1,1039.33,672.99,0.0,1039.33,672.99,366.34
2023-04-22,Hogar,Cama,Sur,Efectivo,10,191.66,75.27,0.15,1629.15,752.66,876.49
2023-04-23,Juguetes,Muñeca,Este,Tarjeta de Crédito,5,160.37,86.99,0.2,641.47,434.97,206.5
2023-04-23,Deportes,Raqueta,Sur,Tarjeta de Crédito,9,145.83,66.75,0.2,1049.97,600.78,449.2
2023-04-23,Deportes,Pesas,Norte,Transferencia,10,275.6,95.02,0.05,2618.15,950.16,1667.99
2023-04-23,Electrónica,Tablet,Oeste,PayPal,2,1553.51,984.69,0.1,2796.32,1969.38,826.94
2023-04-23,Deportes,Cinta de correr,Norte,Tarjeta de Crédito,8,222.9,96.31,0.1,1604.87,770.44,834.42
2023-04-23,Ropa,Pantalón,Centro,Transferencia,5,267.52,101.39,0.15,1136.96,506.96,630.0
2023-04-23,Ropa,Zapatos,Este,Transferencia,8,157.03,93.22,0.2,1004.98,745.78,259.2
2023-04-23,Ropa,Camiseta,Sur,Transferencia,2,148.26,79.28,0.0,296.51,158.56,137.95
2023-04-23,Juguetes,Peluche,Este,Transferencia,1,192.06,87.65,0.0,192.06,87.65,104.41
2023-04-23,Electrónica,Auriculares,Este,Efectivo,3,152.8,91.25,0.05,435.49,273.74,161.75
2023-04-23,Ropa,Chaqueta,Sur,Tarjeta de Crédito,4,238.31,112.86,0.0,953.25,451.43,501.82
2023-04-23,Electrónica,Laptop,Sur,PayPal,7,562.67,263.79,0.05,3741.75,1846.52,1895.23
2023-04-23,Hogar,Lámpara,Oeste,Efectivo,4,141.99,81.55,0.0,567.95,326.21,241.75
2023-04-23,Deportes,Cinta de correr,Este,Efectivo,3,64.85,36.62,0.05,184.81,109.86,74.95
2023-04-24,Electrónica,Smartwatch,Norte,Transferencia,1,1529.6,933.74,0.0,1529.6,933.74,595.86
2023-04-24,Deportes,Cinta de correr,Norte,Tarjeta de Crédito,3,195.13,112.33,0.1,526.84,336.98,189.86
2023-04-24,Deportes,Bicicleta,Este,Efectivo,9,178.88,90.72,0.0,1609.89,816.47,793.43
2023-04-24,Ropa,Chaqueta,Sur,Transferencia,9,158.51,84.95,0.0,1426.58,764.59,662.0
2023-04-24,Hogar,Lámpara,Centro,PayPal,7,182.91,104.69,0.0,1280.38,732.81,547.57
2023-04-24,Electrónica,Auriculares,Sur,PayPal,2,626.33,412.58,0.05,1190.02,825.16,364.86
2023-04-24,Juguetes,Muñeca,Centro,Transferencia,10,157.93,74.02,0.1,1421.37,740.22,681.14
2023-04-24,Hogar,Silla,Oeste,PayPal,9,288.85,171.92,0.0,2599.69,1547.31,1052.38
2023-04-24,Deportes,Cinta de correr,Este,PayPal,5,222.11,106.67,0.0,1110.56,533.33,577.23
2023-04-24,Juguetes,Lego,Centro,Efectivo,2,106.12,74.45,0.1,191.01,148.91,42.11
2023-04-24,Deportes,Bicicleta,Norte,Efectivo,10,344.05,140.54,0.0,3440.5,1405.43,2035.06
2023-04-24,Ropa,Camiseta,Centro,Transferencia,6,15.33,8.9,0.2,73.6,53.39,20.21
2023-04-24,Deportes,Bicicleta,Centro,PayPal,4,51.86,35.49,0.0,207.45,141.95,65.5
2023-04-24,Ropa,Pantalón,Sur,Tarjeta de Crédito,5,192.69,125.11,0.15,818.94,625.54,193.4
2023-04-24,Deportes,Bicicleta,Este,PayPal,4,71.28,39.57,0.1,256.61,158.26,98.35
2023-04-24,Electrónica,Laptop,Oeste,Transferencia,10,1068.36,474.13,0.0,10683.56,4741.34,5942.23
2023-04-25,Ropa,Zapatos,Este,Tarjeta de Crédito,5,49.5,24.18,0.0,247.49,120.89,126.59
2023-04-25,Ropa,Gorra,Oeste,PayPal,5,229.25,129.24,0.0,1146.23,646.21,500.02
2023-04-25,Juguetes,Lego,Oeste,Tarjeta de Crédito,2,278.3,133.84,0.2,445.28,267.68,177.61
2023-04-25,Juguetes,Coche RC,Norte,Tarjeta de Crédito,6,206.16,135.25,0.15,1051.4,811.52,239.88
2023-04-25,Hogar,Lámpara,Oeste,Efectivo,7,155.68,97.09,0.0,1089.74,679.61,410.12
2023-04-25,Hogar,Sofá,Sur,Efectivo,10,118.49,61.64,0.0,1184.93,616.36,568.57
2023-04-25,Hogar,Mesa,Norte,Tarjeta de Crédito,7,164.55,99.86,0.0,1151.82,699.0,452.82
2023-04-25,Deportes,Cinta de correr,Centro,Efectivo,1,312.49,160.26,0.05,296.86,160.26,136.6
2023-04-25,Electrónica,Auriculares,Este,PayPal,1,1067.13,469.48,0.0,1067.13,469.48,597.65
2023-04-25,Juguetes,Lego,Norte,Tarjeta de Crédito,6,58.54,30.51,0.0,351.25,183.05,168.2
2023-04-25,Ropa,Pantalón,Centro,Transferencia,3,43.75,24.77,0.2,105.01,74.3,30.71
2023-04-25,Electrónica,Smartwatch,Sur,Efectivo,1,43.61,17.88,0.2,34.88,17.88,17.0
2023-04-25,Hogar,Mesa,Oeste,PayPal,1,286.08,125.41,0.2,228.87,125.41,103.46
2023-04-25,Electrónica,Smartphone,Oeste,Efectivo,9,608.17,331.01,0.05,5199.87,2979.1,2220.77
2023-04-26,Hogar,Lámpara,Oeste,Transferencia,6,216.22,94.72,0.0,1297.3,568.29,729.0
2023-04-26,Juguetes,Puzzle,Sur,PayPal,2,131.03,57.91,0.15,222.76,115.83,106.93
2023-04-26,Ropa,Chaqueta,Este,PayPal,6,75.24,38.49,0.0,451.42,230.92,220.49
2023-04-26,Deportes,Pesas,Norte,Efectivo,1,271.68,172.42,0.15,230.93,172.42,58.51
2023-04-26,Hogar,Sofá,Oeste,Transferencia,8,204.4,130.45,0.1,1471.68,1043.61,428.07
2023-04-26,Deportes,Pesas,Norte,Transferencia,10,84.05,37.26,0.1,756.44,372.6,383.84
2023-04-26,Hogar,Lámpara,Este,Tarjeta de Crédito,10,172.1,77.41,0.1,1548.86,774.15,774.71
2023-04-26,Ropa,Chaqueta,Este,Efectivo,4,103.57,63.07,0.1,372.84,252.3,120.54
2023-04-26,Electrónica,Laptop,Este,Transferencia,2,527.49,316.04,0.0,1054.97,632.07,422.9
2023-04-26,Deportes,Pesas,Norte,PayPal,7,253.94,104.13,0.0,1777.59,728.91,1048.68
2023-04-26,Hogar,Sofá,Centro,Efectivo,3,130.16,93.9,0.05,370.95,281.7,89.25
2023-04-26,Hogar,Silla,Este,Efectivo,1,304.63,129.93,0.05,289.4,129.93,159.47
2023-04-26,Electrónica,Smartphone,Centro,Efectivo,4,630.82,237.35,0.0,2523.26,949.39,1573.87
2023-04-26,Hogar,Cama,Centro,Tarjeta de Crédito,3,196.28,96.66,0.0,588.83,289.99,298.84
2023-04-26,Hogar,Sofá,Sur,Efectivo,5,63.32,31.22,0.2,253.29,156.08,97.2
2023-04-26,Juguetes,Muñeca,Oeste,Tarjeta de Crédito,5,111.83,62.46,0.0,559.15,312.32,246.82
2023-04-26,Electrónica,Auriculares,Oeste,Tarjeta de Crédito,3,620.45,276.02,0.15,1582.14,828.06,754.07
2023-04-26,Ropa,Pantalón,Norte,Efectivo,1,44.36,25.11,0.0,44.36,25.11,19.25
2023-04-26,Ropa,Gorra,Norte,PayPal,8,181.61,66.87,0.1,1307.61,534.99,772.62
2023-04-27,Hogar,Lámpara,Oeste,Transferencia,7,284.94,130.57,0.1,1795.1,913.98,881.12
2023-04-27,Hogar,Sofá,Norte,Efectivo,6,193.85,98.16,0.0,1163.08,588.97,574.11
2023-04-27,Deportes,Bicicleta,Centro,Transferencia,6,98.12,44.94,0.05,559.28,269.64,289.64
2023-04-27,Hogar,Sofá,Oeste,Transferencia,8,209.22,118.47,0.05,1590.06,947.73,642.33
2023-04-27,Hogar,Sofá,Sur,Tarjeta de Crédito,1,205.54,125.07,0.05,195.26,125.07,70.2
2023-04-27,Ropa,Gorra,Centro,PayPal,1,121.64,75.25,0.0,121.64,75.25,46.39
2023-04-27,Ropa,Pantalón,Sur,Transferencia,2,170.42,73.04,0.0,340.85,146.09,194.76
2023-04-27,Hogar,Cama,Sur,Transferencia,2,231.23,156.44,0.0,462.46,312.88,149.58
2023-04-27,Hogar,Silla,Norte,Transferencia,1,133.46,67.69,0.0,133.46,67.69,65.77
2023-04-27,Hogar,Mesa,Sur,Tarjeta de Crédito,4,284.34,179.82,0.2,909.87,719.27,190.61
2023-04-27,Deportes,Cinta de correr,Oeste,Transferencia,9,311.57,139.41,0.05,2663.9,1254.73,1409.17
2023-04-28,Hogar,Silla,Oeste,PayPal,9,77.85,40.5,0.1,630.6,364.54,266.06
2023-04-28,Deportes,Cinta de correr,Centro,Efectivo,2,256.97,108.55,0.0,513.94,217.11,296.84
2023-04-28,Deportes,Pesas,Norte,Efectivo,4,98.49,40.35,0.0,393.95,161.39,232.56
2023-04-28,Deportes,Pesas,Sur,Tarjeta de Crédito,2,173.14,93.12,0.1,311.65,186.23,125.41
2023-04-28,Juguetes,Muñeca,Centro,Efectivo,5,299.39,107.12,0.0,1496.93,535.58,961.35
2023-04-28,Electrónica,Laptop,Centro,Efectivo,2,997.24,434.82,0.0,1994.48,869.65,1124.83
2023-04-28,Hogar,Sofá,Centro,PayPal,8,77.67,40.35,0.0,621.32,322.76,298.56
2023-04-28,Hogar,Mesa,Centro,Efectivo,5,173.8,89.43,0.2,695.22,447.17,248.05
2023-04-28,Hogar,Sofá,Este,Efectivo,6,268.5,135.82,0.2,1288.79,814.93,473.87
2023-04-28,Electrónica,Smartphone,Centro,Transferencia,2,766.89,394.42,0.0,1533.79,788.84,744.95
2023-04-29,Ropa,Camiseta,Sur,Transferencia,8,94.07,35.25,0.2,602.02,282.02,320.0
2023-04-29,Hogar,Silla,Este,Transferencia,4,197.81,107.3,0.0,791.24,429.22,362.03
2023-04-29,Juguetes,Muñeca,Norte,Efectivo,10,84.68,38.24,0.1,762.11,382.43,379.68
2023-04-29,Juguetes,Lego,Norte,Efectivo,4,276.4,171.02,0.2,884.47,684.06,200.41
2023-04-29,Deportes,Cinta de correr,Norte,Efectivo,10,248.43,139.28,0.15,2111.65,1392.75,718.9
2023-04-29,Juguetes,Muñeca,Sur,Tarjeta de Crédito,6,188.7,109.67,0.0,1132.19,658.04,474.14
2023-04-29,Electrónica,Smartphone,Sur,Tarjeta de Crédito,4,1054.74,448.18,0.15,3586.1,1792.7,1793.4
2023-04-29,Deportes,Cinta de correr,Este,Tarjeta de Crédito,8,127.83,80.99,0.0,1022.67,647.92,374.75
2023-04-29,Ropa,Camiseta,Oeste,Efectivo,8,237.61,90.55,0.2,1520.7,724.42,796.28
2023-04-29,Juguetes,Muñeca,Sur,Transferencia,8,103.09,59.31,0.0,824.68,474.46,350.22
2023-04-30,Juguetes,Muñeca,Oeste,Efectivo,2,130.9,52.91,0.0,261.8,105.82,155.98
2023-04-30,Electrónica,Tablet,Centro,Transferencia,9,688.04,452.82,0.0,6192.37,4075.39,2116.98
2023-04-30,Electrónica,Auriculares,Oeste,Tarjeta de Crédito,8,1383.91,588.8,0.05,10517.71,4710.37,5807.34
2023-04-30,Hogar,Lámpara,Sur,Tarjeta de Crédito,10,156.37,82.19,0.2,1250.95,821.92,429.03
2023-04-30,Electrónica,Smartphone,Este,PayPal,5,1355.53,655.07,0.2,5422.11,3275.37,2146.74
2023-04-30,Electrónica,Auriculares,Sur,Efectivo,9,33.87,13.6,0.1,274.34,122.42,151.92
2023-04-30,Deportes,Raqueta,Oeste,PayPal,1,172.97,90.53,0.05,164.32,90.53,73.79
2023-04-30,Deportes,Cinta de correr,Oeste,Transferencia,7,224.15,152.71,0.2,1255.23,1068.94,186.3
2023-04-30,Ropa,Zapatos,Sur,Transferencia,5,231.98,148.93,0.15,985.91,744.65,241.26
2023-04-30,Electrónica,Smartwatch,Oeste,Transferencia,1,1248.41,557.41,0.05,1185.99,557.41,628.58
2023-04-30,Electrónica,Tablet,Sur,Tarjeta de Crédito,6,1301.59,502.79,0.2,6247.63,3016.75,3230.87
2023-04-30,Juguetes,Muñeca,Centro,Tarjeta de Crédito,4,118.14,72.01,0.0,472.55,288.03,184.52
2023-04-30,Electrónica,Auriculares,Norte,Tarjeta de Crédito,1,1632.73,623.35,0.0,1632.73,623.35,1009.38
2023-04-30,Electrónica,Laptop,Oeste,Efectivo,5,501.06,313.28,0.2,2004.25,1566.4,437.86
2023-04-30,Electrónica,Tablet,Este,PayPal,4,1030.65,551.59,0.1,3710.33,2206.36,1503.98
2023-05-01,Ropa,Pantalón,Norte,Transferencia,2,296.53,120.51,0.2,474.45,241.02,233.43
2023-05-01,Deportes,Pesas,Oeste,PayPal,7,167.2,104.85,0.0,1170.41,733.94,436.47
2023-05-01,Juguetes,Puzzle,Norte,Transferencia,4,207.95,90.88,0.05,790.22,363.53,426.69
2023-05-01,Hogar,Cama,Este,Transferencia,9,61.31,35.87,0.1,496.58,322.86,173.72
2023-05-01,Deportes,Raqueta,Sur,Efectivo,2,78.27,55.57,0.0,156.55,111.14,45.4
2023-05-01,Hogar,Mesa,Sur,PayPal,1,74.71,48.29,0.0,74.71,48.29,26.42
2023-05-01,Electrónica,Laptop,Centro,Efectivo,8,1225.7,517.78,0.0,9805.59,4142.27,5663.32
2023-05-01,Deportes,Pesas,Centro,Tarjeta de Crédito,3,242.37,111.0,0.0,727.12,333.0,394.13
2023-05-01,Ropa,Gorra,Norte,Efectivo,10,100.18,46.11,0.05,951.72,461.14,490.58
2023-05-01,Juguetes,Puzzle,Centro,PayPal,3,243.73,108.59,0.05,694.62,325.78,368.84
2023-05-01,Electrónica,Auriculares,Oeste,Efectivo,3,1359.4,598.82,0.05,3874.28,1796.45,2077.83
2023-05-01,Deportes,Raqueta,Sur,Transferencia,7,273.5,141.95,0.15,1627.32,993.66,633.66
2023-05-01,Electrónica,Auriculares,Centro,Tarjeta de Crédito,7,1257.22,509.16,0.0,8800.53,3564.11,5236.42
2023-05-02,Ropa,Zapatos,Este,PayPal,4,97.75,46.78,0.2,312.81,187.13,125.69
2023-05-02,Deportes,Bicicleta,Oeste,Tarjeta de Crédito,3,318.5,138.59,0.0,955.5,415.76,539.75
2023-05-02,Hogar,Mesa,Oeste,Efectivo,1,124.75,74.65,0.15,106.04,74.65,31.39
2023-05-02,Juguetes,Coche RC,Sur,Transferencia,9,276.77,151.32,0.0,2490.91,1361.91,1128.99
2023-05-02,Deportes,Bicicleta,Este,Tarjeta de Crédito,8,117.65,73.93,0.0,941.18,591.4,349.78
2023-05-02,Deportes,Pesas,Sur,PayPal,9,59.09,42.86,0.2,425.44,385.78,39.66
2023-05-02,Electrónica,Tablet,Oeste,Transferencia,10,1198.81,592.62,0.2,9590.51,5926.24,3664.28
2023-05-02,Hogar,Mesa,Norte,Transferencia,3,32.94,14.02,0.0,98.82,42.07,56.74
2023-05-02,Hogar,Silla,Este,Transferencia,3,162.52,66.8,0.0,487.57,200.41,287.16
2023-05-02,Electrónica,Laptop,Norte,Tarjeta de Crédito,6,209.97,119.88,0.2,1007.84,719.27,288.57
2023-05-02,Electrónica,Laptop,Centro,Transferencia,3,214.65,126.81,0.2,515.16,380.43,134.73
2023-05-02,Deportes,Balón,Norte,PayPal,1,178.78,95.11,0.05,169.84,95.11,74.73
2023-05-02,Juguetes,Coche RC,Norte,PayPal,8,215.55,79.75,0.0,1724.39,637.98,1086.41
2023-05-02,Deportes,Bicicleta,Centro,Transferencia,1,179.64,136.97,0.0,179.64,136.97,42.67
2023-05-02,Hogar,Mesa,Este,Transferencia,8,65.97,39.81,0.15,448.6,318.49,130.11
2023-05-02,Deportes,Balón,Centro,Efectivo,3,126.08,63.1,0.0,378.23,189.3,188.93
2023-05-03,Juguetes,Peluche,Norte,Transferencia,2,85.01,47.93,0.05,161.53,95.85,65.68
2023-05-03,Hogar,Mesa,Sur,PayPal,9,107.44,62.68,0.2,773.55,564.08,209.48
2023-05-03,Ropa,Chaqueta,Centro,Transferencia,9,211.46,75.96,0.15,1617.67,683.66,934.01
2023-05-03,Juguetes,Lego,Este,Transferencia,1,125.78,56.87,0.05,119.49,56.87,62.62
2023-05-03,Ropa,Camiseta,Sur,Efectivo,3,64.93,24.52,0.0,194.79,73.55,121.25
2023-05-03,Juguetes,Lego,Sur,Efectivo,6,133.92,95.38,0.0,803.5,572.28,231.22
2023-05-03,Hogar,Sofá,Centro,Efectivo,8,179.44,95.48,0.0,1435.55,763.81,671.74
2023-05-03,Ropa,Chaqueta,Centro,PayPal,10,187.99,124.35,0.05,1785.92,1243.47,542.45
2023-05-03,Juguetes,Lego,Sur,PayPal,8,186.66,96.91,0.1,1343.93,775.32,568.61
2023-05-03,Deportes,Raqueta,Este,Tarjeta de Crédito,1,50.72,23.77,0.15,43.11,23.77,19.34
2023-05-03,Deportes,Pesas,Norte,Efectivo,10,292.98,161.54,0.05,2783.3,1615.42,1167.87
2023-05-03,Ropa,Chaqueta,Este,Tarjeta de Crédito,6,238.5,119.24,0.0,1431.02,715.44,715.58
2023-05-03,Electrónica,Smartphone,Centro,PayPal,5,975.01,411.14,0.15,4143.81,2055.72,2088.09
2023-05-03,Electrónica,Laptop,Este,PayPal,10,24.25,14.97,0.05,230.35,149.71,80.64
2023-05-04,Ropa,Chaqueta,Este,PayPal,3,64.48,27.07,0.0,193.43,81.2,112.23
2023-05-04,Ropa,Camiseta,Oeste,Transferencia,1,148.71,113.39,0.0,148.71,113.39,35.32
2023-05-04,Electrónica,Laptop,Norte,Efectivo,1,1241.0,751.85,0.2,992.8,751.85,240.95
2023-05-04,Ropa,Gorra,Oeste,Efectivo,2,237.13,84.88,0.0,474.26,169.76,304.5
2023-05-04,Hogar,Silla,Centro,Transferencia,7,290.23,138.63,0.0,2031.63,970.38,1061.25
2023-05-04,Ropa,Camiseta,Este,Tarjeta de Crédito,1,60.06,31.3,0.0,60.06,31.3,28.76
2023-05-04,Deportes,Raqueta,Oeste,Efectivo,10,24.02,9.43,0.15,204.19,94.35,109.84
2023-05-04,Ropa,Camiseta,Centro,Transferencia,9,60.51,38.53,0.05,517.37,346.8,170.57
2023-05-04,Deportes,Pesas,Oeste,PayPal,10,238.77,129.46,0.0,2387.7,1294.6,1093.1
2023-05-04,Ropa,Zapatos,Norte,Tarjeta de Crédito,3,179.65,83.06,0.2,431.15,249.17,181.98
2023-05-04,Ropa,Pantalón,Este,Transferencia,1,217.12,134.58,0.15,184.55,134.58,49.97
2023-05-04,Deportes,Pesas,Sur,Tarjeta de Crédito,6,194.88,93.19,0.0,1169.27,559.12,610.15
2023-05-04,Electrónica,Laptop,Norte,Transferencia,3,219.94,129.14,0.0,659.81,387.41,272.4
2023-05-04,Deportes,Bicicleta,Centro,Efectivo,10,172.06,121.35,0.0,1720.6,1213.49,507.11
2023-05-04,Ropa,Pantalón,Norte,Tarjeta de Crédito,5,114.01,77.82,0.15,484.53,389.12,95.41
2023-05-04,Juguetes,Muñeca,Centro,Efectivo,9,108.21,42.27,0.15,827.83,380.43,447.4
2023-05-04,Electrónica,Smartwatch,Sur,Efectivo,1,757.31,330.18,0.0,757.31,330.18,427.13
2023-05-04,Juguetes,Coche RC,Norte,Transferencia,3,213.73,90.46,0.05,609.14,271.38,337.77
2023-05-05,Electrónica,Auriculares,Centro,Transferencia,3,1059.44,436.76,0.05,3019.4,1310.27,1709.13
2023-05-05,Hogar,Cama,Oeste,Transferencia,7,238.99,147.53,0.0,1672.96,1032.73,640.23
2023-05-05,Electrónica,Laptop,Oeste,Transferencia,6,714.08,448.27,0.0,4284.47,2689.62,1594.85
2023-05-05,Electrónica,Smartphone,Centro,PayPal,4,317.05,179.77,0.0,1268.19,719.09,549.1
2023-05-05,Deportes,Bicicleta,Oeste,Tarjeta de Crédito,9,343.9,195.32,0.0,3095.06,1757.89,1337.17
2023-05-05,Hogar,Silla,Centro,Tarjeta de Crédito,4,154.29,96.16,0.0,617.15,384.65,232.49
2023-05-05,Electrónica,Tablet,Sur,Transferencia,8,1378.02,984.5,0.15,9370.51,7875.96,1494.54
2023-05-05,Electrónica,Smartwatch,Este,Tarjeta de Crédito,7,335.99,176.73,0.0,2351.96,1237.11,1114.85
2023-05-05,Electrónica,Laptop,Sur,Efectivo,1,850.47,497.1,0.15,722.9,497.1,225.8
2023-05-05,Electrónica,Smartphone,Centro,Tarjeta de Crédito,7,211.63,97.38,0.1,1333.26,681.67,651.59
2023-05-05,Electrónica,Laptop,Norte,PayPal,10,550.73,369.46,0.0,5507.28,3694.61,1812.67
2023-05-05,Ropa,Chaqueta,Centro,Transferencia,3,161.7,69.26,0.0,485.09,207.78,277.31
2023-05-05,Juguetes,Peluche,Oeste,Transferencia,1,269.9,150.4,0.2,215.92,150.4,65.51
2023-05-05,Deportes,Balón,Oeste,Transferencia,7,244.84,89.46,0.0,1713.91,626.22,1087.7
2023-05-05,Deportes,Pesas,Norte,Tarjeta de Crédito,6,128.46,47.83,0.05,732.22,287.0,445.21
2023-05-05,Ropa,Gorra,Norte,PayPal,5,21.26,12.38,0.0,106.28,61.91,44.37
2023-05-05,Hogar,Lámpara,Sur,Tarjeta de Crédito,4,279.41,185.69,0.05,1061.75,742.77,318.98
2023-05-06,Hogar,Lámpara,Sur,PayPal,7,20.79,10.19,0.15,123.73,71.32,52.4
2023-05-06,Hogar,Cama,Oeste,Transferencia,6,215.91,131.03,0.1,1165.93,786.2,379.74
2023-05-06,Deportes,Cinta de correr,Oeste,PayPal,1,108.5,69.27,0.0,108.5,69.27,39.23
2023-05-06,Deportes,Cinta de correr,Norte,Transferencia,8,155.17,93.34,0.0,1241.33,746.71,494.62
2023-05-06,Ropa,Zapatos,Oeste,Efectivo,10,57.56,33.85,0.05,546.79,338.49,208.31
2023-05-06,Ropa,Pantalón,Este,Transferencia,5,185.71,114.08,0.1,835.69,570.38,265.31
2023-05-06,Electrónica,Smartwatch,Norte,Tarjeta de Crédito,5,1606.5,882.65,0.0,8032.51,4413.25,3619.26
2023-05-06,Electrónica,Smartwatch,Centro,Transferencia,9,1473.03,617.94,0.0,13257.26,5561.43,7695.84
2023-05-06,Electrónica,Smartwatch,Este,Efectivo,7,156.37,85.53,0.15,930.37,598.72,331.65
2023-05-06,Hogar,Lámpara,Norte,Tarjeta de Crédito,9,239.01,168.18,0.2,1720.85,1513.59,207.26
2023-05-06,Deportes,Raqueta,Este,Efectivo,2,139.45,65.72,0.0,278.89,131.44,147.45
2023-05-06,Hogar,Lámpara,Sur,Transferencia,10,132.62,54.98,0.05,1259.91,549.78,710.13
2023-05-06,Ropa,Camiseta,Sur,PayPal,2,125.5,86.72,0.2,200.8,173.45,27.35
2023-05-07,Hogar,Cama,Centro,Transferencia,10,104.23,74.79,0.05,990.22,747.93,242.3
2023-05-07,Juguetes,Peluche,Oeste,Efectivo,3,211.39,129.72,0.1,570.76,389.16,181.6
2023-05-07,Deportes,Balón,Centro,Efectivo,1,211.88,138.3,0.1,190.69,138.3,52.4
2023-05-07,Juguetes,Muñeca,Este,Efectivo,7,122.84,59.53,0.0,859.89,416.71,443.18
2023-05-07,Electrónica,Laptop,Este,Tarjeta de Crédito,1,318.08,127.33,0.0,318.08,127.33,190.75
2023-05-07,Ropa,Camiseta,Este,Efectivo,1,82.92,38.09,0.1,74.63,38.09,36.54
2023-05-07,Deportes,Pesas,Oeste,Transferencia,1,178.98,97.91,0.0,178.98,97.91,81.07
2023-05-07,Ropa,Chaqueta,Centro,Tarjeta de Crédito,7,202.38,77.93,0.0,1416.64,545.48,871.16
2023-05-07,Electrónica,Auriculares,Norte,PayPal,6,804.42,460.89,0.0,4826.51,2765.36,2061.15
2023-05-07,Juguetes,Peluche,Sur,Tarjeta de Crédito,4,125.59,58.94,0.0,502.36,235.78,266.58
2023-05-07,Hogar,Lámpara,Norte,Efectivo,4,166.62,79.26,0.1,599.84,317.05,282.79
2023-05-07,Electrónica,Auriculares,Norte,PayPal,1,1519.67,840.36,0.15,1291.72,840.36,451.36
2023-05-07,Juguetes,Lego,Sur,PayPal,5,309.8,174.04,0.0,1549.02,870.19,678.83
2023-05-07,Juguetes,Peluche,Sur,PayPal,6,62.62,32.23,0.2,300.55,193.39,107.16
2023-05-07,Deportes,Pesas,Este,Efectivo,10,206.11,124.57,0.0,2061.14,1245.71,815.43
2023-05-07,Hogar,Mesa,Norte,PayPal,6,314.47,196.05,0.2,1509.46,1176.33,333.13
2023-05-08,Electrónica,Tablet,Oeste,Transferencia,7,561.19,397.59,0.05,3731.95,2783.11,948.83
2023-05-08,Deportes,Raqueta,Sur,PayPal,5,127.73,66.97,0.1,574.77,334.84,239.93
2023-05-08,Deportes,Cinta de correr,Oeste,Tarjeta de Crédito,1,158.61,66.24,0.2,126.89,66.24,60.65
2023-05-08,Electrónica,Auriculares,Sur,Transferencia,6,426.81,244.55,0.0,2560.84,1467.31,1093.53
2023-05-08,Juguetes,Coche RC,Centro,Transferencia,4,97.46,52.14,0.0,389.85,208.56,181.29
2023-05-08,Ropa,Zapatos,Norte,Transferencia,10,181.78,120.22,0.2,1454.27,1202.24,252.03
2023-05-08,Juguetes,Coche RC,Norte,Efectivo,2,259.71,99.7,0.15,441.51,199.41,242.1
2023-05-08,Electrónica,Laptop,Centro,Transferencia,1,1001.12,610.59,0.1,901.01,610.59,290.42
2023-05-08,Hogar,Mesa,Centro,Transferencia,7,175.76,83.85,0.0,1230.34,586.94,643.4
2023-05-08,Hogar,Sofá,Centro,Transferencia,3,159.23,87.76,0.05,453.81,263.29,190.52
2023-05-08,Deportes,Bicicleta,Este,Efectivo,1,62.05,41.02,0.0,62.05,41.02,21.03
2023-05-08,Hogar,Silla,Norte,PayPal,7,73.96,44.79,0.0,517.75,313.54,204.21
2023-05-08,Electrónica,Tablet,Este,Transferencia,6,520.29,312.27,0.0,3121.72,1873.65,1248.08
2023-05-08,Hogar,Lámpara,Centro,Efectivo,4,207.18,139.38,0.0,828.71,557.53,271.17
2023-05-08,Deportes,Bicicleta,Norte,Transferencia,5,312.5,133.66,0.0,1562.49,668.3,894.19
2023-05-08,Ropa,Chaqueta,Norte,Transferencia,10,279.9,128.52,0.0,2799.0,1285.2,1513.79
2023-05-08,Juguetes,Lego,Sur,Efectivo,8,128.91,72.87,0.0,1031.3,582.98,448.31
2023-05-08,Ropa,Pantalón,Sur,Transferencia,7,18.37,10.97,0.0,128.56,76.79,51.77
2023-05-08,Electrónica,Laptop,Norte,PayPal,10,1425.26,926.3,0.2,11402.11,9262.98,2139.13
2023-05-08,Electrónica,Auriculares,Oeste,PayPal,4,1385.8,757.36,0.15,4711.73,3029.44,1682.28
2023-05-09,Ropa,Camiseta,Norte,Tarjeta de Crédito,7,100.43,46.41,0.1,632.74,324.86,307.88
2023-05-09,Deportes,Balón,Sur,Transferencia,2,140.18,81.68,0.0,280.36,163.36,117.0
2023-05-09,Hogar,Sofá,Centro,Efectivo,1,32.77,22.16,0.2,26.22,22.16,4.05
2023-05-09,Hogar,Lámpara,Oeste,Tarjeta de Crédito,10,174.64,92.1,0.0,1746.41,920.95,825.46
2023-05-09,Electrónica,Auriculares,Este,PayPal,7,698.25,283.46,0.05,4643.38,1984.24,2659.13
2023-05-09,Hogar,Silla,Sur,Transferencia,6,106.2,69.28,0.0,637.22,415.65,221.57
2023-05-09,Deportes,Pesas,Este,Transferencia,5,239.91,117.65,0.2,959.64,588.25,371.39
2023-05-09,Deportes,Pesas,Oeste,Transferencia,3,256.62,142.43,0.1,692.89,427.3,265.58
2023-05-09,Deportes,Cinta de correr,Oeste,PayPal,9,151.83,81.82,0.0,1366.48,736.36,630.12
2023-05-09,Electrónica,Smartphone,Sur,Transferencia,7,558.32,327.92,0.0,3908.23,2295.41,1612.83
2023-05-09,Electrónica,Auriculares,Centro,Transferencia,3,1042.42,610.7,0.2,2501.81,1832.1,669.7
2023-05-10,Juguetes,Lego,Oeste,Efectivo,8,167.33,65.67,0.0,1338.64,525.35,813.29
2023-05-10,Hogar,Silla,Centro,Efectivo,4,153.78,65.69,0.1,553.62,262.74,290.88
2023-05-10,Deportes,Balón,Sur,Efectivo,9,225.89,105.53,0.0,2033.0,949.73,1083.27
2023-05-10,Electrónica,Smartwatch,Sur,Transferencia,1,994.54,495.77,0.0,994.54,495.77,498.78
2023-05-10,Deportes,Cinta de correr,Este,Transferencia,7,204.16,130.01,0.15,1214.78,910.05,304.72
2023-05-10,Juguetes,Peluche,Este,Efectivo,5,114.49,58.25,0.0,572.47,291.23,281.24
2023-05-10,Deportes,Raqueta,Centro,Efectivo,9,268.35,157.89,0.0,2415.19,1421.0,994.19
2023-05-10,Hogar,Cama,Este,Tarjeta de Crédito,7,281.62,140.33,0.0,1971.32,982.3,989.01
2023-05-10,Ropa,Camiseta,Norte,Tarjeta de Crédito,10,306.38,153.71,0.0,3063.8,1537.08,1526.71
2023-05-10,Juguetes,Muñeca,Centro,Transferencia,5,42.08,25.21,0.2,168.3,126.06,42.25
2023-05-10,Hogar,Silla,Este,Transferencia,6,114.25,80.71,0.05,651.25,484.24,167.0
2023-05-11,Juguetes,Puzzle,Oeste,Tarjeta de Crédito,5,88.44,36.9,0.1,397.98,184.5,213.48
2023-05-11,Ropa,Zapatos,Oeste,Efectivo,8,129.07,63.83,0.0,1032.58,510.65,521.93
2023-05-11,Hogar,Cama,Oeste,PayPal,2,176.42,75.77,0.2,282.27,151.54,130.73
2023-05-11,Juguetes,Muñeca,Este,Tarjeta de Crédito,8,220.03,96.08,0.2,1408.19,768.64,639.55
2023-05-11,Hogar,Lámpara,Centro,PayPal,6,271.79,102.06,0.15,1386.12,612.33,773.79
2023-05-11,Hogar,Mesa,Centro,Efectivo,2,80.38,44.91,0.1,144.69,89.82,54.87
2023-05-11,Deportes,Pesas,Centro,Transferencia,2,159.69,103.86,0.0,319.38,207.73,111.65
2023-05-11,Ropa,Gorra,Centro,Efectivo,9,132.48,51.75,0.05,1132.69,465.75,666.94
2023-05-11,Hogar,Sofá,Sur,Tarjeta de Crédito,1,263.81,118.81,0.15,224.24,118.81,105.43
2023-05-12,Ropa,Gorra,Norte,Efectivo,4,144.35,75.71,0.2,461.91,302.84,159.07
2023-05-12,Ropa,Chaqueta,Este,Tarjeta de Crédito,6,67.49,47.48,0.0,404.94,284.88,120.06
2023-05-12,Hogar,Sofá,Este,PayPal,5,126.06,60.19,0.1,567.26,300.95,266.31
2023-05-12,Hogar,Silla,Norte,Tarjeta de Crédito,4,132.6,62.22,0.0,530.42,248.89,281.53
2023-05-12,Ropa,Zapatos,Centro,Efectivo,7,117.96,75.85,0.2,660.58,530.95,129.63
2023-05-12,Juguetes,Muñeca,Oeste,Tarjeta de Crédito,4,201.63,116.44,0.0,806.5,465.75,340.76
2023-05-12,Deportes,Cinta de correr,Oeste,Transferencia,7,217.27,150.92,0.05,1444.84,1056.46,388.38
2023-05-12,Juguetes,Puzzle,Oeste,Efectivo,7,133.05,92.34,0.0,931.35,646.39,284.96
2023-05-12,Deportes,Cinta de correr,Sur,Efectivo,4,145.94,65.47,0.0,583.75,261.88,321.86
2023-05-13,Juguetes,Muñeca,Oeste,Transferencia,1,227.43,145.58,0.0,227.43,145.58,81.84
2023-05-13,Hogar,Mesa,Norte,Tarjeta de Crédito,1,24.9,15.17,0.0,24.9,15.17,9.73
2023-05-13,Juguetes,Puzzle,Oeste,Tarjeta de Crédito,2,198.8,96.76,0.0,397.61,193.51,204.09
2023-05-13,Hogar,Cama,Este,PayPal,8,117.56,58.21,0.0,940.5,465.65,474.85
2023-05-13,Deportes,Bicicleta,Centro,PayPal,9,278.73,167.7,0.0,2508.58,1509.26,999.32
2023-05-13,Electrónica,Auriculares,Centro,PayPal,9,805.09,441.98,0.1,6521.25,3977.78,2543.47
2023-05-13,Electrónica,Smartwatch,Sur,PayPal,5,573.98,255.37,0.0,2869.88,1276.84,1593.04
2023-05-13,Ropa,Chaqueta,Norte,Tarjeta de Crédito,4,253.39,102.11,0.05,962.89,408.43,554.45
2023-05-13,Juguetes,Lego,Sur,Transferencia,8,301.92,111.58,0.2,1932.28,892.63,1039.65
2023-05-14,Electrónica,Tablet,Oeste,Efectivo,8,191.41,106.09,0.1,1378.14,848.7,529.45
2023-05-14,Electrónica,Auriculares,Centro,Efectivo,1,447.09,239.74,0.15,380.02,239.74,140.28
2023-05-14,Hogar,Mesa,Centro,PayPal,6,87.34,42.61,0.0,524.02,255.65,268.37
2023-05-14,Deportes,Balón,Oeste,PayPal,7,201.57,77.56,0.2,1128.81,542.92,585.89
2023-05-14,Ropa,Chaqueta,Oeste,Tarjeta de Crédito,5,35.28,17.54,0.0,176.39,87.7,88.69
2023-05-14,Electrónica,Smartphone,Este,PayPal,9,870.02,567.01,0.0,7830.2,5103.11,2727.09
2023-05-14,Deportes,Bicicleta,Centro,Efectivo,8,181.75,72.78,0.0,1453.99,582.22,871.77
2023-05-14,Electrónica,Auriculares,Sur,PayPal,7,475.61,264.89,0.1,2996.36,1854.23,1142.13
2023-05-14,Hogar,Lámpara,Centro,Tarjeta de Crédito,8,24.69,9.73,0.15,167.87,77.85,90.01
2023-05-14,Deportes,Balón,Oeste,Tarjeta de Crédito,8,36.7,19.56,0.1,264.24,156.51,107.73
2023-05-14,Deportes,Pesas,Centro,Efectivo,2,245.5,118.95,0.05,466.44,237.89,228.55
2023-05-14,Juguetes,Muñeca,Oeste,Efectivo,7,157.02,96.03,0.0,1099.17,672.18,426.99
2023-05-14,Deportes,Pesas,Norte,Tarjeta de Crédito,5,58.18,40.78,0.05,276.36,203.92,72.44
2023-05-14,Juguetes,Coche RC,Centro,Transferencia,4,55.54,28.52,0.05,211.04,114.07,96.96
2023-05-15,Deportes,Cinta de correr,Centro,Tarjeta de Crédito,9,68.43,44.2,0.15,523.49,397.84,125.65
2023-05-15,Ropa,Camiseta,Norte,Transferencia,9,143.44,94.05,0.1,1161.86,846.47,315.39
2023-05-15,Hogar,Mesa,Oeste,Transferencia,9,335.77,188.3,0.05,2870.84,1694.69,1176.15
2023-05-15,Electrónica,Smartwatch,Sur,Tarjeta de Crédito,5,1508.35,652.0,0.2,6033.4,3260.02,2773.38
2023-05-15,Deportes,Balón,Norte,Efectivo,4,338.88,137.26,0.15,1152.2,549.05,603.15
2023-05-15,Ropa,Zapatos,Sur,PayPal,3,196.78,79.1,0.0,590.33,237.31,353.02
2023-05-15,Electrónica,Smartphone,Este,Tarjeta de Crédito,4,500.67,206.5,0.0,2002.7,825.99,1176.71
2023-05-15,Ropa,Camiseta,Este,Efectivo,7,50.31,21.53,0.0,352.18,150.74,201.44
2023-05-15,Hogar,Mesa,Norte,PayPal,4,91.37,49.75,0.0,365.49,199.01,166.49
2023-05-15,Electrónica,Smartwatch,Centro,Tarjeta de Crédito,5,460.56,181.5,0.2,1842.23,907.52,934.71
2023-05-15,Deportes,Balón,Centro,Transferencia,10,49.41,22.72,0.15,419.95,227.24,192.71
2023-05-15,Hogar,Lámpara,Este,Tarjeta de Crédito,1,187.92,76.47,0.0,187.92,76.47,111.45
2023-05-16,Ropa,Chaqueta,Oeste,Efectivo,8,45.34,25.81,0.0,362.73,206.52,156.21
2023-05-16,Juguetes,Muñeca,Oeste,Tarjeta de Crédito,5,183.33,131.61,0.2,733.33,658.04,75.29
2023-05-16,Ropa,Zapatos,Este,Efectivo,6,78.26,30.69,0.2,375.63,184.14,191.5
2023-05-16,Ropa,Gorra,Oeste,PayPal,3,285.45,110.21,0.05,813.54,330.62,482.92
2023-05-16,Ropa,Zapatos,Este,Tarjeta de Crédito,3,160.96,60.55,0.0,482.89,181.65,301.24
2023-05-16,Electrónica,Auriculares,Centro,PayPal,1,182.23,100.31,0.0,182.23,100.31,81.92
2023-05-16,Juguetes,Coche RC,Centro,Transferencia,1,93.39,40.96,0.1,84.05,40.96,43.09
2023-05-16,Deportes,Balón,Sur,PayPal,1,259.31,105.69,0.1,233.38,105.69,127.69
2023-05-16,Hogar,Silla,Norte,PayPal,8,122.03,77.21,0.0,976.21,617.66,358.55
2023-05-16,Juguetes,Muñeca,Centro,Efectivo,4,248.33,156.6,0.1,893.98,626.39,267.6
2023-05-16,Hogar,Lámpara,Oeste,PayPal,4,135.94,50.81,0.0,543.78,203.25,340.53
2023-05-16,Deportes,Raqueta,Norte,PayPal,5,95.97,47.27,0.0,479.85,236.33,243.53
2023-05-16,Juguetes,Peluche,Oeste,Transferencia,3,308.97,143.49,0.15,787.87,430.46,357.41
2023-05-16,Hogar,Cama,Oeste,Efectivo,6,18.59,8.78,0.2,89.21,52.71,36.5
2023-05-16,Hogar,Sofá,Este,Efectivo,7,78.23,41.29,0.2,438.08,289.01,149.07
2023-05-16,Hogar,Cama,Oeste,PayPal,4,267.95,124.69,0.0,1071.79,498.77,573.01
2023-05-16,Deportes,Bicicleta,Centro,Transferencia,2,182.31,118.84,0.15,309.93,237.69,72.25
2023-05-16,Electrónica,Laptop,Sur,PayPal,7,669.81,288.85,0.15,3985.39,2021.97,1963.42
2023-05-16,Electrónica,Smartphone,Norte,Efectivo,7,389.18,168.49,0.0,2724.29,1179.43,1544.86
2023-05-16,Deportes,Raqueta,Oeste,PayPal,5,135.46,84.55,0.05,643.45,422.75,220.7
2023-05-16,Hogar,Lámpara,Norte,Transferencia,3,119.62,64.05,0.05,340.91,192.16,148.75
2023-05-16,Deportes,Pesas,Norte,Transferencia,6,157.43,98.49,0.1,850.1,590.92,259.19
2023-05-16,Ropa,Zapatos,Norte,Efectivo,6,202.57,84.63,0.0,1215.44,507.8,707.64
2023-05-16,Hogar,Mesa,Centro,Tarjeta de Crédito,5,186.88,80.42,0.0,934.38,402.12,532.25
2023-05-17,Deportes,Pesas,Norte,Transferencia,8,211.89,129.6,0.1,1525.59,1036.77,488.82
2023-05-17,Electrónica,Tablet,Oeste,Efectivo,2,755.15,282.06,0.2,1208.25,564.13,644.12
2023-05-17,Electrónica,Smartwatch,Oeste,PayPal,7,352.06,144.45,0.0,2464.39,1011.13,1453.25
2023-05-17,Juguetes,Puzzle,Oeste,Efectivo,10,194.5,101.89,0.0,1944.95,1018.86,926.09
2023-05-17,Juguetes,Puzzle,Oeste,Efectivo,1,150.73,61.85,0.0,150.73,61.85,88.88
2023-05-17,Deportes,Bicicleta,Oeste,Transferencia,2,83.32,40.44,0.0,166.65,80.88,85.76
2023-05-17,Electrónica,Smartwatch,Este,Efectivo,4,1067.23,553.34,0.0,4268.91,2213.35,2055.56
2023-05-17,Deportes,Cinta de correr,Norte,Transferencia,9,56.0,26.24,0.0,504.03,236.2,267.83
2023-05-17,Electrónica,Smartphone,Sur,Transferencia,1,429.25,252.46,0.0,429.25,252.46,176.78
2023-05-17,Ropa,Camiseta,Norte,Tarjeta de Crédito,8,59.51,23.55,0.0,476.11,188.43,287.68
2023-05-17,Electrónica,Laptop,Norte,PayPal,3,409.98,210.84,0.0,1229.95,632.52,597.43
2023-05-17,Electrónica,Tablet,Sur,PayPal,2,294.26,129.19,0.15,500.24,258.38,241.86
2023-05-17,Deportes,Raqueta,Centro,Tarjeta de Crédito,7,42.83,22.47,0.0,299.78,157.29,142.48
2023-05-18,Ropa,Camiseta,Oeste,Tarjeta de Crédito,7,51.6,23.23,0.1,325.08,162.59,162.49
2023-05-18,Juguetes,Muñeca,Centro,Transferencia,1,32.9,18.0,0.0,32.9,18.0,14.9
2023-05-18,Juguetes,Puzzle,Centro,Transferencia,3,193.26,132.63,0.2,463.83,397.88,65.95
2023-05-18,Hogar,Lámpara,Centro,Efectivo,3,48.08,30.19,0.0,144.25,90.58,53.67
2023-05-18,Deportes,Raqueta,Oeste,Transferencia,2,317.24,141.12,0.15,539.31,282.24,257.07
2023-05-18,Electrónica,Auriculares,Norte,PayPal,8,1054.88,629.51,0.0,8439.08,5036.06,3403.01
2023-05-18,Hogar,Mesa,Centro,Tarjeta de Crédito,5,192.4,126.09,0.0,962.01,630.44,331.57
2023-05-18,Electrónica,Auriculares,Centro,Tarjeta de Crédito,10,190.58,77.62,0.05,1810.49,776.22,1034.27
2023-05-18,Electrónica,Smartphone,Norte,Tarjeta de Crédito,9,888.46,443.17,0.0,7996.15,3988.53,4007.62
2023-05-18,Juguetes,Muñeca,Oeste,PayPal,3,218.49,86.07,0.0,655.48,258.2,397.28
2023-05-18,Ropa,Zapatos,Este,Transferencia,9,281.08,134.99,0.0,2529.7,1214.89,1314.81
2023-05-18,Deportes,Cinta de correr,Este,Transferencia,9,79.99,46.06,0.2,575.95,414.52,161.43
2023-05-18,Electrónica,Laptop,Norte,Efectivo,8,167.15,64.08,0.0,1337.22,512.62,824.59
2023-05-18,Deportes,Pesas,Centro,Tarjeta de Crédito,4,134.1,60.39,0.0,536.41,241.56,294.85
2023-05-18,Deportes,Bicicleta,Este,Efectivo,3,30.89,13.98,0.1,83.41,41.94,41.47
2023-05-18,Hogar,Cama,Norte,Transferencia,8,205.83,131.71,0.0,1646.68,1053.71,592.97
2023-05-19,Deportes,Pesas,Oeste,Tarjeta de Crédito,4,234.36,124.85,0.0,937.42,499.39,438.03
2023-05-19,Hogar,Cama,Norte,PayPal,8,105.98,55.74,0.1,763.03,445.96,317.07
2023-05-19,Juguetes,Puzzle,Sur,Transferencia,7,28.1,11.17,0.05,186.89,78.22,108.67
2023-05-19,Ropa,Camiseta,Norte,Efectivo,9,192.45,115.98,0.15,1472.2,1043.79,428.42
2023-05-19,Deportes,Pesas,Sur,Efectivo,6,217.51,108.63,0.05,1239.8,651.8,588.0
2023-05-19,Juguetes,Peluche,Oeste,Efectivo,7,109.66,68.68,0.0,767.6,480.79,286.82
2023-05-19,Ropa,Pantalón,Oeste,PayPal,7,159.04,78.77,0.15,946.29,551.4,394.89
2023-05-19,Juguetes,Puzzle,Sur,Transferencia,5,208.98,87.1,0.0,1044.92,435.49,609.44
2023-05-19,Hogar,Cama,Sur,Transferencia,1,122.97,44.66,0.05,116.82,44.66,72.16
2023-05-20,Juguetes,Lego,Sur,Tarjeta de Crédito,1,288.66,125.98,0.0,288.66,125.98,162.68
2023-05-20,Electrónica,Smartwatch,Centro,Efectivo,1,231.68,121.35,0.0,231.68,121.35,110.34
2023-05-20,Hogar,Mesa,Sur,Efectivo,8,137.69,73.8,0.1,991.37,590.43,400.94
2023-05-20,Juguetes,Coche RC,Sur,PayPal,5,109.16,52.44,0.1,491.22,262.21,229.0
2023-05-20,Ropa,Pantalón,Norte,Tarjeta de Crédito,8,316.85,131.66,0.0,2534.78,1053.25,1481.53
2023-05-20,Juguetes,Coche RC,Este,Tarjeta de Crédito,3,281.89,152.46,0.05,803.38,457.39,345.99
2023-05-20,Deportes,Balón,Sur,Tarjeta de Crédito,1,125.19,78.52,0.15,106.42,78.52,27.9
2023-05-20,Deportes,Pesas,Norte,Efectivo,6,23.32,15.21,0.05,132.92,91.24,41.68
2023-05-20,Juguetes,Puzzle,Sur,PayPal,10,256.71,149.7,0.0,2567.08,1497.05,1070.04
2023-05-20,Electrónica,Laptop,Centro,Efectivo,10,1351.63,804.47,0.0,13516.27,8044.73,5471.54
2023-05-20,Ropa,Chaqueta,Norte,PayPal,1,302.53,113.98,0.15,257.15,113.98,143.17
2023-05-20,Electrónica,Smartphone,Sur,PayPal,10,824.27,481.7,0.2,6594.13,4816.98,1777.15
2023-05-20,Electrónica,Auriculares,Este,Efectivo,2,904.39,499.48,0.1,1627.91,998.96,628.95
2023-05-20,Deportes,Cinta de correr,Centro,Transferencia,9,53.85,23.83,0.15,411.99,214.48,197.51
2023-05-20,Ropa,Gorra,Oeste,Tarjeta de Crédito,1,268.66,124.57,0.0,268.66,124.57,144.09
2023-05-20,Ropa,Pantalón,Oeste,Tarjeta de Crédito,5,19.84,10.06,0.0,99.19,50.28,48.92
2023-05-20,Electrónica,Smartwatch,Centro,Transferencia,5,1304.34,678.95,0.0,6521.72,3394.75,3126.97
2023-05-21,Deportes,Balón,Oeste,Efectivo,3,178.43,89.89,0.05,508.54,269.67,238.87
2023-05-21,Hogar,Sofá,Centro,PayPal,4,248.76,98.18,0.2,796.04,392.71,403.32
2023-05-21,Deportes,Balón,Oeste,PayPal,1,233.66,132.19,0.1,210.3,132.19,78.11
2023-05-21,Electrónica,Tablet,Sur,Efectivo,1,944.53,409.53,0.0,944.53,409.53,535.0
2023-05-21,Electrónica,Tablet,Oeste,Efectivo,2,1143.26,456.21,0.15,1943.54,912.42,1031.12
2023-05-21,Electrónica,Auriculares,Oeste,Tarjeta de Crédito,6,887.61,397.38,0.2,4260.52,2384.26,1876.27
2023-05-21,Deportes,Pesas,Norte,Tarjeta de Crédito,1,244.04,89.34,0.0,244.04,89.34,154.7
2023-05-21,Deportes,Pesas,Sur,Transferencia,2,290.3,109.75,0.2,464.48,219.51,244.97
2023-05-21,Electrónica,Laptop,Sur,Efectivo,8,405.19,202.28,0.0,3241.54,1618.27,1623.27
2023-05-21,Juguetes,Muñeca,Sur,PayPal,4,231.98,138.98,0.05,881.52,555.9,325.62
2023-05-21,Electrónica,Smartphone,Oeste,Tarjeta de Crédito,5,1128.59,451.5,0.2,4514.36,2257.5,2256.86
2023-05-21,Deportes,Pesas,Oeste,Efectivo,4,12.95,7.0,0.0,51.8,28.0,23.8
2023-05-21,Ropa,Chaqueta,Norte,Efectivo,1,272.68,129.85,0.1,245.41,129.85,115.56
2023-05-21,Hogar,Sofá,Norte,Efectivo,2,178.58,85.31,0.05,339.31,170.63,168.68
2023-05-21,Hogar,Sofá,Oeste,Tarjeta de Crédito,7,42.34,16.33,0.2,237.11,114.34,122.77
2023-05-21,Electrónica,Smartphone,Oeste,Efectivo,6,1579.83,912.62,0.05,9005.03,5475.75,3529.29
2023-05-21,Juguetes,Peluche,Sur,PayPal,3,16.89,10.41,0.0,50.66,31.22,19.44
2023-05-22,Electrónica,Laptop,Sur,PayPal,4,869.66,534.45,0.0,3478.66,2137.81,1340.85
2023-05-22,Hogar,Cama,Centro,Transferencia,9,247.25,99.87,0.0,2225.28,898.8,1326.48
2023-05-22,Ropa,Zapatos,Norte,Tarjeta de Crédito,5,146.04,64.6,0.2,584.14,322.98,261.16
2023-05-22,Electrónica,Laptop,Norte,Efectivo,2,864.24,449.97,0.0,1728.49,899.94,828.55
2023-05-22,Juguetes,Peluche,Sur,Efectivo,7,108.12,42.17,0.05,718.99,295.16,423.83
2023-05-22,Ropa,Pantalón,Norte,Transferencia,10,80.04,35.6,0.2,640.31,355.95,284.36
2023-05-22,Electrónica,Smartwatch,Centro,Tarjeta de Crédito,9,399.12,160.43,0.0,3592.1,1443.84,2148.26
2023-05-22,Electrónica,Smartwatch,Norte,PayPal,9,905.31,574.08,0.0,8147.77,5166.71,2981.06
2023-05-22,Ropa,Chaqueta,Centro,Tarjeta de Crédito,9,217.02,83.06,0.0,1953.22,747.56,1205.66
2023-05-22,Deportes,Raqueta,Centro,Transferencia,5,97.05,67.78,0.0,485.26,338.9,146.36
2023-05-22,Juguetes,Lego,Sur,Tarjeta de Crédito,4,158.37,69.22,0.05,601.8,276.88,324.92
2023-05-22,Ropa,Camiseta,Este,Tarjeta de Crédito,6,325.67,189.32,0.2,1563.24,1135.91,427.33
2023-05-22,Ropa,Pantalón,Norte,Transferencia,9,231.96,128.23,0.05,1983.22,1154.09,829.14
2023-05-22,Juguetes,Muñeca,Norte,PayPal,3,292.79,125.47,0.15,746.62,376.4,370.21
2023-05-22,Hogar,Mesa,Norte,Tarjeta de Crédito,4,20.43,9.88,0.15,69.47,39.54,29.93
2023-05-23,Ropa,Camiseta,Sur,Efectivo,7,303.33,122.23,0.05,2017.14,855.64,1161.51
2023-05-23,Deportes,Bicicleta,Norte,PayPal,3,100.06,49.43,0.15,255.16,148.3,106.86
2023-05-23,Electrónica,Tablet,Norte,PayPal,3,1014.83,587.07,0.05,2892.26,1761.21,1131.05
2023-05-23,Deportes,Balón,Este,PayPal,6,229.09,110.48,0.05,1305.83,662.89,642.94
2023-05-23,Juguetes,Lego,Norte,Transferencia,8,300.06,192.25,0.0,2400.46,1537.97,862.49
2023-05-23,Hogar,Sofá,Sur,Tarjeta de Crédito,8,259.79,185.16,0.15,1766.58,1481.26,285.31
2023-05-23,Electrónica,Laptop,Sur,Tarjeta de Crédito,4,1073.05,569.76,0.2,3433.76,2279.04,1154.72
2023-05-23,Electrónica,Auriculares,Sur,PayPal,7,256.2,141.77,0.0,1793.37,992.36,801.01
2023-05-23,Deportes,Bicicleta,Norte,Efectivo,1,144.03,98.65,0.1,129.62,98.65,30.98
2023-05-23,Juguetes,Puzzle,Oeste,PayPal,2,266.71,161.05,0.15,453.41,322.1,131.32
2023-05-23,Ropa,Camiseta,Centro,Transferencia,3,254.73,147.68,0.0,764.2,443.04,321.16
2023-05-23,Juguetes,Puzzle,Centro,Efectivo,7,12.5,6.26,0.0,87.5,43.81,43.69
2023-05-23,Deportes,Cinta de correr,Sur,Transferencia,1,74.19,27.11,0.0,74.19,27.11,47.08
2023-05-23,Ropa,Zapatos,Norte,Tarjeta de Crédito,1,124.26,89.54,0.05,118.05,89.54,28.51
2023-05-23,Juguetes,Peluche,Sur,Tarjeta de Crédito,2,213.08,79.13,0.2,340.93,158.26,182.67
2023-05-23,Hogar,Sofá,Oeste,PayPal,8,259.64,126.98,0.0,2077.12,1015.88,1061.25
2023-05-24,Hogar,Lámpara,Oeste,Transferencia,8,266.53,137.38,0.0,2132.24,1099.01,1033.23
2023-05-24,Hogar,Lámpara,Oeste,Tarjeta de Crédito,8,38.33,21.73,0.2,245.31,173.83,71.48
2023-05-24,Ropa,Camiseta,Oeste,Tarjeta de Crédito,10,84.46,52.68,0.15,717.92,526.79,191.13
2023-05-24,Deportes,Balón,Centro,Efectivo,1,42.21,22.33,0.0,42.21,22.33,19.87
2023-05-24,Deportes,Pesas,Este,Transferencia,10,190.44,114.93,0.0,1904.4,1149.33,755.07
2023-05-24,Hogar,Sofá,Sur,Transferencia,2,101.92,68.11,0.0,203.83,136.21,67.62
2023-05-24,Ropa,Zapatos,Norte,PayPal,9,134.08,101.64,0.15,1025.69,914.77,110.92
2023-05-24,Juguetes,Peluche,Este,Efectivo,4,134.25,75.29,0.0,536.98,301.16,235.83
2023-05-24,Juguetes,Puzzle,Norte,PayPal,10,170.12,102.8,0.2,1360.94,1027.96,332.98
2023-05-24,Electrónica,Smartwatch,Sur,Tarjeta de Crédito,4,1204.3,502.55,0.15,4094.61,2010.21,2084.4
2023-05-24,Electrónica,Tablet,Oeste,Transferencia,4,815.37,390.75,0.0,3261.48,1562.99,1698.49
2023-05-25,Ropa,Pantalón,Centro,PayPal,9,262.88,145.79,0.05,2247.59,1312.09,935.5
2023-05-25,Ropa,Gorra,Sur,Efectivo,1,90.16,50.34,0.0,90.16,50.34,39.82
2023-05-25,Deportes,Raqueta,Norte,PayPal,9,226.71,158.81,0.05,1938.37,1429.27,509.09
2023-05-25,Deportes,Bicicleta,Sur,Tarjeta de Crédito,4,106.28,73.56,0.0,425.13,294.26,130.88
2023-05-25,Ropa,Gorra,Este,Efectivo,10,250.75,163.55,0.0,2507.55,1635.49,872.06
2023-05-25,Ropa,Chaqueta,Oeste,Efectivo,7,256.25,139.66,0.0,1793.74,977.6,816.14
2023-05-25,Hogar,Lámpara,Centro,Tarjeta de Crédito,10,262.56,133.51,0.05,2494.28,1335.14,1159.14
2023-05-25,Ropa,Camiseta,Este,PayPal,3,125.33,81.62,0.2,300.8,244.86,55.94
2023-05-25,Ropa,Camiseta,Centro,Efectivo,9,71.0,47.67,0.0,639.04,429.02,210.02
2023-05-25,Hogar,Cama,Oeste,PayPal,3,341.62,172.09,0.0,1024.85,516.26,508.58
2023-05-25,Hogar,Mesa,Oeste,Transferencia,3,42.16,19.18,0.1,113.83,57.53,56.3
2023-05-25,Hogar,Sofá,Norte,Transferencia,10,58.59,31.85,0.2,468.76,318.51,150.25
2023-05-26,Electrónica,Auriculares,Sur,PayPal,3,232.15,95.33,0.2,557.17,285.99,271.18
2023-05-26,Electrónica,Smartphone,Sur,Efectivo,2,1342.86,538.21,0.0,2685.71,1076.42,1609.29
2023-05-26,Ropa,Zapatos,Norte,Efectivo,5,202.92,103.66,0.0,1014.62,518.28,496.34
2023-05-26,Ropa,Camiseta,Norte,Tarjeta de Crédito,7,211.81,102.24,0.0,1482.66,715.66,766.99
2023-05-26,Hogar,Silla,Centro,PayPal,6,212.68,83.13,0.2,1020.85,498.76,522.09
2023-05-26,Electrónica,Smartphone,Este,PayPal,3,1407.44,871.76,0.2,3377.86,2615.27,762.59
2023-05-26,Deportes,Raqueta,Sur,Tarjeta de Crédito,10,272.23,125.38,0.2,2177.85,1253.84,924.02
2023-05-26,Hogar,Lámpara,Este,Tarjeta de Crédito,3,268.32,173.22,0.0,804.97,519.66,285.32
2023-05-26,Hogar,Mesa,Oeste,PayPal,2,70.28,27.77,0.0,140.57,55.55,85.02
2023-05-26,Electrónica,Laptop,Norte,PayPal,9,239.58,159.0,0.0,2156.25,1431.0,725.25
2023-05-26,Hogar,Cama,Este,PayPal,8,57.87,29.66,0.0,462.99,237.25,225.74
2023-05-26,Electrónica,Auriculares,Oeste,Transferencia,9,973.09,398.2,0.0,8757.83,3583.79,5174.04
2023-05-27,Deportes,Pesas,Norte,Tarjeta de Crédito,5,256.43,174.55,0.1,1153.93,872.77,281.15
2023-05-27,Electrónica,Tablet,Este,Transferencia,7,1387.8,876.0,0.0,9714.57,6131.98,3582.59
2023-05-27,Electrónica,Tablet,Norte,Transferencia,2,121.04,66.87,0.0,242.08,133.74,108.33
2023-05-27,Juguetes,Coche RC,Oeste,Transferencia,4,106.7,66.66,0.0,426.82,266.64,160.18
2023-05-27,Electrónica,Laptop,Oeste,Transferencia,2,1601.06,915.23,0.0,3202.11,1830.45,1371.66
2023-05-27,Electrónica,Auriculares,Este,PayPal,10,570.11,287.9,0.0,5701.12,2878.99,2822.13
2023-05-27,Hogar,Sofá,Norte,Efectivo,7,284.86,133.51,0.1,1794.64,934.56,860.08
2023-05-27,Ropa,Camiseta,Oeste,Tarjeta de Crédito,6,111.25,62.35,0.05,634.12,374.1,260.02
2023-05-27,Juguetes,Peluche,Sur,Tarjeta de Crédito,10,138.4,57.62,0.1,1245.57,576.16,669.41
2023-05-27,Deportes,Bicicleta,Oeste,Tarjeta de Crédito,9,124.84,81.2,0.1,1011.2,730.81,280.38
2023-05-27,Ropa,Camiseta,Sur,Tarjeta de Crédito,6,116.57,71.79,0.15,594.52,430.73,163.79
2023-05-27,Juguetes,Lego,Centro,PayPal,4,34.36,12.97,0.0,137.46,51.89,85.57
2023-05-27,Deportes,Pesas,Este,Tarjeta de Crédito,4,67.11,38.67,0.0,268.42,154.67,113.75
2023-05-27,Ropa,Camiseta,Centro,Tarjeta de Crédito,7,108.12,62.45,0.0,756.85,437.12,319.74
2023-05-28,Deportes,Pesas,Oeste,Transferencia,10,234.37,124.42,0.0,2343.72,1244.23,1099.49
2023-05-28,Ropa,Chaqueta,Oeste,Tarjeta de Crédito,5,98.71,65.65,0.1,444.21,328.25,115.96
2023-05-28,Deportes,Pesas,Centro,Transferencia,5,278.13,171.26,0.0,1390.66,856.32,534.34
2023-05-28,Juguetes,Puzzle,Centro,Tarjeta de Crédito,10,143.48,68.17,0.0,1434.77,681.72,753.06
2023-05-28,Ropa,Camiseta,Centro,PayPal,4,284.92,120.84,0.0,1139.69,483.37,656.32
2023-05-28,Juguetes,Lego,Oeste,PayPal,10,221.24,102.16,0.0,2212.39,1021.57,1190.82
2023-05-28,Juguetes,Lego,Centro,Transferencia,3,206.78,81.22,0.1,558.32,243.65,314.67
2023-05-28,Electrónica,Smartphone,Sur,PayPal,10,1150.79,634.66,0.0,11507.94,6346.61,5161.33
2023-05-28,Hogar,Cama,Sur,Efectivo,6,91.48,50.56,0.0,548.91,303.36,245.55
2023-05-28,Deportes,Cinta de correr,Sur,Transferencia,10,195.59,129.0,0.0,1955.93,1290.04,665.9
2023-05-28,Ropa,Chaqueta,Centro,Transferencia,9,58.36,32.94,0.2,420.16,296.45,123.72
2023-05-28,Juguetes,Lego,Centro,Efectivo,6,202.37,109.16,0.1,1092.79,654.96,437.83
2023-05-28,Juguetes,Muñeca,Este,Transferencia,1,268.99,156.14,0.0,268.99,156.14,112.85
2023-05-28,Ropa,Zapatos,Sur,Efectivo,10,82.44,42.16,0.15,700.76,421.59,279.17
2023-05-28,Juguetes,Lego,Sur,Tarjeta de Crédito,3,49.03,28.41,0.0,147.08,85.22,61.85
2023-05-29,Juguetes,Puzzle,Norte,Tarjeta de Crédito,4,220.22,129.03,0.15,748.74,516.11,232.63
2023-05-29,Hogar,Lámpara,Norte,Transferencia,9,157.09,59.64,0.0,1413.77,536.75,877.02
2023-05-29,Deportes,Balón,Norte,PayPal,5,316.76,174.9,0.05,1504.59,874.5,630.1
2023-05-29,Electrónica,Auriculares,Este,Tarjeta de Crédito,10,1188.69,612.82,0.1,10698.2,6128.24,4569.97
2023-05-29,Deportes,Raqueta,Centro,Tarjeta de Crédito,5,129.36,72.45,0.2,517.43,362.25,155.18
2023-05-29,Hogar,Silla,Este,Transferencia,7,90.99,35.73,0.2,509.55,250.11,259.44
2023-05-29,Juguetes,Coche RC,Norte,Tarjeta de Crédito,1,144.04,49.09,0.15,122.44,49.09,73.35
2023-05-29,Juguetes,Coche RC,Sur,Tarjeta de Crédito,3,154.63,101.18,0.15,394.3,303.54,90.76
2023-05-29,Hogar,Sofá,Este,Tarjeta de Crédito,8,308.9,139.01,0.15,2100.5,1112.1,988.4
2023-05-29,Electrónica,Tablet,Este,Tarjeta de Crédito,1,101.71,53.29,0.05,96.62,53.29,43.33
2023-05-29,Juguetes,Muñeca,Oeste,Efectivo,8,318.61,114.08,0.0,2548.89,912.68,1636.21
2023-05-29,Hogar,Mesa,Norte,PayPal,10,258.82,122.34,0.0,2588.19,1223.43,1364.76
2023-05-30,Hogar,Cama,Este,Transferencia,2,128.07,52.49,0.1,230.53,104.99,125.55
2023-05-30,Deportes,Cinta de correr,Este,Tarjeta de Crédito,4,49.4,33.25,0.05,187.72,132.98,54.74
2023-05-30,Hogar,Sofá,Este,Efectivo,2,117.88,55.76,0.2,188.62,111.52,77.1
2023-05-30,Juguetes,Muñeca,Norte,Efectivo,8,81.84,31.03,0.0,654.71,248.23,406.48
2023-05-30,Hogar,Silla,Este,Tarjeta de Crédito,10,203.51,113.78,0.1,1831.59,1137.76,693.83
2023-05-30,Juguetes,Peluche,Centro,Transferencia,2,282.03,124.28,0.15,479.45,248.57,230.88
2023-05-30,Electrónica,Tablet,Oeste,Tarjeta de Crédito,1,730.32,527.93,0.1,657.29,527.93,129.36
2023-05-30,Hogar,Cama,Centro,PayPal,8,143.32,74.75,0.2,917.23,597.98,319.25
2023-05-30,Ropa,Chaqueta,Oeste,Tarjeta de Crédito,5,105.04,46.92,0.0,525.21,234.61,290.59
2023-05-30,Ropa,Chaqueta,Sur,Tarjeta de Crédito,6,53.6,30.77,0.05,305.54,184.63,120.91
2023-05-30,Ropa,Chaqueta,Centro,Tarjeta de Crédito,3,181.97,111.85,0.05,518.61,335.54,183.07
2023-05-30,Deportes,Bicicleta,Centro,PayPal,8,24.15,15.53,0.0,193.23,124.24,68.99
2023-05-31,Ropa,Camiseta,Norte,Transferencia,4,81.32,50.08,0.0,325.27,200.3,124.96
2023-05-31,Electrónica,Smartphone,Sur,PayPal,8,46.91,26.56,0.05,356.54,212.47,144.08
2023-05-31,Ropa,Pantalón,Este,Tarjeta de Crédito,3,203.08,125.82,0.1,548.31,377.45,170.86
2023-05-31,Hogar,Silla,Este,Tarjeta de Crédito,3,131.34,80.45,0.1,354.61,241.36,113.25
2023-05-31,Juguetes,Muñeca,Oeste,Efectivo,8,176.73,96.38,0.1,1272.49,771.06,501.43
2023-05-31,Hogar,Silla,Oeste,Efectivo,1,251.69,147.15,0.0,251.69,147.15,104.54
2023-05-31,Electrónica,Smartwatch,Norte,Tarjeta de Crédito,6,1124.03,596.31,0.0,6744.16,3577.87,3166.29
2023-05-31,Ropa,Camiseta,Oeste,Transferencia,2,225.42,152.63,0.15,383.21,305.26,77.95
2023-05-31,Hogar,Sofá,Este,Efectivo,6,155.65,67.85,0.0,933.9,407.12,526.78
2023-05-31,Juguetes,Lego,Este,Transferencia,10,328.26,201.21,0.15,2790.22,2012.07,778.15
2023-05-31,Electrónica,Laptop,Este,Transferencia,3,1138.06,670.31,0.0,3414.19,2010.93,1403.27
2023-05-31,Ropa,Zapatos,Norte,PayPal,4,337.38,175.2,0.05,1282.03,700.78,581.25
2023-06-01,Hogar,Lámpara,Sur,Efectivo,6,117.6,47.31,0.0,705.6,283.83,421.77
2023-06-01,Electrónica,Smartwatch,Norte,Tarjeta de Crédito,8,765.02,344.42,0.15,5202.12,2755.35,2446.77
2023-06-01,Electrónica,Smartphone,Centro,Efectivo,2,852.56,509.64,0.15,1449.34,1019.27,430.07
2023-06-01,Deportes,Bicicleta,Oeste,Transferencia,4,199.27,101.93,0.0,797.08,407.73,389.35
2023-06-01,Juguetes,Peluche,Oeste,Transferencia,5,18.07,9.32,0.2,72.29,46.59,25.7
2023-06-01,Juguetes,Puzzle,Norte,PayPal,7,291.54,190.85,0.0,2040.81,1335.94,704.87
2023-06-01,Deportes,Pesas,Norte,Efectivo,8,155.32,85.27,0.0,1242.55,682.17,560.38
2023-06-01,Ropa,Chaqueta,Centro,Efectivo,7,192.2,111.59,0.2,1076.3,781.14,295.16
2023-06-01,Electrónica,Auriculares,Norte,Tarjeta de Crédito,4,709.39,266.84,0.1,2553.82,1067.36,1486.47
2023-06-01,Hogar,Sofá,Oeste,Tarjeta de Crédito,10,156.07,58.71,0.05,1482.7,587.08,895.62
2023-06-01,Electrónica,Smartwatch,Oeste,PayPal,4,53.82,33.75,0.0,215.27,135.01,80.27
2023-06-01,Deportes,Cinta de correr,Oeste,PayPal,5,21.47,10.16,0.2,85.88,50.8,35.08
2023-06-01,Deportes,Balón,Norte,Tarjeta de Crédito,6,14.35,8.91,0.0,86.09,53.47,32.62
2023-06-01,Hogar,Lámpara,Sur,Transferencia,8,72.46,34.51,0.0,579.66,276.1,303.56
2023-06-01,Ropa,Zapatos,Este,Efectivo,5,250.69,98.44,0.0,1253.46,492.2,761.26
2023-06-01,Juguetes,Muñeca,Oeste,Efectivo,2,114.48,54.0,0.2,183.17,108.0,75.17
2023-06-01,Ropa,Camiseta,Este,Tarjeta de Crédito,3,22.94,11.26,0.2,55.05,33.77,21.28
2023-06-01,Deportes,Raqueta,Centro,Transferencia,10,77.74,29.27,0.05,738.5,292.68,445.82
2023-06-01,Electrónica,Tablet,Este,Efectivo,8,405.34,184.74,0.05,3080.61,1477.89,1602.73
2023-06-02,Juguetes,Puzzle,Sur,Efectivo,9,128.04,73.21,0.1,1037.15,658.93,378.21
2023-06-02,Hogar,Sofá,Este,PayPal,8,90.55,55.64,0.0,724.39,445.12,279.28
2023-06-02,Juguetes,Coche RC,Este,Tarjeta de Crédito,8,92.77,45.77,0.15,630.82,366.19,264.63
2023-06-02,Electrónica,Laptop,Norte,Tarjeta de Crédito,2,950.76,457.2,0.0,1901.52,914.4,987.12
2023-06-02,Electrónica,Smartphone,Este,Transferencia,9,236.48,118.91,0.2,1702.65,1070.23,632.42
2023-06-02,Electrónica,Smartwatch,Norte,Efectivo,4,182.78,117.46,0.0,731.13,469.83,261.3
2023-06-02,Hogar,Mesa,Oeste,Efectivo,7,108.01,50.64,0.0,756.09,354.51,401.58
2023-06-02,Ropa,Chaqueta,Centro,PayPal,3,144.08,80.41,0.0,432.23,241.23,191.0
2023-06-02,Electrónica,Smartphone,Norte,Efectivo,2,317.82,138.46,0.05,603.85,276.93,326.93
2023-06-02,Ropa,Pantalón,Este,Transferencia,9,126.89,82.54,0.05,1084.92,742.89,342.03
2023-06-02,Deportes,Bicicleta,Este,Transferencia,10,126.16,62.96,0.2,1009.3,629.63,379.67
2023-06-02,Ropa,Zapatos,Este,Efectivo,7,120.59,59.03,0.0,844.15,413.21,430.94
2023-06-02,Ropa,Zapatos,Sur,Efectivo,4,148.08,80.34,0.2,473.85,321.35,152.5
2023-06-02,Juguetes,Coche RC,Norte,PayPal,10,331.15,177.81,0.2,2649.24,1778.08,871.16
2023-06-02,Electrónica,Auriculares,Norte,Transferencia,2,768.79,476.68,0.15,1306.94,953.36,353.58
2023-06-02,Electrónica,Laptop,Oeste,Transferencia,10,795.13,464.22,0.2,6361.07,4642.18,1718.89
2023-06-03,Deportes,Bicicleta,Norte,Transferencia,6,182.24,102.73,0.2,874.76,616.41,258.35
2023-06-03,Juguetes,Puzzle,Centro,PayPal,2,289.96,172.09,0.0,579.91,344.17,235.74
2023-06-03,Hogar,Sofá,Sur,Efectivo,4,251.0,153.39,0.0,1003.99,613.56,390.43
2023-06-03,Electrónica,Smartphone,Este,Transferencia,10,968.34,630.12,0.0,9683.38,6301.17,3382.21
2023-06-03,Deportes,Pesas,Oeste,Tarjeta de Crédito,3,204.26,133.79,0.0,612.77,401.36,211.41
2023-06-03,Electrónica,Laptop,Oeste,Efectivo,1,886.3,383.64,0.1,797.67,383.64,414.03
2023-06-03,Hogar,Lámpara,Centro,Transferencia,9,72.99,40.65,0.2,525.54,365.82,159.72
2023-06-03,Deportes,Bicicleta,Sur,Efectivo,9,27.36,16.02,0.2,196.99,144.17,52.82
2023-06-03,Deportes,Raqueta,Sur,PayPal,9,86.61,39.75,0.1,701.51,357.75,343.75
2023-06-03,Hogar,Silla,Sur,Efectivo,2,48.38,26.04,0.0,96.76,52.08,44.68
2023-06-03,Deportes,Balón,Norte,Transferencia,4,343.54,171.54,0.0,1374.18,686.16,688.02
2023-06-03,Electrónica,Smartphone,Oeste,Tarjeta de Crédito,2,633.13,360.65,0.0,1266.26,721.3,544.96
2023-06-03,Ropa,Pantalón,Centro,Transferencia,4,288.11,167.53,0.0,1152.46,670.12,482.33
2023-06-03,Ropa,Pantalón,Este,Tarjeta de Crédito,8,48.63,24.99,0.05,369.6,199.92,169.68
2023-06-03,Juguetes,Peluche,Norte,PayPal,9,229.53,90.26,0.05,1962.46,812.31,1150.15
2023-06-03,Electrónica,Auriculares,Este,Transferencia,1,37.33,21.63,0.0,37.33,21.63,15.7
2023-06-03,Electrónica,Smartphone,Oeste,PayPal,5,369.08,198.75,0.05,1753.11,993.74,759.37
2023-06-03,Electrónica,Tablet,Oeste,Efectivo,6,306.66,173.46,0.1,1655.97,1040.75,615.22
2023-06-03,Deportes,Pesas,Sur,Transferencia,3,235.07,122.61,0.15,599.43,367.84,231.58
2023-06-03,Deportes,Pesas,Centro,PayPal,9,63.8,32.13,0.2,459.34,289.21,170.13
2023-06-03,Electrónica,Smartwatch,Sur,Transferencia,5,420.93,288.23,0.0,2104.64,1441.17,663.48
2023-06-04,Hogar,Mesa,Norte,PayPal,10,260.51,162.43,0.0,2605.12,1624.25,980.87
2023-06-04,Ropa,Gorra,Oeste,Transferencia,3,155.9,67.39,0.2,374.17,202.18,171.99
2023-06-04,Hogar,Sofá,Centro,Transferencia,4,42.58,21.62,0.0,170.32,86.49,83.83
2023-06-04,Ropa,Zapatos,Norte,PayPal,2,40.99,23.43,0.0,81.98,46.86,35.11
2023-06-04,Electrónica,Laptop,Centro,Efectivo,1,1609.49,688.14,0.0,1609.49,688.14,921.34
2023-06-04,Hogar,Cama,Centro,Transferencia,8,280.98,153.08,0.2,1798.29,1224.66,573.64
2023-06-04,Juguetes,Puzzle,Este,Efectivo,9,199.93,104.88,0.05,1709.42,943.92,765.49
2023-06-04,Ropa,Chaqueta,Centro,Transferencia,2,87.51,51.46,0.15,148.76,102.93,45.84
2023-06-04,Ropa,Camiseta,Oeste,PayPal,9,223.92,101.39,0.0,2015.29,912.49,1102.8
2023-06-04,Ropa,Camiseta,Este,Transferencia,7,54.53,35.98,0.0,381.73,251.86,129.86
2023-06-04,Deportes,Cinta de correr,Sur,Tarjeta de Crédito,4,33.57,21.62,0.2,107.42,86.47,20.95
2023-06-04,Ropa,Gorra,Centro,Tarjeta de Crédito,1,264.76,182.98,0.15,225.04,182.98,42.06
2023-06-04,Hogar,Sofá,Oeste,Efectivo,2,103.69,75.99,0.05,197.01,151.98,45.02
2023-06-04,Deportes,Bicicleta,Oeste,Transferencia,9,186.88,76.85,0.0,1681.93,691.62,990.31
2023-06-04,Electrónica,Smartwatch,Oeste,Efectivo,10,1691.67,857.26,0.05,16070.86,8572.61,7498.25
2023-06-04,Ropa,Zapatos,Oeste,Tarjeta de Crédito,5,162.58,88.22,0.0,812.9,441.11,371.79
2023-06-04,Juguetes,Puzzle,Sur,Transferencia,1,39.35,20.48,0.0,39.35,20.48,18.86
2023-06-04,Hogar,Sofá,Sur,Transferencia,8,173.76,73.12,0.05,1320.58,585.0,735.58
2023-06-05,Ropa,Gorra,Norte,Efectivo,1,93.79,51.16,0.0,93.79,51.16,42.62
2023-06-05,Deportes,Bicicleta,Centro,Transferencia,3,277.79,157.66,0.05,791.71,472.97,318.74
2023-06-05,Electrónica,Laptop,Oeste,PayPal,3,1304.18,495.24,0.2,3130.04,1485.71,1644.33
2023-06-05,Juguetes,Peluche,Sur,PayPal,9,32.36,13.69,0.05,276.7,123.21,153.49
2023-06-05,Ropa,Zapatos,Norte,Tarjeta de Crédito,7,129.05,56.65,0.0,903.35,396.53,506.82
2023-06-05,Hogar,Sofá,Centro,Efectivo,4,134.35,66.61,0.0,537.41,266.45,270.96
2023-06-05,Juguetes,Puzzle,Norte,Efectivo,3,141.01,70.51,0.0,423.03,211.53,211.51
2023-06-05,Electrónica,Tablet,Centro,Tarjeta de Crédito,1,1539.09,777.62,0.0,1539.09,777.62,761.46
2023-06-05,Ropa,Chaqueta,Oeste,Efectivo,3,96.14,60.11,0.1,259.59,180.33,79.26
2023-06-05,Hogar,Lámpara,Sur,Tarjeta de Crédito,3,229.23,104.07,0.1,618.91,312.21,306.7
2023-06-05,Juguetes,Muñeca,Este,Efectivo,5,213.13,101.34,0.0,1065.67,506.7,558.97
2023-06-05,Juguetes,Puzzle,Este,Transferencia,5,170.02,66.89,0.15,722.59,334.44,388.15
2023-06-05,Juguetes,Coche RC,Sur,PayPal,2,37.12,14.18,0.0,74.25,28.36,45.89
2023-06-06,Hogar,Silla,Norte,Transferencia,1,167.55,96.73,0.0,167.55,96.73,70.82
2023-06-06,Hogar,Silla,Oeste,Transferencia,6,84.4,40.86,0.1,455.78,245.17,210.61
2023-06-06,Hogar,Lámpara,Este,Tarjeta de Crédito,5,49.68,24.84,0.05,235.96,124.2,111.76
2023-06-06,Ropa,Zapatos,Norte,Tarjeta de Crédito,9,92.24,38.21,0.05,788.61,343.92,444.7
2023-06-06,Electrónica,Smartwatch,Norte,PayPal,1,401.1,144.03,0.0,401.1,144.03,257.08
2023-06-06,Electrónica,Tablet,Este,Tarjeta de Crédito,1,1754.11,629.52,0.05,1666.41,629.52,1036.88
2023-06-06,Deportes,Cinta de correr,Norte,Transferencia,8,63.75,31.83,0.1,459.02,254.67,204.36
2023-06-06,Electrónica,Auriculares,Oeste,Transferencia,7,1359.16,827.52,0.0,9514.15,5792.67,3721.48
2023-06-06,Ropa,Gorra,Centro,PayPal,4,297.31,188.85,0.2,951.4,755.41,195.99
2023-06-07,Ropa,Camiseta,Centro,Transferencia,8,14.39,8.89,0.0,115.15,71.13,44.02
2023-06-07,Juguetes,Peluche,Este,Tarjeta de Crédito,5,12.14,7.0,0.15,51.59,35.0,16.59
2023-06-07,Deportes,Pesas,Centro,Tarjeta de Crédito,6,130.38,53.04,0.1,704.05,318.24,385.81
2023-06-07,Juguetes,Lego,Sur,Tarjeta de Crédito,6,177.56,79.8,0.0,1065.36,478.78,586.58
2023-06-07,Ropa,Gorra,Centro,Tarjeta de Crédito,2,99.55,41.3,0.2,159.28,82.59,76.69
2023-06-07,Electrónica,Laptop,Este,PayPal,9,825.41,394.71,0.0,7428.65,3552.35,3876.3
2023-06-07,Hogar,Silla,Este,PayPal,5,180.2,94.74,0.0,900.98,473.72,427.26
2023-06-07,Electrónica,Smartwatch,Oeste,Tarjeta de Crédito,7,465.44,290.05,0.0,3258.08,2030.32,1227.76
2023-06-07,Ropa,Camiseta,Este,PayPal,3,251.97,143.61,0.1,680.33,430.84,249.49
2023-06-07,Hogar,Mesa,Centro,Tarjeta de Crédito,9,333.58,120.34,0.05,2852.1,1083.02,1769.08
2023-06-07,Hogar,Mesa,Oeste,Transferencia,6,85.16,46.35,0.2,408.76,278.09,130.68
2023-06-07,Juguetes,Peluche,Centro,Efectivo,5,292.68,156.21,0.2,1170.71,781.06,389.65
2023-06-07,Electrónica,Smartphone,Norte,Efectivo,3,621.96,287.48,0.0,1865.88,862.43,1003.45
2023-06-07,Ropa,Chaqueta,Oeste,PayPal,6,58.92,22.41,0.15,300.51,134.44,166.07
2023-06-07,Ropa,Gorra,Norte,Transferencia,9,146.93,87.13,0.0,1322.33,784.14,538.19
2023-06-08,Ropa,Pantalón,Oeste,Efectivo,4,193.81,105.32,0.0,775.25,421.26,353.99
2023-06-08,Deportes,Bicicleta,Este,Efectivo,4,10.43,6.16,0.15,35.47,24.63,10.84
2023-06-08,Ropa,Zapatos,Sur,Transferencia,9,277.18,172.15,0.0,2494.59,1549.32,945.28
2023-06-08,Hogar,Sofá,Oeste,Transferencia,1,74.46,31.7,0.0,74.46,31.7,42.76
2023-06-08,Electrónica,Auriculares,Sur,PayPal,5,1455.97,692.94,0.05,6915.86,3464.68,3451.18
2023-06-08,Electrónica,Tablet,Norte,Tarjeta de Crédito,9,165.4,104.13,0.1,1339.74,937.14,402.61
2023-06-08,Ropa,Gorra,Centro,Efectivo,8,335.36,151.87,0.0,2682.85,1214.99,1467.86
2023-06-08,Deportes,Raqueta,Oeste,Efectivo,8,139.64,74.29,0.0,1117.09,594.29,522.8
2023-06-08,Deportes,Bicicleta,Oeste,Tarjeta de Crédito,10,129.68,58.97,0.15,1102.25,589.73,512.52
2023-06-08,Juguetes,Peluche,Sur,Tarjeta de Crédito,7,125.69,51.17,0.1,791.86,358.18,433.67
2023-06-08,Juguetes,Coche RC,Oeste,Transferencia,9,57.37,32.8,0.05,490.48,295.17,195.31
2023-06-08,Electrónica,Auriculares,Norte,Transferencia,8,1195.25,404.56,0.0,9561.97,3236.51,6325.46
2023-06-08,Electrónica,Auriculares,Este,Efectivo,6,1113.91,397.48,0.0,6683.44,2384.89,4298.56
2023-06-08,Electrónica,Tablet,Norte,Tarjeta de Crédito,5,1199.84,649.67,0.1,5399.27,3248.37,2150.9
2023-06-08,Electrónica,Smartphone,Norte,PayPal,8,1126.04,553.04,0.0,9008.32,4424.29,4584.04
2023-06-08,Juguetes,Lego,Centro,Tarjeta de Crédito,2,186.8,109.51,0.2,298.88,219.02,79.86
2023-06-09,Hogar,Silla,Norte,Tarjeta de Crédito,6,164.4,82.78,0.0,986.42,496.69,489.73
2023-06-09,Electrónica,Tablet,Norte,Tarjeta de Crédito,7,702.85,441.41,0.2,3935.97,3089.88,846.1
2023-06-09,Juguetes,Lego,Centro,Efectivo,6,221.83,145.24,0.0,1330.96,871.43,459.54
2023-06-09,Hogar,Mesa,Sur,Tarjeta de Crédito,2,175.95,73.62,0.2,281.53,147.25,134.28
2023-06-09,Juguetes,Coche RC,Centro,Tarjeta de Crédito,7,124.06,53.63,0.0,868.39,375.41,492.99
2023-06-09,Hogar,Cama,Oeste,Efectivo,4,104.26,61.37,0.05,396.2,245.5,150.7
2023-06-09,Deportes,Cinta de correr,Este,PayPal,1,28.82,12.83,0.05,27.38,12.83,14.55
2023-06-09,Ropa,Chaqueta,Este,Transferencia,2,221.76,112.79,0.0,443.52,225.58,217.93
2023-06-09,Juguetes,Peluche,Este,Tarjeta de Crédito,6,136.13,93.33,0.0,816.79,559.98,256.81
2023-06-09,Ropa,Chaqueta,Oeste,Tarjeta de Crédito,5,65.69,23.47,0.0,328.46,117.36,211.1
2023-06-09,Juguetes,Coche RC,Norte,Transferencia,2,238.16,124.57,0.15,404.87,249.15,155.72
2023-06-09,Deportes,Bicicleta,Sur,Efectivo,10,316.24,156.42,0.0,3162.41,1564.22,1598.19
2023-06-10,Hogar,Mesa,Centro,PayPal,8,189.14,70.79,0.05,1437.44,566.29,871.15
2023-06-10,Electrónica,Laptop,Sur,Tarjeta de Crédito,2,91.39,53.73,0.2,146.22,107.46,38.76
2023-06-10,Deportes,Cinta de correr,Centro,Efectivo,2,264.62,128.28,0.0,529.24,256.56,272.69
2023-06-10,Electrónica,Auriculares,Sur,Transferencia,9,170.87,125.85,0.1,1384.03,1132.65,251.38
2023-06-10,Hogar,Silla,Centro,Efectivo,1,178.83,117.44,0.05,169.89,117.44,52.45
2023-06-10,Juguetes,Lego,Centro,Transferencia,5,211.01,115.24,0.0,1055.05,576.21,478.84
2023-06-10,Hogar,Cama,Oeste,PayPal,2,134.76,65.8,0.0,269.52,131.6,137.92
2023-06-10,Deportes,Pesas,Norte,Transferencia,10,296.45,143.82,0.05,2816.25,1438.17,1378.08
2023-06-10,Electrónica,Laptop,Sur,Transferencia,8,510.57,203.0,0.0,4084.57,1623.96,2460.61
2023-06-10,Juguetes,Lego,Norte,Tarjeta de Crédito,1,11.39,4.82,0.0,11.39,4.82,6.56
2023-06-10,Hogar,Cama,Este,Efectivo,6,333.89,184.34,0.0,2003.33,1106.04,897.29
2023-06-10,Hogar,Cama,Este,Efectivo,6,176.05,77.44,0.0,1056.32,464.61,591.7
2023-06-10,Electrónica,Laptop,Oeste,Transferencia,6,605.01,339.22,0.05,3448.57,2035.34,1413.23
2023-06-10,Hogar,Lámpara,Sur,Efectivo,1,58.49,32.28,0.0,58.49,32.28,26.21
2023-06-10,Juguetes,Peluche,Norte,PayPal,4,305.82,144.21,0.0,1223.27,576.83,646.44
2023-06-10,Ropa,Camiseta,Norte,Transferencia,6,100.33,45.09,0.0,601.97,270.53,331.44
2023-06-10,Juguetes,Coche RC,Sur,Efectivo,4,56.77,35.18,0.05,215.74,140.71,75.04
2023-06-10,Ropa,Chaqueta,Centro,Tarjeta de Crédito,3,210.36,95.53,0.05,599.54,286.6,312.94
2023-06-10,Deportes,Raqueta,Sur,Efectivo,1,182.84,90.67,0.0,182.84,90.67,92.17
2023-06-10,Hogar,Cama,Centro,Efectivo,4,270.45,201.45,0.05,1027.71,805.78,221.92
2023-06-10,Hogar,Sofá,Sur,Transferencia,4,245.83,94.01,0.2,786.66,376.04,410.63
2023-06-11,Juguetes,Peluche,Norte,Tarjeta de Crédito,2,295.63,153.14,0.05,561.7,306.28,255.42
2023-06-11,Juguetes,Peluche,Oeste,Efectivo,1,56.79,25.6,0.0,56.79,25.6,31.19
2023-06-11,Juguetes,Peluche,Este,Transferencia,7,286.03,172.63,0.1,1802.01,1208.39,593.62
2023-06-11,Hogar,Silla,Oeste,PayPal,8,249.12,119.82,0.0,1992.99,958.59,1034.4
2023-06-11,Electrónica,Smartphone,Oeste,Transferencia,10,874.87,430.65,0.0,8748.66,4306.45,4442.21
2023-06-11,Hogar,Mesa,Este,Tarjeta de Crédito,3,220.49,115.04,0.15,562.26,345.11,217.15
2023-06-11,Deportes,Balón,Este,Tarjeta de Crédito,5,196.95,109.7,0.15,837.04,548.49,288.56
2023-06-11,Electrónica,Smartphone,Norte,PayPal,4,72.21,50.95,0.15,245.51,203.78,41.73
2023-06-11,Electrónica,Auriculares,Oeste,Efectivo,8,1247.02,777.22,0.0,9976.14,6217.73,3758.41
2023-06-11,Hogar,Cama,Centro,Efectivo,4,99.03,60.02,0.0,396.12,240.08,156.04
2023-06-11,Deportes,Balón,Este,Transferencia,5,240.4,160.74,0.0,1202.0,803.71,398.29
2023-06-11,Juguetes,Puzzle,Este,PayPal,8,87.13,53.08,0.0,697.06,424.6,272.46
2023-06-11,Ropa,Gorra,Oeste,PayPal,6,50.42,29.48,0.0,302.54,176.85,125.69
2023-06-12,Deportes,Raqueta,Sur,Efectivo,10,49.87,28.26,0.0,498.67,282.56,216.11
2023-06-12,Electrónica,Smartwatch,Sur,Tarjeta de Crédito,9,446.87,181.77,0.0,4021.79,1635.89,2385.9
2023-06-12,Ropa,Chaqueta,Oeste,Efectivo,1,170.12,82.4,0.05,161.61,82.4,79.21
2023-06-12,Hogar,Lámpara,Sur,Efectivo,5,180.42,91.68,0.1,811.9,458.4,353.5
2023-06-12,Electrónica,Smartwatch,Centro,Efectivo,10,1296.38,695.91,0.0,12963.77,6959.1,6004.67
2023-06-12,Deportes,Raqueta,Sur,Tarjeta de Crédito,3,188.17,136.25,0.0,564.5,408.74,155.76
2023-06-12,Ropa,Zapatos,Sur,PayPal,7,189.69,109.75,0.1,1195.04,768.25,426.79
2023-06-12,Hogar,Mesa,Oeste,Tarjeta de Crédito,3,146.92,91.0,0.15,374.66,273.0,101.65
2023-06-12,Hogar,Sofá,Oeste,PayPal,1,85.79,37.25,0.05,81.5,37.25,44.26
2023-06-12,Ropa,Camiseta,Sur,PayPal,4,132.83,57.28,0.1,478.18,229.12,249.06
2023-06-12,Hogar,Cama,Este,Tarjeta de Crédito,10,178.83,112.94,0.0,1788.27,1129.36,658.91
2023-06-13,Juguetes,Lego,Oeste,Tarjeta de Crédito,3,42.32,21.45,0.2,101.58,64.35,37.22
2023-06-13,Juguetes,Peluche,Centro,Efectivo,1,294.71,184.5,0.15,250.5,184.5,66.01
2023-06-13,Juguetes,Lego,Centro,Transferencia,9,138.58,92.26,0.2,997.76,830.31,167.45
2023-06-13,Hogar,Silla,Sur,Transferencia,6,73.13,44.28,0.05,416.84,265.65,151.19
2023-06-13,Electrónica,Smartwatch,Sur,Tarjeta de Crédito,7,971.05,473.4,0.0,6797.34,3313.81,3483.53
2023-06-13,Ropa,Gorra,Sur,Transferencia,8,209.03,97.42,0.0,1672.25,779.32,892.93
2023-06-13,Hogar,Silla,Oeste,Efectivo,6,104.1,69.0,0.0,624.59,413.99,210.6
2023-06-13,Hogar,Lámpara,Centro,PayPal,4,101.03,42.54,0.0,404.13,170.16,233.97
2023-06-13,Ropa,Chaqueta,Oeste,Transferencia,1,176.33,109.63,0.2,141.06,109.63,31.43
2023-06-13,Juguetes,Coche RC,Norte,Transferencia,4,243.2,108.91,0.1,875.52,435.63,439.89
2023-06-13,Deportes,Cinta de correr,Sur,Efectivo,4,40.69,14.5,0.05,154.62,58.0,96.62
2023-06-13,Juguetes,Muñeca,Oeste,Efectivo,2,207.23,78.08,0.05,393.73,156.16,237.57
2023-06-13,Ropa,Zapatos,Centro,PayPal,7,110.21,51.95,0.0,771.45,363.66,407.8
2023-06-13,Electrónica,Auriculares,Sur,PayPal,3,1242.22,521.99,0.2,2981.32,1565.96,1415.36
2023-06-13,Juguetes,Puzzle,Sur,Tarjeta de Crédito,1,97.88,57.06,0.1,88.09,57.06,31.03
2023-06-13,Juguetes,Peluche,Centro,Tarjeta de Crédito,3,173.48,89.69,0.05,494.42,269.08,225.33
2023-06-13,Juguetes,Lego,Sur,Transferencia,1,209.29,91.74,0.2,167.43,91.74,75.69
2023-06-14,Ropa,Camiseta,Centro,Transferencia,1,214.34,141.46,0.0,214.34,141.46,72.88
2023-06-14,Hogar,Cama,Centro,Tarjeta de Crédito,3,43.78,25.28,0.0,131.34,75.83,55.51
2023-06-14,Hogar,Sofá,Centro,PayPal,3,179.44,115.94,0.2,430.66,347.82,82.83
2023-06-14,Hogar,Silla,Centro,Transferencia,6,258.82,153.9,0.05,1475.3,923.39,551.91
2023-06-14,Deportes,Pesas,Sur,Transferencia,4,190.52,123.62,0.1,685.88,494.5,191.38
2023-06-14,Hogar,Sofá,Norte,Transferencia,8,226.44,167.51,0.0,1811.52,1340.07,471.45
2023-06-14,Deportes,Pesas,Sur,Transferencia,6,281.27,120.83,0.05,1603.23,724.98,878.25
2023-06-14,Juguetes,Peluche,Sur,PayPal,7,156.12,97.04,0.15,928.93,679.29,249.64
2023-06-14,Juguetes,Puzzle,Oeste,Efectivo,5,111.86,55.08,0.0,559.3,275.41,283.89
2023-06-14,Deportes,Balón,Norte,Transferencia,6,45.32,19.21,0.05,258.31,115.24,143.08
2023-06-14,Juguetes,Coche RC,Norte,Tarjeta de Crédito,5,246.0,136.62,0.05,1168.51,683.08,485.43
2023-06-14,Juguetes,Peluche,Norte,Transferencia,7,52.72,29.43,0.05,350.59,206.03,144.55
2023-06-14,Juguetes,Puzzle,Oeste,Efectivo,7,116.76,62.18,0.1,735.56,435.29,300.27
2023-06-14,Deportes,Pesas,Norte,Transferencia,6,255.77,91.65,0.0,1534.6,549.92,984.69
2023-06-14,Ropa,Pantalón,Norte,Tarjeta de Crédito,2,294.23,167.09,0.1,529.61,334.18,195.43
2023-06-15,Ropa,Pantalón,Sur,Tarjeta de Crédito,5,99.37,40.17,0.15,422.32,200.87,221.45
2023-06-15,Ropa,Chaqueta,Sur,PayPal,3,251.54,152.29,0.0,754.62,456.87,297.75
2023-06-15,Electrónica,Smartphone,Oeste,Tarjeta de Crédito,5,198.86,86.71,0.05,944.58,433.54,511.05
2023-06-15,Deportes,Raqueta,Oeste,Efectivo,3,219.75,123.39,0.0,659.25,370.16,289.09
2023-06-15,Ropa,Camiseta,Este,Tarjeta de Crédito,4,204.87,89.32,0.05,778.52,357.27,421.25
2023-06-15,Ropa,Camiseta,Norte,Transferencia,9,52.43,28.46,0.15,401.05,256.18,144.87
2023-06-15,Ropa,Chaqueta,Centro,PayPal,3,143.18,51.93,0.0,429.54,155.8,273.74
2023-06-15,Deportes,Raqueta,Oeste,PayPal,4,268.02,131.43,0.0,1072.07,525.72,546.35
2023-06-15,Ropa,Chaqueta,Este,PayPal,9,102.84,75.49,0.15,786.72,679.41,107.31
2023-06-15,Juguetes,Peluche,Sur,Efectivo,8,134.62,52.94,0.15,915.44,423.55,491.89
2023-06-15,Ropa,Gorra,Centro,PayPal,5,137.72,72.09,0.1,619.74,360.47,259.28
2023-06-15,Deportes,Cinta de correr,Norte,Tarjeta de Crédito,8,144.24,51.47,0.0,1153.93,411.76,742.18
2023-06-16,Deportes,Cinta de correr,Sur,Transferencia,4,230.6,127.78,0.2,737.92,511.1,226.82
2023-06-16,Ropa,Gorra,Centro,PayPal,5,324.0,148.93,0.05,1538.98,744.65,794.33
2023-06-16,Ropa,Pantalón,Este,PayPal,7,265.37,120.35,0.0,1857.56,842.46,1015.1
2023-06-16,Hogar,Lámpara,Centro,Tarjeta de Crédito,9,125.1,59.72,0.1,1013.28,537.47,475.82
2023-06-16,Hogar,Silla,Sur,Transferencia,8,48.65,32.39,0.0,389.18,259.1,130.09
2023-06-16,Deportes,Pesas,Centro,Transferencia,4,224.24,101.83,0.0,896.95,407.3,489.64
2023-06-16,Ropa,Pantalón,Norte,Transferencia,8,39.84,19.82,0.0,318.72,158.54,160.17
2023-06-16,Juguetes,Lego,Centro,Transferencia,5,155.48,93.42,0.1,699.64,467.09,232.55
2023-06-16,Hogar,Mesa,Norte,Transferencia,3,68.86,31.35,0.1,185.92,94.06,91.86
2023-06-16,Hogar,Sofá,Norte,Tarjeta de Crédito,9,166.87,68.58,0.15,1276.55,617.25,659.31
2023-06-16,Ropa,Gorra,Centro,Tarjeta de Crédito,9,183.85,105.05,0.15,1406.43,945.47,460.96
2023-06-16,Electrónica,Laptop,Este,PayPal,6,1451.1,820.49,0.0,8706.59,4922.93,3783.66
2023-06-17,Juguetes,Puzzle,Norte,Efectivo,4,209.8,98.89,0.0,839.21,395.55,443.66
2023-06-17,Electrónica,Smartphone,Oeste,Efectivo,6,1104.05,545.35,0.2,5299.43,3272.08,2027.35
2023-06-17,Electrónica,Tablet,Norte,PayPal,10,667.87,379.32,0.0,6678.72,3793.19,2885.53
2023-06-17,Deportes,Pesas,Oeste,Tarjeta de Crédito,5,263.13,132.92,0.0,1315.66,664.61,651.05
2023-06-17,Deportes,Balón,Sur,PayPal,8,213.75,120.16,0.0,1709.97,961.26,748.71
2023-06-17,Hogar,Silla,Centro,Transferencia,9,118.05,75.24,0.05,1009.34,677.19,332.15
2023-06-17,Electrónica,Auriculares,Sur,Tarjeta de Crédito,2,1721.4,959.14,0.05,3270.67,1918.28,1352.38
2023-06-17,Ropa,Chaqueta,Sur,Efectivo,6,161.09,76.71,0.0,966.57,460.24,506.33
2023-06-17,Electrónica,Smartwatch,Centro,Transferencia,9,441.05,235.12,0.0,3969.41,2116.04,1853.37
2023-06-17,Ropa,Zapatos,Sur,PayPal,1,116.46,71.62,0.0,116.46,71.62,44.84
2023-06-17,Electrónica,Smartwatch,Oeste,Transferencia,1,545.53,249.46,0.0,545.53,249.46,296.08
2023-06-17,Juguetes,Muñeca,Oeste,PayPal,6,144.33,79.08,0.0,865.96,474.48,391.48
2023-06-17,Juguetes,Peluche,Oeste,Efectivo,10,66.18,42.67,0.05,628.71,426.73,201.98
2023-06-17,Deportes,Raqueta,Sur,Transferencia,10,272.3,124.97,0.0,2723.01,1249.67,1473.34
2023-06-17,Juguetes,Puzzle,Oeste,Efectivo,1,102.16,68.04,0.15,86.83,68.04,18.8
2023-06-17,Juguetes,Coche RC,Este,Efectivo,4,203.93,105.94,0.2,652.56,423.77,228.79
2023-06-17,Juguetes,Puzzle,Norte,Efectivo,9,112.89,62.98,0.05,965.19,566.81,398.38
2023-06-18,Hogar,Cama,Este,Tarjeta de Crédito,6,246.91,96.89,0.15,1259.22,581.32,677.91
2023-06-18,Deportes,Balón,Oeste,Transferencia,1,133.61,63.8,0.0,133.61,63.8,69.82
2023-06-18,Hogar,Sofá,Norte,Efectivo,8,267.29,119.36,0.1,1924.47,954.86,969.61
2023-06-18,Ropa,Chaqueta,Oeste,Transferencia,10,189.67,109.09,0.0,1896.67,1090.9,805.77
2023-06-18,Hogar,Mesa,Centro,PayPal,5,96.34,49.38,0.15,409.46,246.88,162.58
2023-06-18,Electrónica,Smartphone,Este,Efectivo,2,1010.89,403.77,0.0,2021.78,807.53,1214.25
2023-06-18,Ropa,Chaqueta,Norte,Transferencia,6,209.95,129.14,0.0,1259.7,774.83,484.87
2023-06-18,Deportes,Bicicleta,Este,Efectivo,4,63.58,35.54,0.15,216.18,142.17,74.01
2023-06-18,Juguetes,Peluche,Norte,PayPal,6,246.17,104.85,0.1,1329.29,629.07,700.22
2023-06-18,Electrónica,Auriculares,Oeste,Transferencia,5,1181.1,834.89,0.0,5905.48,4174.45,1731.02
2023-06-18,Electrónica,Laptop,Sur,Tarjeta de Crédito,4,321.29,202.52,0.0,1285.15,810.08,475.07
2023-06-19,Juguetes,Lego,Oeste,Transferencia,4,187.59,133.15,0.0,750.34,532.58,217.76
2023-06-19,Juguetes,Muñeca,Norte,Tarjeta de Crédito,7,318.41,136.26,0.0,2228.89,953.85,1275.04
2023-06-19,Hogar,Sofá,Oeste,Transferencia,9,29.61,14.21,0.2,213.17,127.9,85.27
2023-06-19,Ropa,Zapatos,Oeste,Tarjeta de Crédito,9,65.76,29.88,0.05,562.26,268.96,293.3
2023-06-19,Juguetes,Peluche,Norte,PayPal,2,107.07,64.99,0.0,214.14,129.97,84.16
2023-06-19,Juguetes,Muñeca,Sur,Efectivo,6,179.82,122.71,0.0,1078.92,736.27,342.65
2023-06-19,Electrónica,Tablet,Norte,PayPal,8,618.91,332.67,0.05,4703.68,2661.37,2042.32
2023-06-19,Ropa,Chaqueta,Norte,Transferencia,3,287.35,125.59,0.2,689.64,376.78,312.86
2023-06-19,Deportes,Raqueta,Este,Transferencia,8,129.68,54.79,0.0,1037.44,438.35,599.09
2023-06-19,Hogar,Cama,Este,Tarjeta de Crédito,10,176.23,86.76,0.0,1762.28,867.63,894.65
2023-06-19,Deportes,Pesas,Este,Efectivo,1,140.82,91.22,0.05,133.78,91.22,42.56
2023-06-19,Ropa,Chaqueta,Norte,Efectivo,6,251.32,122.99,0.15,1281.75,737.91,543.84
2023-06-19,Ropa,Camiseta,Sur,Transferencia,3,161.7,121.99,0.2,388.08,365.98,22.1
2023-06-19,Ropa,Gorra,Sur,PayPal,7,258.63,141.63,0.1,1629.39,991.39,638.0
2023-06-19,Juguetes,Coche RC,Norte,Transferencia,8,216.85,120.4,0.2,1387.82,963.22,424.6
2023-06-19,Ropa,Camiseta,Norte,Tarjeta de Crédito,9,112.41,66.67,0.0,1011.7,599.99,411.71
2023-06-19,Electrónica,Smartwatch,Este,Efectivo,8,1059.39,561.48,0.15,7203.85,4491.81,2712.03
2023-06-19,Hogar,Cama,Centro,Efectivo,1,174.51,118.38,0.2,139.6,118.38,21.22
2023-06-19,Ropa,Zapatos,Centro,Efectivo,1,281.36,126.17,0.0,281.36,126.17,155.19
2023-06-19,Deportes,Balón,Este,Tarjeta de Crédito,9,203.71,107.23,0.0,1833.36,965.08,868.29
2023-06-19,Juguetes,Muñeca,Norte,PayPal,5,224.82,91.14,0.0,1124.11,455.69,668.42
2023-06-19,Electrónica,Laptop,Oeste,Efectivo,10,206.21,83.36,0.2,1649.72,833.59,816.13
2023-06-20,Ropa,Chaqueta,Centro,Transferencia,8,115.66,75.75,0.0,925.31,605.99,319.32
2023-06-20,Juguetes,Lego,Norte,Tarjeta de Crédito,1,185.92,99.84,0.1,167.33,99.84,67.49
2023-06-20,Hogar,Silla,Norte,Efectivo,5,315.7,133.29,0.15,1341.73,666.46,675.27
2023-06-20,Electrónica,Tablet,Oeste,Efectivo,6,1674.54,917.14,0.1,9042.5,5502.84,3539.67
2023-06-20,Deportes,Cinta de correr,Oeste,Transferencia,10,208.71,96.24,0.15,1774.01,962.39,811.62
2023-06-20,Juguetes,Muñeca,Centro,Tarjeta de Crédito,10,74.18,37.02,0.1,667.62,370.18,297.44
2023-06-20,Deportes,Cinta de correr,Este,PayPal,1,207.86,107.68,0.0,207.86,107.68,100.19
2023-06-20,Ropa,Pantalón,Este,Efectivo,5,16.34,6.41,0.2,65.35,32.06,33.29
2023-06-20,Hogar,Cama,Sur,Transferencia,9,22.39,9.89,0.0,201.48,89.0,112.48
2023-06-20,Electrónica,Auriculares,Centro,Efectivo,1,182.93,70.94,0.15,155.49,70.94,84.56
2023-06-20,Deportes,Pesas,Sur,Efectivo,6,163.26,77.35,0.15,832.64,464.08,368.56
2023-06-20,Juguetes,Coche RC,Sur,PayPal,6,22.38,13.12,0.15,114.13,78.71,35.42
2023-06-21,Deportes,Bicicleta,Norte,Tarjeta de Crédito,9,50.27,27.33,0.1,407.17,245.98,161.19
2023-06-21,Deportes,Balón,Sur,Transferencia,3,61.15,29.43,0.0,183.44,88.28,95.16
2023-06-21,Ropa,Gorra,Este,Efectivo,7,231.31,93.43,0.0,1619.19,653.99,965.2
2023-06-21,Juguetes,Lego,Norte,Transferencia,3,209.51,98.83,0.0,628.54,296.48,332.06
2023-06-21,Juguetes,Peluche,Este,Transferencia,2,316.92,177.32,0.0,633.83,354.64,279.2
2023-06-21,Deportes,Cinta de correr,Centro,Tarjeta de Crédito,9,94.98,65.11,0.1,769.34,585.98,183.36
2023-06-21,Ropa,Chaqueta,Centro,Efectivo,7,185.9,125.18,0.05,1236.25,876.27,359.98
2023-06-21,Ropa,Camiseta,Este,Efectivo,1,289.31,155.47,0.05,274.84,155.47,119.38
2023-06-21,Juguetes,Lego,Este,Efectivo,4,14.12,8.35,0.0,56.5,33.41,23.09
2023-06-21,Deportes,Raqueta,Este,Efectivo,5,122.85,64.48,0.15,522.11,322.42,199.69
2023-06-22,Deportes,Raqueta,Sur,Efectivo,10,214.5,99.78,0.0,2144.95,997.76,1147.19
2023-06-22,Electrónica,Smartphone,Este,Tarjeta de Crédito,7,1150.27,463.77,0.1,7246.69,3246.41,4000.28
2023-06-22,Deportes,Bicicleta,Este,Tarjeta de Crédito,2,188.11,70.05,0.05,357.4,140.11,217.3
2023-06-22,Hogar,Sofá,Norte,Tarjeta de Crédito,10,134.79,98.03,0.0,1347.95,980.34,367.6
2023-06-22,Electrónica,Smartwatch,Centro,PayPal,6,535.11,374.07,0.0,3210.63,2244.44,966.2
2023-06-22,Juguetes,Coche RC,Sur,PayPal,5,70.65,33.93,0.2,282.61,169.64,112.98
2023-06-22,Deportes,Balón,Centro,Transferencia,7,13.01,8.59,0.2,72.84,60.12,12.72
2023-06-22,Juguetes,Puzzle,Centro,Tarjeta de Crédito,4,247.2,114.45,0.0,988.79,457.79,531.0
2023-06-22,Electrónica,Laptop,Este,PayPal,3,1160.97,445.46,0.0,3482.92,1336.39,2146.53
2023-06-22,Deportes,Balón,Centro,PayPal,10,155.41,73.57,0.1,1398.69,735.65,663.04
2023-06-22,Electrónica,Tablet,Sur,Tarjeta de Crédito,4,63.5,29.8,0.15,215.9,119.19,96.71
2023-06-22,Hogar,Lámpara,Oeste,PayPal,1,28.38,17.61,0.0,28.38,17.61,10.77
2023-06-22,Hogar,Mesa,Sur,Transferencia,4,97.44,46.24,0.05,370.28,184.97,185.3
2023-06-22,Juguetes,Lego,Oeste,PayPal,10,14.48,9.58,0.0,144.76,95.82,48.95
2023-06-23,Electrónica,Laptop,Oeste,Efectivo,6,253.75,111.09,0.0,1522.5,666.53,855.97
2023-06-23,Deportes,Balón,Norte,PayPal,8,152.27,62.73,0.2,974.53,501.86,472.67
2023-06-23,Ropa,Camiseta,Norte,Efectivo,3,70.91,29.97,0.15,180.82,89.92,90.89
2023-06-23,Deportes,Pesas,Norte,PayPal,10,17.84,9.95,0.0,178.42,99.48,78.95
2023-06-23,Electrónica,Tablet,Sur,Tarjeta de Crédito,6,241.22,160.35,0.15,1230.2,962.1,268.1
2023-06-23,Ropa,Camiseta,Oeste,Tarjeta de Crédito,4,30.06,10.54,0.05,114.23,42.14,72.09
2023-06-23,Ropa,Pantalón,Centro,Efectivo,2,32.79,13.09,0.0,65.58,26.17,39.41
2023-06-23,Ropa,Gorra,Sur,Tarjeta de Crédito,9,213.39,124.15,0.0,1920.54,1117.31,803.23
2023-06-23,Electrónica,Smartwatch,Este,Tarjeta de Crédito,2,462.75,240.7,0.0,925.5,481.41,444.1
2023-06-23,Hogar,Cama,Sur,Efectivo,9,168.66,63.52,0.05,1442.08,571.7,870.38
2023-06-23,Electrónica,Laptop,Este,PayPal,3,1216.52,694.85,0.05,3467.07,2084.54,1382.53
2023-06-23,Ropa,Zapatos,Centro,Tarjeta de Crédito,3,135.22,61.04,0.0,405.67,183.11,222.56
2023-06-23,Deportes,Bicicleta,Centro,Efectivo,2,99.44,67.48,0.05,188.93,134.96,53.98
2023-06-24,Ropa,Pantalón,Oeste,Transferencia,9,205.51,116.62,0.05,1757.15,1049.59,707.56
2023-06-24,Juguetes,Puzzle,Sur,Transferencia,1,131.77,67.52,0.0,131.77,67.52,64.25
2023-06-24,Juguetes,Muñeca,Este,Transferencia,5,191.72,117.04,0.05,910.69,585.21,325.48
2023-06-24,Electrónica,Laptop,Este,Efectivo,6,372.73,270.63,0.0,2236.38,1623.79,612.59
2023-06-24,Ropa,Camiseta,Norte,Efectivo,10,193.54,104.83,0.0,1935.44,1048.27,887.17
2023-06-24,Hogar,Lámpara,Norte,Transferencia,8,170.64,93.6,0.2,1092.07,748.81,343.26
2023-06-24,Deportes,Pesas,Este,PayPal,8,66.98,33.59,0.2,428.65,268.69,159.97
2023-06-24,Juguetes,Coche RC,Oeste,Tarjeta de Crédito,4,281.4,127.86,0.2,900.48,511.46,389.02
2023-06-24,Electrónica,Auriculares,Oeste,PayPal,3,1268.08,578.0,0.0,3804.24,1734.0,2070.24
2023-06-24,Ropa,Pantalón,Centro,Efectivo,7,13.38,5.83,0.0,93.64,40.81,52.83
2023-06-24,Ropa,Chaqueta,Oeste,Tarjeta de Crédito,7,90.84,41.07,0.0,635.87,287.46,348.4
2023-06-25,Deportes,Balón,Este,PayPal,7,49.95,25.07,0.0,349.62,175.46,174.16
2023-06-25,Juguetes,Peluche,Centro,Efectivo,4,288.14,130.39,0.2,922.03,521.57,400.47
2023-06-25,Ropa,Pantalón,Centro,PayPal,3,264.98,108.07,0.0,794.94,324.21,470.73
2023-06-25,Electrónica,Smartwatch,Norte,Tarjeta de Crédito,5,1252.81,518.02,0.0,6264.03,2590.12,3673.91
2023-06-25,Ropa,Pantalón,Oeste,Efectivo,8,211.85,88.39,0.0,1694.84,707.09,987.74
2023-06-25,Ropa,Chaqueta,Norte,Transferencia,2,15.88,9.02,0.0,31.75,18.04,13.71
2023-06-25,Electrónica,Smartwatch,Norte,Transferencia,7,991.08,431.78,0.0,6937.53,3022.43,3915.11
2023-06-25,Electrónica,Smartphone,Sur,PayPal,6,562.64,262.62,0.1,3038.25,1575.74,1462.5
2023-06-25,Electrónica,Smartphone,Este,Tarjeta de Crédito,3,729.93,479.07,0.1,1970.82,1437.2,533.62
2023-06-25,Deportes,Raqueta,Centro,Tarjeta de Crédito,3,262.34,103.28,0.15,668.98,309.84,359.14
2023-06-25,Juguetes,Muñeca,Este,PayPal,6,234.8,131.8,0.05,1338.33,790.81,547.53
2023-06-25,Ropa,Camiseta,Oeste,Efectivo,9,142.88,91.42,0.05,1221.62,822.75,398.87
2023-06-26,Electrónica,Laptop,Centro,Transferencia,1,1013.83,435.35,0.0,1013.83,435.35,578.48
2023-06-26,Ropa,Gorra,Oeste,Transferencia,7,187.79,113.14,0.05,1248.77,791.96,456.81
2023-06-26,Hogar,Mesa,Oeste,Transferencia,4,338.41,155.15,0.0,1353.66,620.59,733.06
2023-06-26,Juguetes,Lego,Centro,Efectivo,4,100.68,66.32,0.0,402.73,265.3,137.43
2023-06-26,Hogar,Lámpara,Centro,Tarjeta de Crédito,10,60.01,25.89,0.2,480.07,258.89,221.18
2023-06-26,Deportes,Raqueta,Norte,PayPal,2,11.43,6.72,0.1,20.58,13.44,7.14
2023-06-26,Hogar,Lámpara,Oeste,Transferencia,1,12.05,6.02,0.1,10.85,6.02,4.83
2023-06-26,Hogar,Mesa,Norte,PayPal,10,153.03,74.12,0.0,1530.35,741.23,789.12
2023-06-26,Juguetes,Lego,Centro,Tarjeta de Crédito,9,117.41,83.18,0.0,1056.69,748.6,308.09
2023-06-26,Electrónica,Laptop,Sur,Transferencia,6,817.78,573.33,0.1,4415.99,3440.0,976.0
2023-06-26,Ropa,Chaqueta,Oeste,Efectivo,6,20.05,9.58,0.1,108.25,57.48,50.77
2023-06-26,Electrónica,Smartwatch,Sur,Transferencia,8,1597.35,721.33,0.0,12778.78,5770.67,7008.11
2023-06-26,Deportes,Bicicleta,Oeste,Transferencia,9,278.37,146.44,0.15,2129.53,1317.92,811.61
2023-06-26,Hogar,Silla,Este,Efectivo,4,144.82,59.46,0.2,463.42,237.83,225.59
2023-06-26,Deportes,Raqueta,Este,PayPal,9,59.76,42.19,0.0,537.81,379.73,158.08
2023-06-26,Electrónica,Auriculares,Sur,Tarjeta de Crédito,4,930.57,521.27,0.05,3536.15,2085.06,1451.09
2023-06-26,Hogar,Sofá,Oeste,Efectivo,9,149.75,70.9,0.0,1347.79,638.13,709.67
2023-06-26,Juguetes,Lego,Oeste,PayPal,10,248.4,98.82,0.15,2111.42,988.2,1123.23
2023-06-27,Deportes,Cinta de correr,Norte,Transferencia,1,54.79,31.08,0.0,54.79,31.08,23.71
2023-06-27,Ropa,Camiseta,Centro,Efectivo,5,290.47,167.1,0.0,1452.36,835.52,616.84
2023-06-27,Electrónica,Smartphone,Centro,Efectivo,5,36.07,18.24,0.15,153.3,91.22,62.08
2023-06-27,Electrónica,Auriculares,Centro,PayPal,2,685.89,390.61,0.1,1234.6,781.23,453.37
2023-06-27,Juguetes,Puzzle,Centro,Efectivo,8,137.85,83.93,0.0,1102.78,671.43,431.35
2023-06-27,Electrónica,Smartphone,Centro,Efectivo,10,814.56,382.99,0.0,8145.64,3829.94,4315.7
2023-06-27,Juguetes,Puzzle,Norte,Efectivo,2,167.64,98.77,0.0,335.27,197.53,137.74
2023-06-27,Hogar,Silla,Centro,Transferencia,2,261.23,101.5,0.1,470.21,203.0,267.2
2023-06-27,Juguetes,Lego,Norte,Efectivo,8,211.59,85.06,0.0,1692.75,680.48,1012.27
2023-06-27,Electrónica,Smartwatch,Centro,Tarjeta de Crédito,5,757.82,541.25,0.0,3789.12,2706.27,1082.85
2023-06-28,Deportes,Pesas,Sur,Transferencia,3,295.44,134.88,0.2,709.05,404.63,304.42
2023-06-28,Ropa,Camiseta,Centro,Efectivo,2,38.37,23.02,0.0,76.74,46.03,30.71
2023-06-28,Deportes,Balón,Sur,PayPal,4,299.31,138.21,0.0,1197.24,552.82,644.42
2023-06-28,Deportes,Raqueta,Centro,Tarjeta de Crédito,2,142.93,79.91,0.0,285.87,159.83,126.04
2023-06-28,Juguetes,Coche RC,Norte,Transferencia,9,74.53,43.2,0.0,670.75,388.77,281.97
2023-06-28,Deportes,Bicicleta,Centro,Transferencia,9,31.09,14.05,0.0,279.8,126.46,153.33
2023-06-28,Hogar,Silla,Oeste,PayPal,2,71.56,45.43,0.0,143.12,90.86,52.26
2023-06-28,Deportes,Cinta de correr,Este,Transferencia,4,327.53,166.88,0.1,1179.12,667.52,511.6
2023-06-28,Deportes,Pesas,Oeste,Tarjeta de Crédito,10,155.69,87.45,0.2,1245.53,874.51,371.02
2023-06-28,Deportes,Raqueta,Centro,Transferencia,6,206.92,100.4,0.2,993.2,602.43,390.78
2023-06-28,Electrónica,Smartphone,Sur,PayPal,8,182.68,89.84,0.0,1461.43,718.69,742.74
2023-06-29,Juguetes,Peluche,Centro,Tarjeta de Crédito,5,263.66,145.09,0.05,1252.39,725.46,526.94
2023-06-29,Juguetes,Lego,Este,Tarjeta de Crédito,1,271.95,109.46,0.1,244.75,109.46,135.29
2023-06-29,Ropa,Gorra,Este,Efectivo,10,54.65,21.69,0.0,546.5,216.93,329.57
2023-06-29,Ropa,Gorra,Centro,Efectivo,2,173.99,91.11,0.1,313.19,182.22,130.97
2023-06-29,Electrónica,Tablet,Norte,Efectivo,7,688.91,418.41,0.05,4581.25,2928.87,1652.38
2023-06-29,Juguetes,Puzzle,Norte,Efectivo,2,210.85,94.94,0.0,421.71,189.88,231.82
2023-06-29,Ropa,Gorra,Este,PayPal,5,113.17,58.83,0.0,565.85,294.15,271.7
2023-06-29,Ropa,Chaqueta,Centro,PayPal,6,324.4,145.28,0.0,1946.42,871.7,1074.72
2023-06-29,Hogar,Lámpara,Oeste,Transferencia,9,45.68,24.46,0.2,328.9,220.14,108.76
2023-06-29,Hogar,Cama,Norte,PayPal,6,271.36,189.03,0.1,1465.32,1134.18,331.14
2023-06-29,Electrónica,Smartphone,Centro,Transferencia,4,1566.96,769.65,0.0,6267.85,3078.6,3189.25
2023-06-29,Deportes,Pesas,Centro,Efectivo,5,250.51,115.73,0.1,1127.29,578.64,548.65
2023-06-29,Ropa,Zapatos,Este,Efectivo,1,227.22,131.86,0.0,227.22,131.86,95.36
2023-06-29,Deportes,Pesas,Oeste,Transferencia,9,133.7,59.18,0.0,1203.27,532.65,670.63
2023-06-29,Deportes,Bicicleta,Sur,PayPal,1,195.43,77.12,0.0,195.43,77.12,118.31
2023-06-30,Ropa,Chaqueta,Este,Efectivo,2,183.21,116.95,0.1,329.77,233.91,95.86
2023-06-30,Deportes,Bicicleta,Oeste,Transferencia,7,117.98,41.14,0.2,660.71,287.96,372.75
2023-06-30,Electrónica,Auriculares,Oeste,Efectivo,5,1406.11,854.63,0.0,7030.55,4273.13,2757.42
2023-06-30,Ropa,Chaqueta,Este,Efectivo,1,53.73,30.86,0.1,48.35,30.86,17.49
2023-06-30,Ropa,Zapatos,Centro,Tarjeta de Crédito,2,140.43,61.18,0.0,280.85,122.36,158.49
2023-06-30,Ropa,Gorra,Este,Transferencia,5,90.94,44.08,0.0,454.72,220.42,234.3
2023-06-30,Electrónica,Auriculares,Este,Tarjeta de Crédito,2,1085.84,701.41,0.1,1954.51,1402.82,551.69
2023-06-30,Juguetes,Muñeca,Norte,PayPal,3,219.81,124.5,0.1,593.48,373.5,219.98
2023-06-30,Electrónica,Tablet,Sur,Tarjeta de Crédito,9,509.71,290.14,0.0,4587.37,2611.27,1976.1
2023-06-30,Ropa,Chaqueta,Centro,Efectivo,7,60.06,37.68,0.0,420.45,263.78,156.67
2023-06-30,Hogar,Silla,Este,Transferencia,7,52.83,23.27,0.1,332.82,162.87,169.95
2023-06-30,Juguetes,Coche RC,Sur,Tarjeta de Crédito,7,80.25,35.29,0.1,505.59,247.06,258.53
2023-07-01,Hogar,Lámpara,Centro,Efectivo,2,130.28,60.45,0.1,234.5,120.89,113.61
2023-07-01,Juguetes,Lego,Centro,Efectivo,4,255.27,119.51,0.0,1021.1,478.04,543.06
2023-07-01,Hogar,Sofá,Sur,Transferencia,10,33.44,14.97,0.1,300.95,149.69,151.26
2023-07-01,Hogar,Cama,Oeste,Transferencia,3,141.65,55.52,0.05,403.7,166.56,237.15
2023-07-01,Ropa,Gorra,Norte,Tarjeta de Crédito,8,209.68,107.96,0.05,1593.57,863.67,729.9
2023-07-01,Ropa,Camiseta,Este,Efectivo,7,224.02,126.74,0.2,1254.49,887.17,367.33
2023-07-01,Electrónica,Laptop,Sur,Tarjeta de Crédito,7,627.52,469.95,0.2,3514.09,3289.63,224.45
2023-07-01,Deportes,Balón,Oeste,Tarjeta de Crédito,9,125.02,60.99,0.2,900.16,548.88,351.28
2023-07-01,Electrónica,Tablet,Sur,Tarjeta de Crédito,2,1659.98,1023.37,0.0,3319.96,2046.74,1273.22
2023-07-01,Juguetes,Lego,Oeste,Tarjeta de Crédito,7,203.39,142.18,0.1,1281.35,995.23,286.12
2023-07-01,Deportes,Raqueta,Centro,Efectivo,1,152.71,77.29,0.0,152.71,77.29,75.42
2023-07-01,Juguetes,Lego,Centro,PayPal,8,336.53,193.05,0.2,2153.79,1544.4,609.39
2023-07-01,Deportes,Bicicleta,Centro,Transferencia,5,116.27,55.5,0.15,494.13,277.51,216.62
2023-07-02,Deportes,Balón,Sur,PayPal,10,209.43,121.73,0.05,1989.61,1217.34,772.28
2023-07-02,Ropa,Gorra,Este,Transferencia,5,206.09,81.48,0.2,824.35,407.38,416.97
2023-07-02,Electrónica,Smartwatch,Sur,Transferencia,6,579.66,294.9,0.0,3477.99,1769.39,1708.59
2023-07-02,Hogar,Sofá,Centro,Transferencia,6,238.35,116.32,0.2,1144.09,697.92,446.16
2023-07-02,Deportes,Bicicleta,Sur,Transferencia,5,189.03,120.05,0.2,756.14,600.27,155.87
2023-07-03,Juguetes,Muñeca,Este,Transferencia,9,163.35,74.14,0.0,1470.11,667.26,802.85
2023-07-03,Deportes,Raqueta,Oeste,Tarjeta de Crédito,8,49.23,23.03,0.05,374.15,184.27,189.89
2023-07-03,Ropa,Gorra,Centro,Transferencia,9,76.04,40.71,0.2,547.51,366.38,181.13
2023-07-03,Electrónica,Smartphone,Norte,Efectivo,7,1014.31,403.57,0.2,5680.14,2824.96,2855.18
2023-07-03,Juguetes,Lego,Oeste,Tarjeta de Crédito,7,221.5,141.6,0.0,1550.47,991.2,559.27
2023-07-03,Electrónica,Tablet,Oeste,Tarjeta de Crédito,1,455.94,308.17,0.0,455.94,308.17,147.77
2023-07-03,Deportes,Raqueta,Este,PayPal,6,215.12,137.37,0.0,1290.75,824.21,466.53
2023-07-03,Electrónica,Smartwatch,Centro,PayPal,8,1187.91,625.04,0.2,7602.63,5000.29,2602.34
2023-07-03,Juguetes,Lego,Norte,Tarjeta de Crédito,5,67.15,43.95,0.1,302.17,219.75,82.43
2023-07-03,Electrónica,Smartwatch,Oeste,Tarjeta de Crédito,1,172.82,99.64,0.05,164.18,99.64,64.54
2023-07-03,Electrónica,Smartwatch,Centro,Efectivo,1,384.07,247.86,0.0,384.07,247.86,136.21
2023-07-03,Hogar,Mesa,Centro,Efectivo,1,308.0,183.5,0.2,246.4,183.5,62.9
2023-07-03,Juguetes,Coche RC,Centro,Tarjeta de Crédito,8,248.94,92.14,0.2,1593.21,737.13,856.08
2023-07-03,Juguetes,Puzzle,Centro,Efectivo,1,28.75,13.32,0.0,28.75,13.32,15.44
2023-07-03,Juguetes,Lego,Centro,Tarjeta de Crédito,5,178.16,73.28,0.2,712.63,366.41,346.22
2023-07-03,Hogar,Sofá,Oeste,PayPal,1,166.25,98.71,0.0,166.25,98.71,67.55
2023-07-03,Electrónica,Smartphone,Oeste,Transferencia,9,533.92,310.61,0.1,4324.78,2795.49,1529.29
2023-07-03,Hogar,Mesa,Oeste,PayPal,10,193.76,118.23,0.0,1937.58,1182.29,755.29
2023-07-04,Ropa,Chaqueta,Sur,Transferencia,10,67.06,29.34,0.0,670.55,293.37,377.18
2023-07-04,Hogar,Sofá,Oeste,Tarjeta de Crédito,10,243.91,118.05,0.05,2317.18,1180.52,1136.66
2023-07-04,Juguetes,Puzzle,Este,Efectivo,2,123.87,79.19,0.2,198.19,158.38,39.81
2023-07-04,Juguetes,Lego,Sur,Efectivo,3,141.22,55.72,0.0,423.65,167.17,256.48
2023-07-04,Deportes,Cinta de correr,Centro,PayPal,3,324.09,169.82,0.0,972.26,509.47,462.79
2023-07-04,Ropa,Gorra,Centro,Efectivo,1,213.59,101.99,0.15,181.55,101.99,79.57
2023-07-04,Electrónica,Tablet,Centro,PayPal,10,1077.3,570.35,0.0,10773.03,5703.54,5069.49
2023-07-04,Hogar,Lámpara,Centro,PayPal,4,284.12,130.16,0.15,965.99,520.63,445.37
2023-07-04,Ropa,Zapatos,Oeste,Efectivo,3,346.87,187.23,0.15,884.52,561.68,322.84
2023-07-04,Ropa,Zapatos,Oeste,Efectivo,2,279.1,174.51,0.05,530.29,349.03,181.26
2023-07-04,Hogar,Cama,Norte,Tarjeta de Crédito,6,182.79,88.38,0.1,987.08,530.28,456.8
2023-07-04,Hogar,Lámpara,Centro,Efectivo,9,224.61,144.22,0.05,1920.41,1298.0,622.41
2023-07-04,Deportes,Raqueta,Norte,Transferencia,4,172.75,75.69,0.0,690.98,302.77,388.21
2023-07-04,Ropa,Pantalón,Oeste,PayPal,4,296.63,140.58,0.2,949.2,562.31,386.9
2023-07-04,Electrónica,Auriculares,Centro,Efectivo,6,851.45,416.34,0.0,5108.69,2498.04,2610.65
2023-07-05,Electrónica,Auriculares,Este,Transferencia,8,1050.24,535.61,0.0,8401.92,4284.87,4117.05
2023-07-05,Ropa,Pantalón,Este,Efectivo,8,26.11,12.99,0.0,208.91,103.9,105.01
2023-07-05,Hogar,Sofá,Centro,PayPal,6,70.65,29.85,0.05,402.69,179.1,223.59
2023-07-05,Deportes,Balón,Norte,Efectivo,3,103.83,54.11,0.15,264.77,162.33,102.43
2023-07-05,Electrónica,Laptop,Norte,Efectivo,1,1455.49,682.39,0.15,1237.17,682.39,554.78
2023-07-05,Hogar,Lámpara,Oeste,Transferencia,9,204.57,133.77,0.0,1841.17,1203.9,637.27
2023-07-05,Deportes,Bicicleta,Centro,PayPal,1,77.59,36.57,0.1,69.83,36.57,33.26
2023-07-05,Juguetes,Peluche,Sur,Tarjeta de Crédito,3,196.75,91.63,0.05,560.75,274.9,285.85
2023-07-05,Ropa,Zapatos,Norte,PayPal,10,21.17,13.01,0.1,190.53,130.05,60.48
2023-07-05,Juguetes,Muñeca,Norte,Efectivo,7,113.51,49.9,0.0,794.6,349.33,445.27
2023-07-05,Electrónica,Laptop,Oeste,Tarjeta de Crédito,3,1391.87,736.63,0.05,3966.83,2209.88,1756.95
2023-07-05,Ropa,Chaqueta,Sur,Efectivo,9,116.59,87.55,0.1,944.38,787.97,156.41
2023-07-05,Deportes,Raqueta,Norte,Efectivo,3,147.86,88.5,0.2,354.86,265.51,89.35
2023-07-05,Ropa,Chaqueta,Este,Tarjeta de Crédito,5,115.6,47.3,0.0,578.01,236.48,341.52
2023-07-06,Hogar,Mesa,Este,Tarjeta de Crédito,7,190.39,126.75,0.15,1132.8,887.27,245.54
2023-07-06,Juguetes,Coche RC,Centro,Tarjeta de Crédito,9,331.15,170.64,0.2,2384.31,1535.75,848.56
2023-07-06,Hogar,Sofá,Norte,PayPal,9,232.72,80.77,0.15,1780.3,726.92,1053.37
2023-07-06,Juguetes,Puzzle,Norte,Transferencia,6,93.67,58.25,0.05,533.95,349.48,184.47
2023-07-06,Hogar,Cama,Sur,PayPal,1,101.64,55.86,0.15,86.39,55.86,30.54
2023-07-06,Juguetes,Puzzle,Norte,Tarjeta de Crédito,9,163.2,80.67,0.0,1468.81,726.06,742.74
2023-07-06,Hogar,Sofá,Este,PayPal,8,248.52,126.39,0.1,1789.32,1011.16,778.16
2023-07-06,Hogar,Silla,Oeste,Transferencia,2,15.09,8.54,0.0,30.19,17.07,13.11
2023-07-06,Ropa,Gorra,Norte,Transferencia,10,91.55,57.39,0.0,915.45,573.87,341.58
2023-07-06,Electrónica,Tablet,Norte,Efectivo,4,170.8,88.6,0.0,683.21,354.41,328.79
2023-07-07,Hogar,Mesa,Norte,Efectivo,1,118.62,55.4,0.0,118.62,55.4,63.22
2023-07-07,Electrónica,Smartwatch,Oeste,Efectivo,8,278.2,112.03,0.0,2225.63,896.21,1329.42
2023-07-07,Juguetes,Puzzle,Este,PayPal,4,82.41,39.79,0.0,329.62,159.14,170.48
2023-07-07,Ropa,Zapatos,Norte,Transferencia,4,50.67,27.89,0.2,162.14,111.57,50.57
2023-07-07,Juguetes,Lego,Este,PayPal,1,299.61,187.68,0.2,239.69,187.68,52.02
2023-07-07,Ropa,Camiseta,Este,Tarjeta de Crédito,1,97.13,58.76,0.2,77.7,58.76,18.94
2023-07-07,Juguetes,Coche RC,Centro,Transferencia,7,48.72,21.88,0.05,323.98,153.17,170.81
2023-07-07,Electrónica,Smartwatch,Centro,PayPal,5,975.81,516.17,0.0,4879.07,2580.87,2298.2
2023-07-07,Hogar,Lámpara,Oeste,Tarjeta de Crédito,5,279.61,183.25,0.2,1118.45,916.27,202.18
2023-07-07,Hogar,Sofá,Oeste,Tarjeta de Crédito,4,305.39,148.19,0.05,1160.48,592.75,567.73
2023-07-07,Hogar,Silla,Oeste,Efectivo,1,207.73,130.1,0.1,186.96,130.1,56.87
2023-07-08,Juguetes,Lego,Norte,Tarjeta de Crédito,8,75.04,33.27,0.05,570.34,266.13,304.21
2023-07-08,Hogar,Lámpara,Sur,Transferencia,10,84.06,42.26,0.0,840.62,422.6,418.02
2023-07-08,Hogar,Sofá,Oeste,Tarjeta de Crédito,6,96.1,49.53,0.0,576.62,297.16,279.45
2023-07-08,Hogar,Cama,Norte,PayPal,4,109.28,51.14,0.1,393.42,204.58,188.84
2023-07-08,Deportes,Cinta de correr,Centro,Efectivo,10,278.14,195.55,0.0,2781.4,1955.49,825.91
2023-07-08,Ropa,Zapatos,Este,PayPal,5,256.54,105.17,0.15,1090.29,525.86,564.44
2023-07-08,Electrónica,Smartphone,Centro,Tarjeta de Crédito,8,1264.77,678.76,0.0,10118.14,5430.06,4688.08
2023-07-08,Hogar,Mesa,Norte,Transferencia,4,138.92,59.83,0.0,555.67,239.31,316.36
2023-07-08,Electrónica,Smartwatch,Sur,Tarjeta de Crédito,3,560.59,365.65,0.0,1681.77,1096.95,584.81
2023-07-08,Deportes,Raqueta,Norte,PayPal,2,200.34,96.66,0.0,400.68,193.32,207.36
2023-07-08,Deportes,Cinta de correr,Oeste,PayPal,5,152.89,85.64,0.05,726.22,428.2,298.02
2023-07-08,Ropa,Camiseta,Sur,Tarjeta de Crédito,6,34.75,21.48,0.05,198.05,128.88,69.17
2023-07-08,Deportes,Bicicleta,Norte,PayPal,8,328.31,181.19,0.1,2363.81,1449.5,914.32
2023-07-08,Hogar,Lámpara,Norte,Transferencia,4,60.73,39.82,0.05,230.77,159.29,71.48
2023-07-08,Juguetes,Lego,Oeste,Tarjeta de Crédito,9,143.04,89.02,0.0,1287.39,801.21,486.17
2023-07-08,Hogar,Lámpara,Este,Tarjeta de Crédito,1,53.38,27.53,0.1,48.05,27.53,20.52
2023-07-08,Electrónica,Smartphone,Oeste,Tarjeta de Crédito,3,700.43,318.25,0.1,1891.16,954.74,936.41
2023-07-08,Hogar,Cama,Oeste,Tarjeta de Crédito,1,100.65,48.3,0.2,80.52,48.3,32.22
2023-07-09,Juguetes,Lego,Este,Tarjeta de Crédito,4,52.81,23.8,0.1,190.13,95.19,94.94
2023-07-09,Juguetes,Puzzle,Oeste,Tarjeta de Crédito,10,31.84,12.05,0.2,254.76,120.51,134.25
2023-07-09,Ropa,Zapatos,Oeste,Tarjeta de Crédito,7,321.86,185.73,0.0,2253.05,1300.12,952.93
2023-07-09,Juguetes,Puzzle,Sur,Tarjeta de Crédito,9,230.11,131.67,0.0,2070.98,1185.01,885.98
2023-07-09,Hogar,Cama,Oeste,Efectivo,5,173.43,114.74,0.0,867.13,573.71,293.42
2023-07-09,Hogar,Silla,Norte,Tarjeta de Crédito,4,113.84,54.29,0.0,455.35,217.14,238.2
2023-07-09,Juguetes,Puzzle,Centro,PayPal,9,283.76,113.14,0.15,2170.73,1018.27,1152.46
2023-07-09,Electrónica,Smartwatch,Este,PayPal,3,903.12,499.57,0.0,2709.35,1498.7,1210.64
2023-07-09,Juguetes,Muñeca,Centro,Tarjeta de Crédito,2,68.57,38.65,0.0,137.14,77.29,59.85
2023-07-09,Juguetes,Peluche,Este,PayPal,7,74.14,45.03,0.1,467.09,315.18,151.9
2023-07-09,Hogar,Mesa,Centro,Tarjeta de Crédito,10,230.46,170.12,0.2,1843.67,1701.19,142.48
2023-07-09,Deportes,Balón,Sur,PayPal,4,142.22,81.22,0.15,483.53,324.86,158.67
2023-07-09,Juguetes,Muñeca,Norte,Transferencia,9,282.87,149.38,0.0,2545.82,1344.42,1201.41
2023-07-10,Juguetes,Puzzle,Oeste,Efectivo,3,129.79,47.55,0.2,311.5,142.66,168.84
2023-07-10,Electrónica,Tablet,Sur,Tarjeta de Crédito,4,1391.88,801.4,0.2,4454.02,3205.59,1248.44
2023-07-10,Ropa,Pantalón,Sur,Efectivo,8,213.04,106.98,0.15,1448.65,855.83,592.82
2023-07-10,Deportes,Pesas,Sur,Efectivo,1,233.86,148.43,0.05,222.17,148.43,73.74
2023-07-10,Juguetes,Coche RC,Este,Tarjeta de Crédito,1,91.69,58.31,0.0,91.69,58.31,33.39
2023-07-10,Deportes,Raqueta,Este,Transferencia,5,175.36,94.31,0.2,701.43,471.53,229.9
2023-07-10,Deportes,Pesas,Oeste,PayPal,6,95.54,48.67,0.0,573.24,292.02,281.22
2023-07-10,Ropa,Zapatos,Norte,Tarjeta de Crédito,5,47.08,21.48,0.0,235.39,107.41,127.98
2023-07-10,Deportes,Raqueta,Norte,Tarjeta de Crédito,5,91.64,37.78,0.0,458.22,188.92,269.3
2023-07-10,Ropa,Camiseta,Este,Tarjeta de Crédito,3,179.93,64.35,0.0,539.79,193.06,346.73
2023-07-10,Deportes,Bicicleta,Este,Tarjeta de Crédito,2,101.45,47.38,0.15,172.46,94.77,77.7
2023-07-10,Electrónica,Auriculares,Oeste,Efectivo,3,71.5,37.41,0.15,182.32,112.22,70.1
2023-07-10,Deportes,Raqueta,Centro,Efectivo,3,44.65,25.45,0.05,127.24,76.34,50.9
2023-07-10,Hogar,Sofá,Oeste,PayPal,9,298.96,104.97,0.1,2421.54,944.71,1476.82
2023-07-11,Juguetes,Puzzle,Este,Transferencia,4,40.87,23.65,0.0,163.48,94.58,68.9
2023-07-11,Electrónica,Tablet,Oeste,Efectivo,5,312.83,197.07,0.15,1329.53,985.35,344.18
2023-07-11,Deportes,Balón,Este,Efectivo,3,209.14,148.04,0.15,533.3,444.13,89.17
2023-07-11,Deportes,Balón,Norte,Tarjeta de Crédito,8,247.72,120.01,0.15,1684.47,960.06,724.41
2023-07-11,Electrónica,Laptop,Centro,Transferencia,10,855.33,295.69,0.2,6842.63,2956.91,3885.72
2023-07-11,Electrónica,Smartwatch,Centro,Efectivo,6,778.52,506.71,0.0,4671.09,3040.29,1630.8
2023-07-11,Juguetes,Peluche,Oeste,Transferencia,4,110.8,61.76,0.1,398.86,247.04,151.82
2023-07-11,Ropa,Camiseta,Oeste,Tarjeta de Crédito,1,155.37,68.88,0.2,124.3,68.88,55.42
2023-07-11,Electrónica,Smartphone,Oeste,PayPal,2,373.68,195.31,0.15,635.25,390.62,244.63
2023-07-11,Juguetes,Lego,Este,Efectivo,3,220.63,96.01,0.05,628.8,288.03,340.78
2023-07-11,Hogar,Silla,Centro,Tarjeta de Crédito,9,340.09,149.52,0.05,2907.8,1345.7,1562.1
2023-07-11,Juguetes,Puzzle,Centro,Transferencia,10,62.62,27.69,0.0,626.2,276.86,349.34
2023-07-11,Ropa,Pantalón,Norte,PayPal,8,291.96,184.09,0.0,2335.69,1472.69,863.0
2023-07-11,Ropa,Gorra,Sur,Tarjeta de Crédito,3,330.5,170.7,0.2,793.19,512.09,281.1
2023-07-11,Electrónica,Tablet,Oeste,PayPal,10,747.04,373.85,0.15,6349.8,3738.53,2611.27
2023-07-11,Deportes,Pesas,Sur,Efectivo,6,228.26,90.73,0.05,1301.1,544.36,756.74
2023-07-11,Hogar,Cama,Norte,Transferencia,10,80.32,48.27,0.0,803.24,482.69,320.55
2023-07-11,Electrónica,Laptop,Este,Tarjeta de Crédito,3,783.84,391.32,0.2,1881.22,1173.96,707.26
2023-07-12,Electrónica,Smartwatch,Sur,Transferencia,10,943.41,345.47,0.2,7547.3,3454.67,4092.63
2023-07-12,Ropa,Gorra,Oeste,Transferencia,10,255.79,143.98,0.1,2302.11,1439.84,862.27
2023-07-12,Deportes,Cinta de correr,Centro,PayPal,7,122.29,49.82,0.15,727.65,348.74,378.91
2023-07-12,Hogar,Silla,Centro,Transferencia,7,229.24,104.78,0.1,1444.2,733.49,710.71
2023-07-12,Deportes,Pesas,Este,PayPal,6,157.72,86.69,0.2,757.07,520.11,236.95
2023-07-12,Electrónica,Smartwatch,Norte,Efectivo,8,563.0,295.55,0.2,3603.23,2364.42,1238.81
2023-07-12,Deportes,Raqueta,Este,PayPal,10,69.29,27.92,0.1,623.62,279.25,344.37
2023-07-12,Juguetes,Muñeca,Centro,Tarjeta de Crédito,7,115.66,65.89,0.0,809.64,461.2,348.44
2023-07-12,Electrónica,Smartphone,Norte,Efectivo,8,1039.62,416.73,0.1,7485.24,3333.84,4151.39
2023-07-12,Electrónica,Smartphone,Oeste,Tarjeta de Crédito,3,511.59,245.79,0.0,1534.76,737.36,797.4
2023-07-12,Ropa,Camiseta,Norte,Efectivo,9,64.56,41.51,0.15,493.87,373.56,120.31
2023-07-12,Electrónica,Auriculares,Sur,PayPal,2,72.07,45.25,0.15,122.52,90.51,32.01
2023-07-12,Ropa,Camiseta,Sur,Tarjeta de Crédito,4,249.05,112.06,0.05,946.39,448.25,498.14
2023-07-12,Electrónica,Smartwatch,Norte,Tarjeta de Crédito,4,947.98,404.7,0.05,3602.32,1618.8,1983.52
2023-07-12,Deportes,Balón,Sur,Tarjeta de Crédito,6,69.45,42.2,0.0,416.67,253.18,163.5
2023-07-13,Ropa,Camiseta,Norte,Tarjeta de Crédito,1,16.35,7.19,0.1,14.71,7.19,7.53
2023-07-13,Deportes,Pesas,Oeste,Efectivo,7,138.91,74.78,0.15,826.54,523.48,303.07
2023-07-13,Juguetes,Muñeca,Este,Efectivo,6,14.86,10.24,0.0,89.16,61.43,27.74
2023-07-13,Hogar,Silla,Oeste,Tarjeta de Crédito,3,210.16,129.32,0.1,567.43,387.96,179.47
2023-07-13,Ropa,Pantalón,Oeste,PayPal,9,309.25,147.4,0.0,2783.22,1326.6,1456.62
2023-07-13,Electrónica,Smartphone,Centro,Transferencia,8,542.06,394.94,0.15,3685.98,3159.55,526.43
2023-07-13,Juguetes,Muñeca,Oeste,Efectivo,10,116.86,49.91,0.2,934.86,499.12,435.75
2023-07-13,Juguetes,Peluche,Este,Transferencia,10,79.57,58.83,0.05,755.87,588.34,167.53
2023-07-14,Hogar,Lámpara,Oeste,Transferencia,5,178.49,114.76,0.1,803.22,573.8,229.42
2023-07-14,Electrónica,Tablet,Este,Tarjeta de Crédito,1,1072.88,621.42,0.2,858.31,621.42,236.89
2023-07-14,Deportes,Raqueta,Centro,Tarjeta de Crédito,4,46.7,19.07,0.2,149.43,76.28,73.16
2023-07-14,Electrónica,Smartwatch,Este,Tarjeta de Crédito,2,76.31,40.14,0.15,129.72,80.27,49.45
2023-07-14,Ropa,Pantalón,Norte,PayPal,1,158.02,89.96,0.15,134.32,89.96,44.36
2023-07-14,Juguetes,Puzzle,Oeste,Efectivo,5,268.46,133.42,0.05,1275.2,667.12,608.08
2023-07-14,Ropa,Gorra,Norte,PayPal,5,275.67,131.97,0.2,1102.69,659.87,442.82
2023-07-14,Ropa,Zapatos,Este,Tarjeta de Crédito,10,300.36,137.16,0.0,3003.56,1371.64,1631.91
2023-07-14,Juguetes,Puzzle,Norte,Efectivo,4,120.87,78.38,0.0,483.48,313.53,169.94
2023-07-14,Ropa,Zapatos,Este,Tarjeta de Crédito,1,163.46,89.56,0.0,163.46,89.56,73.9
2023-07-14,Hogar,Mesa,Centro,Transferencia,8,79.0,54.16,0.0,632.01,433.27,198.74
2023-07-14,Juguetes,Coche RC,Este,PayPal,9,158.93,96.63,0.0,1430.38,869.65,560.73
2023-07-14,Juguetes,Lego,Norte,Efectivo,3,296.15,189.08,0.0,888.46,567.23,321.24
2023-07-14,Ropa,Zapatos,Oeste,Transferencia,5,228.39,122.08,0.0,1141.97,610.4,531.57
2023-07-14,Hogar,Silla,Centro,Tarjeta de Crédito,8,149.14,104.88,0.05,1133.46,839.05,294.41
2023-07-14,Deportes,Balón,Oeste,Efectivo,9,60.35,35.02,0.0,543.18,315.22,227.96
2023-07-14,Electrónica,Tablet,Este,Transferencia,9,771.67,418.61,0.0,6944.99,3767.5,3177.49
2023-07-14,Juguetes,Puzzle,Oeste,Transferencia,9,313.48,119.59,0.1,2539.16,1076.3,1462.86
2023-07-14,Hogar,Mesa,Sur,PayPal,4,163.72,86.84,0.0,654.88,347.37,307.51
2023-07-14,Ropa,Zapatos,Este,Efectivo,1,127.47,67.62,0.2,101.97,67.62,34.35
2023-07-14,Electrónica,Smartwatch,Norte,Efectivo,2,664.22,381.2,0.15,1129.17,762.41,366.76
2023-07-14,Hogar,Mesa,Norte,PayPal,7,34.96,12.77,0.05,232.5,89.4,143.1
2023-07-14,Electrónica,Smartphone,Oeste,Tarjeta de Crédito,6,778.33,357.15,0.2,3735.96,2142.87,1593.09
2023-07-14,Hogar,Mesa,Este,Transferencia,4,37.78,17.34,0.0,151.13,69.37,81.77
2023-07-15,Electrónica,Auriculares,Norte,Efectivo,1,1138.68,460.38,0.15,967.87,460.38,507.49
2023-07-15,Ropa,Camiseta,Oeste,Transferencia,10,100.62,70.42,0.1,905.56,704.17,201.38
2023-07-15,Juguetes,Muñeca,Oeste,PayPal,10,124.37,52.78,0.1,1119.29,527.82,591.47
2023-07-15,Ropa,Gorra,Sur,Efectivo,10,30.49,16.59,0.05,289.68,165.94,123.74
2023-07-15,Juguetes,Lego,Norte,Transferencia,6,168.31,78.16,0.0,1009.88,468.95,540.93
2023-07-15,Hogar,Mesa,Sur,Transferencia,8,64.2,32.33,0.15,436.53,258.68,177.85
2023-07-15,Deportes,Raqueta,Este,PayPal,9,222.54,109.9,0.0,2002.83,989.06,1013.77
2023-07-15,Electrónica,Smartwatch,Este,Tarjeta de Crédito,10,829.3,350.35,0.0,8293.05,3503.48,4789.57
2023-07-15,Hogar,Cama,Sur,Efectivo,9,287.66,112.64,0.0,2588.9,1013.72,1575.18
2023-07-15,Electrónica,Tablet,Sur,PayPal,1,1521.9,812.35,0.2,1217.52,812.35,405.17
2023-07-15,Deportes,Pesas,Norte,Tarjeta de Crédito,8,170.63,89.79,0.0,1365.07,718.32,646.75
2023-07-15,Hogar,Silla,Norte,Transferencia,3,33.07,17.6,0.0,99.22,52.81,46.41
2023-07-15,Hogar,Cama,Oeste,Efectivo,6,81.35,45.95,0.0,488.1,275.72,212.38
2023-07-15,Hogar,Cama,Centro,Tarjeta de Crédito,5,215.07,99.65,0.1,967.82,498.26,469.56
2023-07-15,Ropa,Chaqueta,Oeste,Transferencia,10,74.0,39.16,0.05,703.01,391.61,311.4
2023-07-16,Juguetes,Lego,Centro,Transferencia,7,44.58,18.24,0.0,312.04,127.71,184.33
2023-07-16,Electrónica,Laptop,Este,PayPal,5,411.41,297.45,0.0,2057.06,1487.23,569.83
2023-07-16,Deportes,Cinta de correr,Norte,Transferencia,10,234.85,144.73,0.05,2231.09,1447.33,783.76
2023-07-16,Ropa,Chaqueta,Centro,Tarjeta de Crédito,4,62.7,27.84,0.15,213.19,111.37,101.82
2023-07-16,Juguetes,Muñeca,Oeste,Transferencia,2,209.28,156.09,0.15,355.78,312.17,43.61
2023-07-16,Juguetes,Peluche,Sur,Transferencia,3,256.54,98.63,0.0,769.61,295.88,473.73
2023-07-16,Deportes,Pesas,Oeste,Efectivo,1,33.77,18.55,0.05,32.08,18.55,13.53
2023-07-16,Juguetes,Peluche,Norte,Transferencia,5,207.52,127.48,0.0,1037.6,637.4,400.19
2023-07-16,Juguetes,Coche RC,Norte,Tarjeta de Crédito,9,206.54,86.76,0.1,1672.96,780.88,892.08
2023-07-16,Electrónica,Auriculares,Este,PayPal,10,367.0,260.8,0.05,3486.53,2607.95,878.57
2023-07-16,Electrónica,Smartphone,Centro,PayPal,10,408.67,205.45,0.2,3269.38,2054.53,1214.85
2023-07-16,Juguetes,Peluche,Oeste,Transferencia,10,38.77,18.79,0.2,310.18,187.91,122.27
2023-07-16,Juguetes,Peluche,Centro,Efectivo,8,226.76,119.01,0.05,1723.34,952.1,771.24
2023-07-16,Hogar,Sofá,Sur,PayPal,6,52.53,27.61,0.2,252.16,165.66,86.5
2023-07-16,Deportes,Raqueta,Norte,Tarjeta de Crédito,7,237.38,120.55,0.0,1661.63,843.86,817.76
2023-07-16,Juguetes,Muñeca,Norte,Tarjeta de Crédito,1,40.48,23.57,0.0,40.48,23.57,16.9
2023-07-16,Juguetes,Muñeca,Este,PayPal,1,209.8,112.82,0.1,188.82,112.82,76.0
2023-07-16,Ropa,Gorra,Centro,PayPal,1,42.47,22.97,0.0,42.47,22.97,19.5
2023-07-16,Hogar,Silla,Norte,Tarjeta de Crédito,1,357.17,169.02,0.2,285.74,169.02,116.72
2023-07-17,Deportes,Bicicleta,Centro,Efectivo,7,309.83,129.09,0.15,1843.46,903.66,939.8
2023-07-17,Deportes,Raqueta,Norte,Transferencia,1,215.62,86.6,0.2,172.49,86.6,85.89
2023-07-17,Ropa,Camiseta,Norte,Transferencia,7,313.98,159.4,0.2,1758.28,1115.82,642.46
2023-07-17,Ropa,Camiseta,Sur,Efectivo,5,333.17,202.52,0.1,1499.29,1012.62,486.66
2023-07-17,Electrónica,Smartphone,Este,Transferencia,9,187.38,82.04,0.0,1686.44,738.32,948.12
2023-07-17,Electrónica,Smartphone,Este,Transferencia,2,1282.17,543.32,0.05,2436.13,1086.65,1349.48
2023-07-17,Deportes,Pesas,Norte,Tarjeta de Crédito,10,277.51,119.47,0.0,2775.09,1194.66,1580.43
2023-07-17,Ropa,Gorra,Centro,Efectivo,2,308.36,115.3,0.0,616.73,230.61,386.12
2023-07-17,Ropa,Pantalón,Oeste,PayPal,10,182.73,86.08,0.2,1461.88,860.77,601.11
2023-07-17,Electrónica,Laptop,Centro,Transferencia,2,1174.99,829.83,0.15,1997.48,1659.65,337.82
2023-07-17,Deportes,Balón,Este,Transferencia,3,24.26,10.68,0.0,72.78,32.05,40.73
2023-07-17,Deportes,Bicicleta,Oeste,Transferencia,7,108.57,48.76,0.15,646.0,341.31,304.69
2023-07-18,Juguetes,Peluche,Centro,PayPal,3,30.0,15.24,0.0,89.99,45.73,44.26
2023-07-18,Deportes,Bicicleta,Sur,Tarjeta de Crédito,2,57.22,36.43,0.2,91.55,72.87,18.68
2023-07-18,Juguetes,Lego,Sur,Efectivo,6,132.59,89.48,0.0,795.55,536.88,258.67
2023-07-18,Hogar,Silla,Este,Efectivo,9,330.75,168.3,0.15,2530.24,1514.73,1015.51
2023-07-18,Deportes,Pesas,Norte,Efectivo,4,280.07,164.99,0.0,1120.29,659.97,460.32
2023-07-18,Juguetes,Muñeca,Sur,Tarjeta de Crédito,1,251.29,131.36,0.05,238.73,131.36,107.37
2023-07-18,Ropa,Camiseta,Este,Transferencia,3,101.28,62.08,0.05,288.64,186.25,102.39
2023-07-18,Electrónica,Auriculares,Sur,Tarjeta de Crédito,6,1427.53,761.53,0.2,6852.13,4569.18,2282.95
2023-07-18,Electrónica,Smartphone,Norte,Efectivo,8,322.32,172.95,0.0,2578.52,1383.62,1194.91
2023-07-18,Juguetes,Peluche,Centro,Efectivo,10,202.74,92.86,0.2,1621.95,928.55,693.39
2023-07-18,Ropa,Zapatos,Sur,Efectivo,2,269.12,161.35,0.2,430.59,322.7,107.89
2023-07-18,Ropa,Gorra,Norte,Transferencia,8,59.33,40.67,0.1,427.16,325.38,101.78
2023-07-18,Hogar,Silla,Centro,Efectivo,3,34.29,13.72,0.0,102.88,41.15,61.73
2023-07-18,Ropa,Pantalón,Este,PayPal,5,264.03,104.91,0.15,1122.13,524.55,597.58
2023-07-18,Ropa,Zapatos,Norte,Transferencia,4,42.37,17.29,0.1,152.53,69.17,83.35
2023-07-19,Deportes,Balón,Centro,Efectivo,5,46.38,27.56,0.1,208.72,137.8,70.92
2023-07-19,Hogar,Mesa,Sur,PayPal,6,131.94,80.29,0.15,672.89,481.71,191.17
2023-07-19,Electrónica,Smartphone,Norte,PayPal,3,643.07,329.99,0.15,1639.82,989.97,649.85
2023-07-19,Deportes,Bicicleta,Oeste,Transferencia,5,165.08,92.88,0.0,825.39,464.39,361.0
2023-07-19,Juguetes,Lego,Oeste,Transferencia,5,170.66,78.79,0.05,810.66,393.96,416.7
2023-07-19,Juguetes,Muñeca,Oeste,Transferencia,10,300.36,148.27,0.0,3003.56,1482.73,1520.83
2023-07-19,Ropa,Pantalón,Norte,PayPal,3,39.95,22.58,0.05,113.85,67.74,46.1
2023-07-19,Ropa,Camiseta,Norte,Tarjeta de Crédito,9,17.38,7.83,0.15,132.94,70.51,62.42
2023-07-20,Juguetes,Lego,Este,Tarjeta de Crédito,2,77.86,28.18,0.1,140.15,56.36,83.79
2023-07-20,Electrónica,Smartphone,Este,PayPal,7,332.49,135.04,0.0,2327.45,945.31,1382.14
2023-07-20,Deportes,Balón,Norte,Tarjeta de Crédito,5,176.64,91.68,0.0,883.21,458.4,424.81
2023-07-20,Deportes,Balón,Sur,Efectivo,4,181.86,93.65,0.1,654.7,374.6,280.1
2023-07-20,Hogar,Silla,Sur,Transferencia,10,113.44,58.56,0.0,1134.37,585.58,548.79
2023-07-20,Hogar,Sofá,Oeste,Efectivo,7,205.23,98.76,0.15,1221.12,691.32,529.8
2023-07-21,Hogar,Sofá,Centro,Tarjeta de Crédito,1,59.44,25.25,0.15,50.52,25.25,25.28
2023-07-21,Ropa,Camiseta,Oeste,PayPal,7,84.54,51.63,0.05,562.2,361.39,200.81
2023-07-21,Ropa,Gorra,Sur,Tarjeta de Crédito,2,85.23,55.23,0.1,153.42,110.46,42.96
2023-07-21,Ropa,Gorra,Oeste,Transferencia,6,242.91,105.55,0.2,1165.96,633.29,532.67
2023-07-21,Deportes,Pesas,Centro,Tarjeta de Crédito,3,168.23,88.35,0.0,504.69,265.04,239.65
2023-07-21,Hogar,Silla,Este,Transferencia,1,123.93,48.99,0.1,111.54,48.99,62.55
2023-07-21,Juguetes,Coche RC,Sur,Efectivo,10,239.85,133.69,0.1,2158.66,1336.87,821.79
2023-07-21,Deportes,Raqueta,Sur,Transferencia,1,245.54,120.41,0.2,196.43,120.41,76.02
2023-07-21,Electrónica,Smartwatch,Este,Transferencia,7,1242.45,750.84,0.0,8697.17,5255.86,3441.31
2023-07-21,Deportes,Bicicleta,Oeste,Efectivo,2,245.52,85.13,0.2,392.83,170.26,222.57
2023-07-22,Deportes,Balón,Este,Tarjeta de Crédito,4,150.99,73.51,0.1,543.57,294.03,249.54
2023-07-22,Hogar,Lámpara,Sur,Tarjeta de Crédito,1,109.47,56.54,0.0,109.47,56.54,52.94
2023-07-22,Hogar,Silla,Oeste,Efectivo,7,232.39,165.92,0.0,1626.71,1161.43,465.28
2023-07-22,Hogar,Lámpara,Oeste,PayPal,3,64.57,41.15,0.15,164.65,123.46,41.2
2023-07-22,Deportes,Balón,Este,Tarjeta de Crédito,2,100.07,53.84,0.0,200.14,107.67,92.46
2023-07-22,Ropa,Zapatos,Norte,PayPal,6,205.12,124.16,0.1,1107.66,744.94,362.72
2023-07-22,Electrónica,Smartwatch,Sur,Transferencia,1,109.81,39.73,0.0,109.81,39.73,70.08
2023-07-22,Hogar,Sofá,Este,PayPal,6,17.25,6.46,0.05,98.3,38.78,59.53
2023-07-22,Hogar,Silla,Oeste,Tarjeta de Crédito,3,51.32,37.88,0.2,123.17,113.64,9.53
2023-07-22,Electrónica,Smartwatch,Oeste,Tarjeta de Crédito,9,392.63,260.79,0.1,3180.32,2347.15,833.17
2023-07-22,Hogar,Sofá,Norte,Efectivo,6,87.16,40.69,0.15,444.52,244.13,200.39
2023-07-22,Juguetes,Puzzle,Sur,Efectivo,5,264.04,150.92,0.2,1056.17,754.59,301.58
2023-07-22,Juguetes,Peluche,Norte,PayPal,10,35.75,25.28,0.05,339.59,252.76,86.83
2023-07-22,Ropa,Chaqueta,Oeste,Transferencia,10,274.94,190.1,0.2,2199.52,1901.0,298.52
2023-07-22,Hogar,Cama,Centro,PayPal,7,44.93,28.25,0.2,251.6,197.72,53.88
2023-07-22,Hogar,Sofá,Oeste,PayPal,8,187.65,127.38,0.15,1275.99,1019.05,256.93
2023-07-22,Deportes,Balón,Norte,Tarjeta de Crédito,9,314.4,164.88,0.15,2405.17,1483.92,921.25
2023-07-23,Deportes,Cinta de correr,Centro,Tarjeta de Crédito,5,30.06,13.62,0.0,150.3,68.12,82.17
2023-07-23,Juguetes,Peluche,Centro,PayPal,7,117.23,84.37,0.05,779.61,590.58,189.03
2023-07-23,Electrónica,Smartphone,Centro,PayPal,2,44.1,28.9,0.15,74.97,57.8,17.16
2023-07-23,Ropa,Zapatos,Norte,PayPal,7,99.0,47.19,0.0,693.0,330.32,362.69
2023-07-23,Deportes,Raqueta,Sur,PayPal,6,213.27,95.74,0.0,1279.65,574.45,705.2
2023-07-23,Ropa,Camiseta,Oeste,PayPal,2,53.3,25.84,0.0,106.59,51.68,54.91
2023-07-23,Ropa,Chaqueta,Norte,Transferencia,2,42.34,23.4,0.0,84.67,46.8,37.88
2023-07-23,Hogar,Mesa,Sur,Efectivo,7,288.51,132.99,0.15,1716.66,930.9,785.76
2023-07-23,Deportes,Balón,Centro,Tarjeta de Crédito,4,41.58,20.15,0.1,149.71,80.59,69.11
2023-07-23,Hogar,Silla,Sur,PayPal,3,253.02,126.78,0.0,759.06,380.33,378.73
2023-07-23,Deportes,Cinta de correr,Sur,Tarjeta de Crédito,9,182.58,106.18,0.0,1643.26,955.58,687.69
2023-07-23,Deportes,Raqueta,Sur,PayPal,6,116.81,47.85,0.0,700.86,287.08,413.78
2023-07-23,Hogar,Silla,Norte,Transferencia,3,155.11,56.62,0.15,395.54,169.85,225.7
2023-07-23,Deportes,Raqueta,Oeste,Tarjeta de Crédito,9,137.36,59.01,0.0,1236.24,531.11,705.13
2023-07-23,Deportes,Pesas,Oeste,Efectivo,2,96.2,35.51,0.0,192.39,71.02,121.37
2023-07-23,Electrónica,Tablet,Norte,Tarjeta de Crédito,5,90.94,38.47,0.1,409.21,192.34,216.87
2023-07-23,Juguetes,Lego,Sur,PayPal,7,289.54,156.75,0.1,1824.09,1097.28,726.81
2023-07-23,Juguetes,Peluche,Norte,Efectivo,6,10.31,4.79,0.1,55.68,28.72,26.96
2023-07-23,Deportes,Bicicleta,Este,Tarjeta de Crédito,6,126.52,58.29,0.0,759.11,349.71,409.39
2023-07-23,Ropa,Zapatos,Este,Efectivo,4,59.91,31.66,0.05,227.67,126.66,101.01
2023-07-24,Electrónica,Smartwatch,Centro,Tarjeta de Crédito,6,319.65,183.98,0.15,1630.21,1103.87,526.34
2023-07-24,Electrónica,Smartwatch,Este,Transferencia,2,881.33,368.04,0.1,1586.4,736.09,850.31
2023-07-24,Hogar,Sofá,Este,Efectivo,10,261.1,126.0,0.2,2088.76,1260.04,828.73
2023-07-24,Hogar,Lámpara,Centro,Efectivo,3,173.56,104.18,0.2,416.54,312.54,104.0
2023-07-24,Ropa,Pantalón,Sur,Transferencia,2,103.1,40.89,0.0,206.19,81.78,124.41
2023-07-24,Juguetes,Muñeca,Sur,Efectivo,9,87.32,49.32,0.2,628.67,443.87,184.81
2023-07-24,Deportes,Pesas,Este,Efectivo,3,262.03,152.56,0.2,628.88,457.68,171.2
2023-07-24,Deportes,Bicicleta,Sur,PayPal,9,134.95,72.81,0.0,1214.53,655.25,559.29
2023-07-24,Deportes,Cinta de correr,Sur,Transferencia,6,211.23,87.71,0.0,1267.4,526.28,741.11
2023-07-24,Hogar,Sofá,Norte,Transferencia,7,72.75,35.92,0.0,509.25,251.41,257.84
2023-07-25,Deportes,Pesas,Oeste,Tarjeta de Crédito,7,188.38,128.2,0.0,1318.67,897.41,421.26
2023-07-25,Juguetes,Puzzle,Norte,Transferencia,10,239.52,168.36,0.1,2155.67,1683.58,472.1
2023-07-25,Deportes,Cinta de correr,Sur,Tarjeta de Crédito,1,39.33,23.36,0.15,33.43,23.36,10.07
2023-07-25,Juguetes,Lego,Este,Efectivo,8,150.96,72.16,0.05,1147.29,577.28,570.01
2023-07-25,Electrónica,Smartphone,Sur,PayPal,5,845.79,514.36,0.0,4228.93,2571.82,1657.11
2023-07-25,Electrónica,Smartphone,Sur,Efectivo,2,179.69,117.45,0.0,359.38,234.9,124.48
2023-07-25,Electrónica,Smartphone,Sur,PayPal,10,1238.19,711.32,0.1,11143.72,7113.19,4030.53
2023-07-25,Juguetes,Coche RC,Sur,PayPal,1,172.85,73.5,0.0,172.85,73.5,99.35
2023-07-25,Hogar,Sofá,Sur,Transferencia,10,199.16,102.08,0.0,1991.61,1020.81,970.8
2023-07-25,Deportes,Pesas,Norte,PayPal,10,197.17,73.07,0.0,1971.67,730.75,1240.92
2023-07-25,Hogar,Lámpara,Este,PayPal,3,99.02,56.75,0.2,237.64,170.24,67.4
2023-07-25,Hogar,Mesa,Norte,Tarjeta de Crédito,6,188.71,75.32,0.1,1019.06,451.95,567.11
2023-07-25,Electrónica,Smartphone,Sur,PayPal,9,665.24,286.7,0.2,4789.72,2580.26,2209.46
2023-07-25,Hogar,Cama,Oeste,Efectivo,8,297.28,127.73,0.0,2378.24,1021.87,1356.37
2023-07-25,Hogar,Mesa,Este,Transferencia,8,228.13,129.73,0.1,1642.51,1037.84,604.67
2023-07-25,Juguetes,Puzzle,Oeste,Transferencia,2,281.94,110.46,0.0,563.89,220.92,342.97
2023-07-25,Deportes,Balón,Centro,PayPal,10,56.51,31.33,0.0,565.12,313.29,251.83
2023-07-26,Hogar,Lámpara,Centro,PayPal,8,235.91,147.7,0.1,1698.57,1181.61,516.95
2023-07-26,Juguetes,Puzzle,Norte,PayPal,2,209.26,149.6,0.0,418.51,299.2,119.32
2023-07-26,Electrónica,Smartphone,Este,PayPal,9,972.56,475.6,0.0,8753.06,4280.37,4472.7
2023-07-26,Deportes,Raqueta,Norte,Transferencia,1,143.98,66.87,0.0,143.98,66.87,77.11
2023-07-26,Deportes,Pesas,Este,Efectivo,6,170.83,87.99,0.0,1024.96,527.96,497.0
2023-07-26,Ropa,Pantalón,Oeste,Tarjeta de Crédito,7,85.13,44.77,0.0,595.91,313.4,282.52
2023-07-26,Hogar,Lámpara,Centro,PayPal,3,146.01,87.34,0.05,416.12,262.03,154.09
2023-07-26,Deportes,Raqueta,Norte,PayPal,4,111.31,64.98,0.0,445.23,259.92,185.32
2023-07-26,Hogar,Sofá,Este,Efectivo,3,309.28,135.67,0.05,881.44,407.0,474.44
2023-07-26,Juguetes,Coche RC,Norte,Efectivo,1,137.06,73.18,0.0,137.06,73.18,63.87
2023-07-26,Ropa,Zapatos,Oeste,Transferencia,3,19.51,10.1,0.0,58.54,30.3,28.24
2023-07-26,Juguetes,Muñeca,Norte,Tarjeta de Crédito,4,155.45,112.6,0.2,497.43,450.41,47.01
2023-07-27,Juguetes,Puzzle,Centro,Efectivo,4,244.8,168.38,0.05,930.25,673.5,256.75
2023-07-27,Juguetes,Muñeca,Centro,Efectivo,4,143.5,89.5,0.0,574.0,358.02,215.98
2023-07-27,Hogar,Sofá,Sur,Tarjeta de Crédito,1,252.81,154.34,0.0,252.81,154.34,98.47
2023-07-27,Deportes,Balón,Este,Transferencia,7,162.96,79.3,0.05,1083.66,555.09,528.57
2023-07-27,Juguetes,Lego,Norte,Tarjeta de Crédito,2,157.08,100.34,0.15,267.04,200.69,66.35
2023-07-27,Electrónica,Tablet,Este,PayPal,9,1292.5,881.34,0.0,11632.52,7932.08,3700.44
2023-07-27,Electrónica,Auriculares,Sur,Tarjeta de Crédito,8,148.93,63.74,0.0,1191.48,509.91,681.57
2023-07-27,Deportes,Pesas,Oeste,Transferencia,3,218.09,117.36,0.0,654.28,352.09,302.2
2023-07-27,Electrónica,Smartwatch,Sur,Tarjeta de Crédito,2,300.85,178.24,0.0,601.7,356.48,245.23
2023-07-27,Deportes,Balón,Este,Efectivo,1,86.49,48.29,0.0,86.49,48.29,38.21
2023-07-27,Hogar,Cama,Centro,Transferencia,8,323.63,130.03,0.0,2589.08,1040.27,1548.81
2023-07-27,Deportes,Balón,Norte,Transferencia,6,231.36,82.01,0.05,1318.76,492.06,826.7
2023-07-27,Electrónica,Laptop,Sur,Efectivo,3,523.4,204.21,0.0,1570.19,612.63,957.56
2023-07-27,Deportes,Raqueta,Oeste,Tarjeta de Crédito,8,99.21,44.17,0.15,674.64,353.37,321.27
2023-07-28,Juguetes,Peluche,Norte,PayPal,3,218.07,89.47,0.0,654.21,268.41,385.8
2023-07-28,Deportes,Balón,Sur,PayPal,8,167.35,66.08,0.2,1071.04,528.62,542.42
2023-07-28,Hogar,Cama,Norte,PayPal,4,192.95,81.5,0.0,771.8,326.01,445.79
2023-07-28,Hogar,Mesa,Oeste,Tarjeta de Crédito,4,99.24,44.1,0.0,396.94,176.39,220.55
2023-07-28,Hogar,Cama,Sur,Efectivo,9,58.28,31.79,0.05,498.33,286.11,212.23
2023-07-28,Deportes,Cinta de correr,Oeste,Tarjeta de Crédito,3,296.31,116.47,0.15,755.59,349.4,406.19
2023-07-28,Hogar,Lámpara,Sur,Efectivo,1,267.81,174.6,0.0,267.81,174.6,93.22
2023-07-28,Hogar,Cama,Oeste,Transferencia,3,85.04,42.22,0.15,216.85,126.66,90.19
2023-07-28,Deportes,Cinta de correr,Norte,Transferencia,9,124.2,71.09,0.2,894.23,639.83,254.4
2023-07-28,Deportes,Raqueta,Este,PayPal,5,239.92,149.68,0.0,1199.6,748.4,451.2
2023-07-28,Deportes,Raqueta,Sur,Efectivo,6,214.16,137.47,0.15,1092.24,824.82,267.42
2023-07-29,Deportes,Cinta de correr,Oeste,Efectivo,8,175.76,85.72,0.1,1265.47,685.74,579.73
2023-07-29,Electrónica,Smartwatch,Oeste,Tarjeta de Crédito,1,682.43,311.66,0.0,682.43,311.66,370.76
2023-07-29,Hogar,Lámpara,Este,Transferencia,6,114.02,72.89,0.15,581.51,437.34,144.17
2023-07-29,Juguetes,Lego,Norte,Efectivo,2,15.25,6.68,0.0,30.5,13.36,17.14
2023-07-29,Deportes,Pesas,Sur,Transferencia,1,40.82,24.43,0.15,34.7,24.43,10.27
2023-07-29,Juguetes,Muñeca,Norte,Transferencia,7,213.46,100.81,0.0,1494.22,705.64,788.59
2023-07-29,Electrónica,Smartphone,Oeste,Tarjeta de Crédito,10,1312.02,796.66,0.1,11808.21,7966.6,3841.61
2023-07-29,Ropa,Pantalón,Oeste,Efectivo,6,297.58,185.95,0.0,1785.47,1115.71,669.76
2023-07-29,Ropa,Camiseta,Este,Transferencia,9,298.2,159.13,0.0,2683.79,1432.21,1251.57
2023-07-29,Deportes,Raqueta,Oeste,PayPal,10,70.11,46.79,0.15,595.92,467.92,128.0
2023-07-29,Juguetes,Muñeca,Oeste,Tarjeta de Crédito,7,14.01,6.3,0.0,98.05,44.07,53.99
2023-07-29,Electrónica,Tablet,Oeste,PayPal,3,377.5,184.27,0.0,1132.51,552.81,579.7
2023-07-29,Juguetes,Coche RC,Norte,Transferencia,9,81.16,42.44,0.1,657.4,382.0,275.4
2023-07-29,Juguetes,Coche RC,Este,Tarjeta de Crédito,6,321.41,170.75,0.15,1639.19,1024.48,614.71
2023-07-29,Ropa,Zapatos,Centro,PayPal,6,76.46,48.6,0.15,389.96,291.62,98.34
2023-07-29,Juguetes,Coche RC,Este,PayPal,6,152.36,60.13,0.1,822.76,360.77,461.98
2023-07-30,Electrónica,Smartwatch,Centro,Tarjeta de Crédito,10,1355.44,801.34,0.15,11521.28,8013.41,3507.87
2023-07-30,Juguetes,Peluche,Norte,PayPal,1,109.0,62.97,0.15,92.65,62.97,29.68
2023-07-30,Electrónica,Smartwatch,Centro,Efectivo,2,1497.25,571.88,0.1,2695.04,1143.76,1551.28
2023-07-30,Hogar,Silla,Oeste,PayPal,3,263.5,172.24,0.0,790.49,516.73,273.76
2023-07-30,Hogar,Cama,Oeste,Efectivo,3,100.67,52.69,0.1,271.82,158.06,113.77
2023-07-30,Juguetes,Lego,Norte,PayPal,8,160.96,73.92,0.0,1287.7,591.38,696.32
2023-07-30,Ropa,Zapatos,Norte,Efectivo,9,214.95,104.22,0.0,1934.59,937.98,996.62
2023-07-30,Electrónica,Smartphone,Oeste,Transferencia,8,876.47,375.41,0.0,7011.73,3003.25,4008.49
2023-07-30,Juguetes,Lego,Centro,Efectivo,1,222.06,116.47,0.0,222.06,116.47,105.59
2023-07-30,Hogar,Sofá,Sur,Tarjeta de Crédito,1,126.9,77.62,0.0,126.9,77.62,49.28
2023-07-30,Juguetes,Lego,Sur,Tarjeta de Crédito,1,10.6,5.54,0.0,10.6,5.54,5.07
2023-07-30,Ropa,Gorra,Norte,Efectivo,5,235.67,122.73,0.15,1001.61,613.67,387.94
2023-07-30,Deportes,Raqueta,Sur,Transferencia,5,136.19,89.23,0.1,612.87,446.14,166.73
2023-07-30,Hogar,Sofá,Sur,Transferencia,1,188.29,90.4,0.0,188.29,90.4,97.89
2023-07-30,Juguetes,Coche RC,Oeste,Tarjeta de Crédito,9,40.65,20.37,0.2,292.68,183.36,109.32
2023-07-31,Deportes,Balón,Oeste,Efectivo,10,122.59,61.65,0.0,1225.91,616.5,609.41
2023-07-31,Deportes,Cinta de correr,Sur,PayPal,2,298.5,117.89,0.0,596.99,235.78,361.22
2023-07-31,Deportes,Balón,Este,PayPal,2,327.28,153.53,0.15,556.38,307.07,249.31
2023-07-31,Deportes,Raqueta,Sur,Transferencia,4,32.55,18.12,0.05,123.67,72.48,51.19
2023-07-31,Juguetes,Peluche,Centro,Efectivo,2,14.52,8.83,0.05,27.59,17.67,9.92
2023-07-31,Juguetes,Muñeca,Norte,PayPal,7,53.06,25.34,0.05,352.88,177.39,175.48
2023-07-31,Juguetes,Coche RC,Sur,Efectivo,8,258.21,102.67,0.0,2065.72,821.39,1244.32
2023-07-31,Electrónica,Laptop,Norte,Transferencia,2,34.25,17.89,0.0,68.5,35.78,32.72
2023-07-31,Electrónica,Laptop,Centro,Tarjeta de Crédito,6,1033.49,630.79,0.05,5890.92,3784.76,2106.16
2023-07-31,Ropa,Camiseta,Este,Efectivo,2,149.13,94.8,0.15,253.52,189.61,63.91
2023-07-31,Electrónica,Tablet,Este,Efectivo,6,172.86,82.52,0.0,1037.16,495.15,542.01
2023-07-31,Electrónica,Auriculares,Oeste,Tarjeta de Crédito,9,244.66,157.99,0.15,1871.62,1421.87,449.74
2023-07-31,Hogar,Lámpara,Sur,Transferencia,1,287.33,140.53,0.0,287.33,140.53,146.8
2023-07-31,Juguetes,Puzzle,Este,Transferencia,8,340.85,134.95,0.0,2726.79,1079.6,1647.18
2023-08-01,Juguetes,Peluche,Sur,Efectivo,9,298.57,152.69,0.0,2687.1,1374.18,1312.92
2023-08-01,Deportes,Bicicleta,Norte,Tarjeta de Crédito,5,77.82,38.03,0.15,330.73,190.15,140.59
2023-08-01,Juguetes,Coche RC,Norte,Transferencia,9,185.43,129.2,0.2,1335.1,1162.8,172.3
2023-08-01,Hogar,Lámpara,Norte,PayPal,8,307.44,118.57,0.2,1967.65,948.55,1019.09
2023-08-01,Hogar,Lámpara,Este,PayPal,9,100.78,46.46,0.0,907.0,418.1,488.9
2023-08-01,Juguetes,Peluche,Oeste,Tarjeta de Crédito,3,167.3,116.35,0.0,501.89,349.05,152.84
2023-08-01,Ropa,Camiseta,Este,Efectivo,1,65.99,42.47,0.2,52.79,42.47,10.32
2023-08-01,Hogar,Silla,Este,Efectivo,9,151.65,59.79,0.15,1160.15,538.13,622.02
2023-08-01,Ropa,Camiseta,Centro,Transferencia,10,109.81,43.77,0.0,1098.14,437.66,660.48
2023-08-01,Juguetes,Puzzle,Oeste,Transferencia,3,66.94,30.17,0.15,170.7,90.51,80.19
2023-08-01,Juguetes,Puzzle,Oeste,Tarjeta de Crédito,10,129.06,75.55,0.1,1161.56,755.54,406.01
2023-08-01,Juguetes,Coche RC,Sur,Efectivo,4,260.36,158.46,0.05,989.37,633.82,355.55
2023-08-01,Ropa,Gorra,Sur,Efectivo,1,21.93,12.79,0.2,17.54,12.79,4.75
2023-08-01,Juguetes,Puzzle,Este,Efectivo,2,177.31,129.71,0.05,336.89,259.42,77.47
2023-08-01,Ropa,Chaqueta,Oeste,Tarjeta de Crédito,10,60.77,26.17,0.05,577.34,261.66,315.68
2023-08-01,Ropa,Gorra,Centro,Transferencia,10,180.9,91.68,0.1,1628.1,916.84,711.26
2023-08-01,Ropa,Zapatos,Centro,PayPal,3,140.34,69.23,0.0,421.01,207.69,213.32
2023-08-01,Ropa,Pantalón,Norte,PayPal,3,93.06,64.6,0.0,279.17,193.8,85.37
2023-08-02,Hogar,Lámpara,Sur,Efectivo,1,98.15,64.11,0.1,88.34,64.11,24.23
2023-08-02,Deportes,Raqueta,Norte,Efectivo,2,33.03,21.71,0.05,62.76,43.43,19.33
2023-08-02,Hogar,Lámpara,Centro,Tarjeta de Crédito,8,204.75,74.29,0.0,1637.99,594.28,1043.71
2023-08-02,Electrónica,Laptop,Este,Efectivo,2,155.5,106.0,0.0,311.0,212.0,99.0
2023-08-02,Juguetes,Muñeca,Este,Tarjeta de Crédito,10,32.64,13.21,0.0,326.37,132.09,194.28
2023-08-02,Electrónica,Tablet,Sur,Tarjeta de Crédito,8,123.28,52.73,0.05,936.95,421.86,515.09
2023-08-02,Electrónica,Smartwatch,Este,Transferencia,8,1165.36,714.81,0.0,9322.87,5718.47,3604.39
2023-08-02,Juguetes,Lego,Sur,Efectivo,2,241.56,120.6,0.0,483.12,241.2,241.91
2023-08-02,Juguetes,Coche RC,Centro,Efectivo,1,137.85,77.96,0.0,137.85,77.96,59.89
2023-08-02,Juguetes,Lego,Centro,PayPal,10,259.1,167.82,0.2,2072.77,1678.15,394.62
2023-08-02,Deportes,Bicicleta,Sur,Efectivo,7,163.66,83.68,0.15,973.79,585.73,388.06
2023-08-02,Hogar,Lámpara,Este,Transferencia,2,34.34,22.54,0.0,68.68,45.07,23.61
2023-08-02,Electrónica,Tablet,Este,Transferencia,2,1381.53,890.29,0.0,2763.06,1780.58,982.47
2023-08-03,Hogar,Mesa,Sur,Transferencia,5,119.34,49.35,0.1,537.05,246.75,290.3
2023-08-03,Hogar,Silla,Sur,Efectivo,8,260.85,124.28,0.2,1669.44,994.2,675.24
2023-08-03,Hogar,Lámpara,Este,Transferencia,1,208.87,119.66,0.1,187.99,119.66,68.33
2023-08-03,Hogar,Cama,Norte,Efectivo,2,67.09,31.58,0.15,114.05,63.17,50.88
2023-08-03,Deportes,Pesas,Oeste,Transferencia,4,333.48,119.92,0.0,1333.94,479.68,854.26
2023-08-03,Deportes,Bicicleta,Oeste,PayPal,4,352.85,128.0,0.0,1411.4,512.01,899.38
2023-08-03,Ropa,Zapatos,Oeste,PayPal,3,256.05,106.57,0.0,768.16,319.7,448.46
2023-08-03,Juguetes,Lego,Sur,Tarjeta de Crédito,10,85.64,48.17,0.05,813.56,481.65,331.91
2023-08-03,Hogar,Cama,Sur,PayPal,2,112.22,64.99,0.1,202.0,129.98,72.02
2023-08-03,Ropa,Zapatos,Este,Efectivo,5,156.53,60.11,0.1,704.39,300.57,403.83
2023-08-03,Juguetes,Muñeca,Oeste,Efectivo,1,39.99,17.77,0.0,39.99,17.77,22.22
2023-08-03,Ropa,Zapatos,Oeste,Efectivo,1,218.27,97.34,0.0,218.27,97.34,120.93
2023-08-03,Deportes,Balón,Oeste,Tarjeta de Crédito,5,146.37,70.76,0.0,731.84,353.79,378.05
2023-08-03,Ropa,Zapatos,Sur,Transferencia,7,264.62,121.88,0.05,1759.75,853.16,906.59
2023-08-03,Hogar,Sofá,Centro,Tarjeta de Crédito,3,265.11,173.4,0.0,795.34,520.19,275.15
2023-08-03,Deportes,Raqueta,Centro,Transferencia,7,252.26,116.23,0.05,1677.54,813.61,863.93
2023-08-03,Ropa,Chaqueta,Centro,PayPal,3,249.76,146.7,0.1,674.35,440.1,234.25
2023-08-03,Hogar,Mesa,Norte,Efectivo,9,313.59,105.54,0.0,2822.29,949.9,1872.39
2023-08-03,Ropa,Zapatos,Centro,PayPal,2,19.3,11.56,0.0,38.61,23.12,15.49
2023-08-03,Electrónica,Smartwatch,Centro,PayPal,5,717.67,377.32,0.0,3588.33,1886.62,1701.7
2023-08-04,Ropa,Camiseta,Oeste,Transferencia,3,272.33,110.44,0.1,735.29,331.32,403.97
2023-08-04,Hogar,Lámpara,Sur,Tarjeta de Crédito,7,144.88,72.32,0.0,1014.15,506.26,507.89
2023-08-04,Hogar,Lámpara,Centro,Efectivo,5,259.22,140.02,0.1,1166.48,700.09,466.39
2023-08-04,Ropa,Zapatos,Sur,Efectivo,3,224.48,111.86,0.0,673.43,335.57,337.85
2023-08-04,Ropa,Camiseta,Sur,Transferencia,4,188.27,76.41,0.05,715.43,305.63,409.81
2023-08-04,Electrónica,Tablet,Sur,Transferencia,1,336.09,158.02,0.2,268.87,158.02,110.85
2023-08-04,Hogar,Lámpara,Sur,PayPal,7,270.9,163.79,0.15,1611.87,1146.56,465.31
2023-08-04,Hogar,Mesa,Sur,Transferencia,8,313.36,153.66,0.0,2506.9,1229.27,1277.63
2023-08-04,Ropa,Gorra,Sur,Tarjeta de Crédito,7,326.07,121.8,0.05,2168.35,852.62,1315.73
2023-08-04,Hogar,Lámpara,Norte,Tarjeta de Crédito,10,144.49,90.24,0.0,1444.88,902.41,542.47
2023-08-04,Electrónica,Smartphone,Centro,Efectivo,1,657.12,444.8,0.1,591.4,444.8,146.6
2023-08-05,Juguetes,Peluche,Oeste,Tarjeta de Crédito,3,69.66,48.76,0.15,177.63,146.28,31.35
2023-08-05,Ropa,Chaqueta,Oeste,Tarjeta de Crédito,3,154.28,69.47,0.2,370.26,208.42,161.84
2023-08-05,Electrónica,Smartwatch,Este,PayPal,10,74.5,33.64,0.0,744.99,336.37,408.61
2023-08-05,Electrónica,Auriculares,Este,PayPal,8,898.63,363.45,0.15,6110.67,2907.6,3203.07
2023-08-05,Hogar,Cama,Oeste,Efectivo,4,349.65,141.76,0.0,1398.62,567.03,831.59
2023-08-05,Hogar,Sofá,Este,Efectivo,4,40.41,17.99,0.0,161.62,71.96,89.67
2023-08-05,Hogar,Mesa,Este,Efectivo,3,155.98,93.29,0.0,467.93,279.87,188.06
2023-08-05,Deportes,Raqueta,Este,Efectivo,1,21.5,15.28,0.2,17.2,15.28,1.91
2023-08-05,Juguetes,Muñeca,Centro,Tarjeta de Crédito,10,264.64,94.82,0.0,2646.39,948.22,1698.17
2023-08-05,Ropa,Gorra,Norte,Efectivo,10,155.87,72.88,0.05,1480.78,728.79,751.98
2023-08-05,Deportes,Raqueta,Norte,Transferencia,9,57.63,30.2,0.0,518.64,271.82,246.82
2023-08-05,Ropa,Zapatos,Sur,Tarjeta de Crédito,5,89.46,52.07,0.1,402.59,260.33,142.25
2023-08-05,Deportes,Bicicleta,Sur,PayPal,9,160.58,84.96,0.1,1300.73,764.62,536.11
2023-08-05,Hogar,Lámpara,Oeste,Tarjeta de Crédito,1,11.66,8.24,0.05,11.08,8.24,2.84
2023-08-05,Deportes,Bicicleta,Norte,Tarjeta de Crédito,1,91.55,56.12,0.0,91.55,56.12,35.43
2023-08-05,Electrónica,Tablet,Centro,Transferencia,8,137.27,87.36,0.0,1098.13,698.87,399.26
2023-08-05,Juguetes,Peluche,Oeste,Tarjeta de Crédito,7,14.71,9.18,0.1,92.68,64.26,28.41
2023-08-05,Hogar,Silla,Centro,Tarjeta de Crédito,1,255.84,101.12,0.0,255.84,101.12,154.72
2023-08-06,Hogar,Silla,Este,Transferencia,5,189.2,96.32,0.05,898.69,481.58,417.11
2023-08-06,Hogar,Lámpara,Norte,Efectivo,6,20.39,14.23,0.15,103.97,85.4,18.57
2023-08-06,Deportes,Cinta de correr,Centro,PayPal,3,286.59,137.87,0.0,859.77,413.62,446.15
2023-08-06,Hogar,Mesa,Este,PayPal,2,146.95,86.44,0.05,279.21,172.88,106.33
2023-08-06,Electrónica,Tablet,Este,Transferencia,1,1592.3,636.26,0.15,1353.46,636.26,717.2
2023-08-06,Juguetes,Muñeca,Sur,Efectivo,7,271.47,172.46,0.0,1900.28,1207.25,693.03
2023-08-06,Electrónica,Auriculares,Este,Transferencia,5,1520.2,713.02,0.15,6460.87,3565.1,2895.77
2023-08-06,Electrónica,Laptop,Oeste,PayPal,9,111.44,59.57,0.2,802.33,536.17,266.16
2023-08-07,Ropa,Camiseta,Este,Tarjeta de Crédito,4,24.03,12.52,0.0,96.11,50.09,46.03
2023-08-07,Ropa,Chaqueta,Oeste,PayPal,9,128.22,62.26,0.05,1096.31,560.36,535.95
2023-08-07,Ropa,Zapatos,Centro,Transferencia,2,83.21,50.12,0.2,133.14,100.24,32.9
2023-08-07,Juguetes,Lego,Este,Transferencia,3,260.51,142.51,0.0,781.52,427.54,353.98
2023-08-07,Juguetes,Peluche,Oeste,Efectivo,4,121.38,64.01,0.05,461.26,256.02,205.24
2023-08-07,Deportes,Balón,Centro,Transferencia,7,22.95,12.3,0.0,160.66,86.07,74.59
2023-08-07,Hogar,Mesa,Oeste,Transferencia,7,12.53,8.0,0.0,87.71,55.98,31.73
2023-08-07,Deportes,Cinta de correr,Norte,Efectivo,3,40.44,17.07,0.1,109.19,51.21,57.98
2023-08-07,Juguetes,Peluche,Este,Efectivo,8,49.44,26.11,0.05,375.73,208.9,166.83
2023-08-07,Deportes,Cinta de correr,Centro,Transferencia,4,30.54,13.55,0.0,122.17,54.18,67.99
2023-08-07,Deportes,Pesas,Norte,Efectivo,6,196.47,101.87,0.0,1178.79,611.19,567.6
2023-08-08,Deportes,Cinta de correr,Sur,PayPal,10,235.94,149.17,0.05,2241.4,1491.73,749.67
2023-08-08,Electrónica,Tablet,Este,Transferencia,3,1580.97,927.32,0.15,4031.49,2781.95,1249.54
2023-08-08,Ropa,Gorra,Norte,Transferencia,5,58.52,35.55,0.2,234.06,177.75,56.31
2023-08-08,Deportes,Balón,Sur,Tarjeta de Crédito,9,44.57,26.82,0.15,340.94,241.4,99.55
2023-08-08,Ropa,Camiseta,Oeste,Efectivo,3,124.44,73.99,0.0,373.33,221.97,151.36
2023-08-08,Ropa,Camiseta,Norte,Efectivo,3,194.3,107.21,0.0,582.9,321.64,261.27
2023-08-08,Deportes,Cinta de correr,Centro,PayPal,6,91.31,41.14,0.0,547.87,246.83,301.04
2023-08-08,Juguetes,Puzzle,Oeste,Efectivo,4,113.57,61.04,0.1,408.87,244.16,164.71
2023-08-08,Juguetes,Muñeca,Centro,Transferencia,2,77.08,34.46,0.0,154.17,68.92,85.25
2023-08-08,Deportes,Bicicleta,Centro,Tarjeta de Crédito,1,36.05,19.7,0.15,30.64,19.7,10.94
2023-08-08,Electrónica,Tablet,Norte,Efectivo,8,513.54,299.97,0.1,3697.5,2399.8,1297.7
2023-08-08,Electrónica,Auriculares,Centro,PayPal,4,1011.83,504.65,0.05,3844.95,2018.59,1826.36
2023-08-08,Deportes,Balón,Sur,Tarjeta de Crédito,10,302.0,169.34,0.2,2416.01,1693.38,722.64
2023-08-08,Deportes,Cinta de correr,Centro,PayPal,5,128.18,83.37,0.0,640.88,416.83,224.04
2023-08-08,Juguetes,Peluche,Este,Transferencia,5,272.27,109.6,0.0,1361.33,547.98,813.36
2023-08-08,Ropa,Pantalón,Centro,Efectivo,9,210.67,106.66,0.0,1896.0,959.95,936.05
2023-08-09,Ropa,Chaqueta,Este,Efectivo,3,252.21,173.26,0.05,718.78,519.79,198.99
2023-08-09,Deportes,Raqueta,Este,PayPal,5,11.42,7.18,0.15,48.55,35.91,12.64
2023-08-09,Juguetes,Lego,Este,PayPal,1,108.18,50.43,0.15,91.95,50.43,41.52
2023-08-09,Ropa,Gorra,Norte,PayPal,5,308.45,173.05,0.1,1388.02,865.25,522.77
2023-08-09,Electrónica,Tablet,Norte,Transferencia,8,127.2,66.84,0.0,1017.61,534.74,482.87
2023-08-09,Deportes,Pesas,Sur,Transferencia,1,119.22,64.56,0.0,119.22,64.56,54.67
2023-08-09,Juguetes,Muñeca,Oeste,PayPal,4,293.54,122.16,0.05,1115.45,488.65,626.81
2023-08-09,Juguetes,Lego,Sur,PayPal,7,283.6,163.79,0.2,1588.16,1146.56,441.59
2023-08-09,Electrónica,Laptop,Este,PayPal,5,312.67,212.28,0.05,1485.16,1061.39,423.77
2023-08-09,Deportes,Pesas,Oeste,Efectivo,2,229.55,143.19,0.15,390.23,286.39,103.85
2023-08-09,Deportes,Balón,Este,Efectivo,2,92.61,51.0,0.1,166.71,102.0,64.71
2023-08-09,Juguetes,Puzzle,Centro,Transferencia,8,234.25,95.39,0.1,1686.58,763.09,923.5
2023-08-09,Hogar,Sofá,Centro,PayPal,8,152.73,108.84,0.05,1160.77,870.71,290.06
2023-08-09,Deportes,Pesas,Centro,Transferencia,10,230.11,85.93,0.0,2301.08,859.31,1441.76
2023-08-09,Deportes,Bicicleta,Sur,PayPal,8,158.07,67.55,0.15,1074.89,540.43,534.46
2023-08-09,Ropa,Zapatos,Centro,Transferencia,10,98.87,48.04,0.0,988.67,480.38,508.29
2023-08-10,Juguetes,Muñeca,Este,Transferencia,7,263.61,147.78,0.15,1568.46,1034.46,534.0
2023-08-10,Ropa,Chaqueta,Oeste,Transferencia,5,26.22,11.63,0.0,131.09,58.15,72.94
2023-08-10,Hogar,Silla,Centro,Efectivo,5,38.38,27.03,0.15,163.09,135.13,27.96
2023-08-10,Juguetes,Coche RC,Centro,Tarjeta de Crédito,3,321.81,156.14,0.2,772.34,468.42,303.92
2023-08-10,Hogar,Lámpara,Sur,PayPal,8,231.12,109.81,0.2,1479.17,878.46,600.7
2023-08-10,Ropa,Gorra,Oeste,Efectivo,5,321.68,156.79,0.0,1608.42,783.94,824.49
2023-08-10,Electrónica,Smartwatch,Norte,Efectivo,9,1135.51,624.65,0.0,10219.62,5621.87,4597.74
2023-08-10,Hogar,Silla,Centro,PayPal,8,114.94,64.9,0.0,919.5,519.19,400.3
2023-08-11,Electrónica,Smartwatch,Norte,PayPal,1,379.94,241.19,0.15,322.95,241.19,81.76
2023-08-11,Juguetes,Lego,Oeste,PayPal,3,129.41,68.14,0.0,388.23,204.41,183.82
2023-08-11,Electrónica,Auriculares,Sur,Efectivo,8,38.23,19.87,0.15,259.95,158.99,100.96
2023-08-11,Juguetes,Puzzle,Centro,Efectivo,6,132.67,63.19,0.0,796.03,379.13,416.9
2023-08-11,Hogar,Mesa,Sur,Tarjeta de Crédito,9,215.27,80.22,0.15,1646.84,722.01,924.83
2023-08-11,Juguetes,Peluche,Sur,PayPal,1,223.7,99.98,0.1,201.33,99.98,101.35
2023-08-11,Ropa,Chaqueta,Sur,Efectivo,5,168.9,83.92,0.15,717.82,419.6,298.22
2023-08-11,Deportes,Balón,Este,Tarjeta de Crédito,7,192.8,122.13,0.0,1349.58,854.91,494.67
2023-08-11,Deportes,Raqueta,Este,Tarjeta de Crédito,6,59.96,32.35,0.1,323.77,194.08,129.68
2023-08-11,Juguetes,Peluche,Este,Efectivo,3,209.84,116.03,0.05,598.05,348.1,249.95
2023-08-11,Ropa,Chaqueta,Sur,Tarjeta de Crédito,1,313.44,134.93,0.0,313.44,134.93,178.51
2023-08-11,Ropa,Camiseta,Oeste,Transferencia,9,18.22,6.95,0.05,155.77,62.51,93.26
2023-08-11,Hogar,Cama,Centro,Transferencia,7,175.74,94.07,0.2,984.13,658.48,325.65
2023-08-12,Juguetes,Muñeca,Sur,Transferencia,10,138.82,92.8,0.0,1388.16,927.96,460.2
2023-08-12,Ropa,Zapatos,Norte,Efectivo,4,158.02,99.47,0.0,632.08,397.87,234.21
2023-08-12,Juguetes,Puzzle,Este,PayPal,3,258.98,156.68,0.05,738.09,470.05,268.03
2023-08-12,Electrónica,Smartwatch,Este,PayPal,8,1414.81,754.48,0.15,9620.71,6035.87,3584.84
2023-08-12,Juguetes,Muñeca,Sur,PayPal,8,274.58,177.6,0.0,2196.6,1420.78,775.82
2023-08-12,Hogar,Cama,Norte,PayPal,2,271.41,111.49,0.0,542.81,222.98,319.83
2023-08-12,Juguetes,Puzzle,Sur,PayPal,5,260.59,115.68,0.1,1172.64,578.4,594.25
2023-08-12,Ropa,Pantalón,Norte,Efectivo,9,15.72,9.14,0.0,141.49,82.29,59.2
2023-08-12,Electrónica,Smartphone,Centro,Transferencia,6,1688.73,947.38,0.15,8612.51,5684.31,2928.2
2023-08-12,Deportes,Cinta de correr,Centro,Transferencia,8,253.79,96.55,0.0,2030.31,772.38,1257.94
2023-08-12,Electrónica,Tablet,Norte,Tarjeta de Crédito,5,1282.15,816.12,0.0,6410.77,4080.59,2330.18
2023-08-12,Deportes,Bicicleta,Norte,Transferencia,9,252.04,180.73,0.0,2268.35,1626.55,641.8
2023-08-12,Electrónica,Smartphone,Oeste,Tarjeta de Crédito,1,1100.65,554.35,0.0,1100.65,554.35,546.3
2023-08-13,Hogar,Cama,Oeste,PayPal,3,222.17,97.38,0.0,666.5,292.14,374.36
2023-08-13,Electrónica,Smartphone,Sur,Efectivo,2,609.72,334.33,0.0,1219.43,668.67,550.77
2023-08-13,Deportes,Balón,Norte,Tarjeta de Crédito,5,186.79,85.2,0.0,933.96,426.02,507.94
2023-08-13,Juguetes,Peluche,Centro,PayPal,5,287.14,138.89,0.0,1435.68,694.45,741.22
2023-08-13,Juguetes,Puzzle,Oeste,Transferencia,3,273.61,154.52,0.0,820.82,463.56,357.26
2023-08-13,Electrónica,Tablet,Oeste,PayPal,1,1312.65,664.99,0.15,1115.76,664.99,450.77
2023-08-13,Hogar,Silla,Oeste,Transferencia,2,249.24,136.43,0.1,448.64,272.85,175.78
2023-08-13,Electrónica,Auriculares,Centro,PayPal,8,156.43,67.6,0.15,1063.74,540.82,522.92
2023-08-13,Electrónica,Smartphone,Norte,Efectivo,4,1196.93,663.68,0.2,3830.17,2654.73,1175.44
2023-08-13,Hogar,Lámpara,Norte,Transferencia,3,73.95,54.13,0.05,210.76,162.39,48.37
2023-08-13,Electrónica,Smartwatch,Oeste,PayPal,6,265.28,155.27,0.0,1591.67,931.61,660.06
2023-08-13,Hogar,Lámpara,Norte,PayPal,9,218.14,89.26,0.15,1668.79,803.3,865.48
2023-08-13,Ropa,Gorra,Norte,Transferencia,9,163.85,90.29,0.15,1253.47,812.57,440.9
2023-08-13,Ropa,Camiseta,Centro,Tarjeta de Crédito,7,24.05,13.97,0.15,143.08,97.82,45.26
2023-08-13,Deportes,Pesas,Sur,Efectivo,7,72.07,24.6,0.0,504.46,172.23,332.23
2023-08-13,Ropa,Chaqueta,Centro,Efectivo,5,168.61,76.26,0.0,843.05,381.29,461.76
2023-08-14,Ropa,Gorra,Oeste,Tarjeta de Crédito,7,252.88,115.87,0.0,1770.19,811.07,959.12
2023-08-14,Ropa,Camiseta,Norte,Efectivo,9,117.87,47.11,0.15,901.69,424.03,477.66
2023-08-14,Electrónica,Smartphone,Oeste,Tarjeta de Crédito,2,1107.09,470.35,0.15,1882.05,940.71,941.34
2023-08-14,Electrónica,Auriculares,Sur,PayPal,7,538.49,284.43,0.1,3392.47,1991.01,1401.45
2023-08-14,Deportes,Pesas,Este,Transferencia,8,164.79,82.15,0.0,1318.33,657.17,661.17
2023-08-14,Electrónica,Smartphone,Este,PayPal,3,83.38,44.8,0.0,250.13,134.41,115.72
2023-08-14,Deportes,Cinta de correr,Oeste,Transferencia,1,15.66,6.52,0.0,15.66,6.52,9.15
2023-08-14,Juguetes,Puzzle,Centro,Transferencia,4,173.08,100.03,0.15,588.47,400.11,188.37
2023-08-14,Hogar,Mesa,Norte,PayPal,5,175.43,99.9,0.0,877.15,499.51,377.64
2023-08-14,Electrónica,Smartphone,Oeste,Efectivo,3,1070.15,492.93,0.1,2889.4,1478.79,1410.61
2023-08-14,Deportes,Bicicleta,Sur,PayPal,2,247.43,132.0,0.05,470.12,264.0,206.13
2023-08-14,Electrónica,Auriculares,Norte,PayPal,5,1180.34,542.11,0.0,5901.72,2710.56,3191.17
2023-08-14,Electrónica,Tablet,Este,PayPal,6,123.47,65.83,0.05,703.78,394.98,308.8
2023-08-14,Juguetes,Puzzle,Norte,Efectivo,7,188.62,96.24,0.1,1188.29,673.71,514.58
2023-08-14,Electrónica,Smartwatch,Este,Transferencia,4,206.43,120.65,0.0,825.71,482.59,343.12
2023-08-15,Juguetes,Muñeca,Este,Tarjeta de Crédito,1,200.76,86.19,0.0,200.76,86.19,114.57
2023-08-15,Hogar,Sofá,Norte,Tarjeta de Crédito,1,164.99,107.54,0.0,164.99,107.54,57.45
2023-08-15,Electrónica,Laptop,Sur,Tarjeta de Crédito,2,643.79,343.61,0.1,1158.82,687.22,471.6
2023-08-15,Deportes,Pesas,Sur,Transferencia,5,83.85,42.86,0.15,356.37,214.3,142.07
2023-08-15,Deportes,Pesas,Sur,Tarjeta de Crédito,10,275.5,137.78,0.0,2754.97,1377.82,1377.15
2023-08-15,Deportes,Bicicleta,Este,Tarjeta de Crédito,7,45.92,27.6,0.15,273.23,193.17,80.06
2023-08-15,Deportes,Cinta de correr,Centro,Efectivo,8,233.82,93.57,0.2,1496.44,748.54,747.9
2023-08-15,Juguetes,Puzzle,Oeste,Efectivo,7,241.64,153.37,0.2,1353.2,1073.56,279.64
2023-08-15,Juguetes,Coche RC,Este,Transferencia,1,38.85,16.37,0.1,34.97,16.37,18.6
2023-08-15,Deportes,Pesas,Centro,Efectivo,10,49.04,24.41,0.05,465.88,244.09,221.79
2023-08-15,Juguetes,Peluche,Centro,Efectivo,6,83.58,33.25,0.15,426.25,199.52,226.73
2023-08-15,Juguetes,Puzzle,Oeste,Tarjeta de Crédito,2,148.53,69.03,0.15,252.51,138.07,114.44
2023-08-15,Hogar,Sofá,Este,Transferencia,3,228.04,155.68,0.0,684.11,467.03,217.08
2023-08-15,Ropa,Gorra,Oeste,PayPal,5,205.77,78.22,0.15,874.54,391.12,483.42
2023-08-15,Ropa,Chaqueta,Oeste,Tarjeta de Crédito,6,271.6,148.46,0.05,1548.11,890.77,657.34
2023-08-15,Ropa,Pantalón,Sur,Transferencia,7,44.64,19.62,0.2,250.01,137.31,112.69
2023-08-15,Ropa,Zapatos,Oeste,Transferencia,10,182.66,100.81,0.0,1826.6,1008.13,818.47
2023-08-16,Juguetes,Peluche,Oeste,PayPal,8,81.16,37.71,0.1,584.37,301.66,282.7
2023-08-16,Electrónica,Auriculares,Oeste,Transferencia,10,1635.31,976.63,0.0,16353.13,9766.28,6586.86
2023-08-16,Deportes,Raqueta,Norte,Tarjeta de Crédito,4,153.47,105.73,0.05,583.17,422.92,160.25
2023-08-16,Hogar,Silla,Oeste,PayPal,2,19.07,12.36,0.15,32.43,24.72,7.71
2023-08-16,Ropa,Camiseta,Sur,Efectivo,10,269.92,190.58,0.0,2699.15,1905.8,793.35
2023-08-16,Deportes,Pesas,Centro,Efectivo,9,11.39,7.99,0.1,92.25,71.87,20.38
2023-08-16,Ropa,Zapatos,Sur,Tarjeta de Crédito,10,34.07,23.11,0.0,340.72,231.12,109.6
2023-08-16,Hogar,Cama,Centro,PayPal,6,302.71,130.39,0.2,1452.99,782.33,670.65
2023-08-16,Ropa,Gorra,Este,Tarjeta de Crédito,7,46.42,24.82,0.2,259.94,173.77,86.18
2023-08-16,Juguetes,Muñeca,Sur,Efectivo,3,263.31,158.15,0.15,671.44,474.44,197.0
2023-08-16,Juguetes,Puzzle,Este,Transferencia,3,178.12,102.87,0.0,534.37,308.61,225.75
2023-08-16,Ropa,Zapatos,Oeste,Efectivo,5,297.37,173.56,0.2,1189.49,867.78,321.71
2023-08-16,Ropa,Gorra,Sur,Transferencia,4,107.48,64.87,0.0,429.93,259.5,170.44
2023-08-17,Deportes,Pesas,Norte,PayPal,2,233.62,126.78,0.2,373.78,253.57,120.22
2023-08-17,Juguetes,Peluche,Norte,PayPal,6,207.45,112.44,0.0,1244.72,674.62,570.11
2023-08-17,Ropa,Zapatos,Sur,Efectivo,3,210.86,92.48,0.15,537.71,277.45,260.26
2023-08-17,Ropa,Gorra,Centro,Tarjeta de Crédito,8,268.4,111.24,0.15,1825.1,889.9,935.2
2023-08-17,Deportes,Cinta de correr,Este,Tarjeta de Crédito,6,269.37,169.19,0.1,1454.57,1015.17,439.41
2023-08-17,Hogar,Cama,Centro,Transferencia,8,276.61,143.78,0.1,1991.58,1150.27,841.3
2023-08-17,Hogar,Sofá,Este,Efectivo,2,103.32,58.4,0.1,185.97,116.8,69.18
2023-08-17,Juguetes,Puzzle,Sur,Efectivo,3,272.08,133.56,0.0,816.24,400.67,415.57
2023-08-17,Juguetes,Coche RC,Centro,Transferencia,2,127.38,51.06,0.1,229.29,102.11,127.18
2023-08-17,Hogar,Sofá,Este,Transferencia,9,152.97,91.93,0.2,1101.4,827.39,274.01
2023-08-17,Juguetes,Peluche,Sur,Transferencia,2,220.62,118.85,0.0,441.25,237.69,203.55
2023-08-17,Ropa,Gorra,Sur,PayPal,6,256.43,165.29,0.05,1461.63,991.72,469.9
2023-08-17,Ropa,Camiseta,Centro,Transferencia,2,137.44,66.16,0.0,274.88,132.33,142.56
2023-08-17,Juguetes,Peluche,Norte,Efectivo,7,309.02,172.4,0.1,1946.82,1206.79,740.03
2023-08-18,Electrónica,Auriculares,Sur,Efectivo,10,929.37,317.64,0.15,7899.69,3176.37,4723.32
2023-08-18,Electrónica,Auriculares,Norte,Tarjeta de Crédito,4,764.4,428.7,0.1,2751.85,1714.8,1037.05
2023-08-18,Electrónica,Smartwatch,Este,Efectivo,10,47.06,23.72,0.15,400.03,237.23,162.8
2023-08-18,Hogar,Silla,Norte,PayPal,8,89.15,44.72,0.0,713.2,357.78,355.42
2023-08-18,Deportes,Cinta de correr,Centro,Transferencia,7,68.44,30.87,0.0,479.08,216.07,263.02
2023-08-18,Hogar,Cama,Centro,PayPal,4,329.92,123.89,0.2,1055.76,495.57,560.19
2023-08-18,Ropa,Camiseta,Este,Efectivo,2,292.73,142.15,0.0,585.46,284.31,301.15
2023-08-18,Juguetes,Muñeca,Norte,Efectivo,2,27.79,13.61,0.0,55.58,27.21,28.37
2023-08-18,Juguetes,Coche RC,Norte,PayPal,3,120.21,59.92,0.2,288.51,179.76,108.75
2023-08-18,Juguetes,Puzzle,Centro,PayPal,4,138.57,69.84,0.2,443.41,279.37,164.04
2023-08-18,Juguetes,Puzzle,Norte,PayPal,9,291.36,202.32,0.2,2097.79,1820.87,276.92
2023-08-19,Deportes,Cinta de correr,Norte,Transferencia,10,202.06,89.49,0.1,1818.54,894.87,923.67
2023-08-19,Hogar,Cama,Este,PayPal,3,298.95,123.39,0.2,717.48,370.16,347.32
2023-08-19,Juguetes,Peluche,Oeste,Tarjeta de Crédito,6,34.86,13.25,0.15,177.79,79.49,98.31
2023-08-19,Ropa,Chaqueta,Centro,PayPal,9,102.14,57.49,0.15,781.36,517.42,263.94
2023-08-19,Hogar,Cama,Sur,Transferencia,10,131.12,77.46,0.0,1311.24,774.64,536.6
2023-08-19,Hogar,Lámpara,Centro,Transferencia,5,304.54,120.32,0.15,1294.3,601.62,692.68
2023-08-19,Electrónica,Auriculares,Norte,Transferencia,10,859.9,472.9,0.2,6879.24,4729.0,2150.24
2023-08-19,Electrónica,Smartwatch,Sur,Efectivo,10,242.61,112.76,0.15,2062.22,1127.59,934.63
2023-08-19,Ropa,Zapatos,Este,Transferencia,1,178.26,107.83,0.0,178.26,107.83,70.44
2023-08-19,Juguetes,Peluche,Norte,PayPal,7,223.9,80.38,0.0,1567.32,562.64,1004.68
2023-08-19,Juguetes,Lego,Norte,Transferencia,4,121.84,52.06,0.0,487.37,208.25,279.13
2023-08-19,Electrónica,Smartwatch,Sur,Transferencia,7,567.37,254.01,0.0,3971.62,1778.1,2193.51
2023-08-19,Electrónica,Tablet,Sur,Tarjeta de Crédito,6,520.7,241.18,0.15,2655.58,1447.1,1208.48
2023-08-19,Ropa,Pantalón,Norte,PayPal,7,264.96,138.27,0.0,1854.7,967.91,886.78
2023-08-19,Deportes,Pesas,Sur,Efectivo,9,261.95,138.7,0.1,2121.78,1248.34,873.44
2023-08-19,Deportes,Bicicleta,Este,Tarjeta de Crédito,5,280.51,162.67,0.15,1192.18,813.37,378.81
2023-08-19,Electrónica,Laptop,Sur,Tarjeta de Crédito,1,260.6,112.46,0.05,247.57,112.46,135.12
2023-08-19,Hogar,Silla,Este,Efectivo,3,158.61,83.74,0.1,428.25,251.21,177.04
2023-08-20,Hogar,Silla,Oeste,Efectivo,8,19.6,8.15,0.2,125.41,65.17,60.24
2023-08-20,Hogar,Cama,Norte,Efectivo,9,207.33,84.92,0.0,1865.98,764.24,1101.75
2023-08-20,Juguetes,Peluche,Oeste,Tarjeta de Crédito,6,155.0,76.98,0.1,837.0,461.89,375.11
2023-08-20,Juguetes,Muñeca,Centro,Efectivo,4,61.87,32.58,0.15,210.36,130.33,80.03
2023-08-20,Electrónica,Tablet,Sur,Transferencia,7,736.53,258.13,0.0,5155.73,1806.89,3348.84
2023-08-20,Hogar,Lámpara,Oeste,Tarjeta de Crédito,10,219.96,137.1,0.05,2089.58,1371.03,718.54
2023-08-20,Electrónica,Smartphone,Sur,Tarjeta de Crédito,10,892.5,461.15,0.05,8478.74,4611.47,3867.27
2023-08-20,Deportes,Pesas,Sur,Transferencia,6,170.37,78.76,0.0,1022.23,472.55,549.68
2023-08-20,Electrónica,Smartwatch,Norte,Transferencia,6,611.71,339.39,0.2,2936.22,2036.37,899.85
2023-08-20,Electrónica,Tablet,Oeste,Tarjeta de Crédito,10,1476.3,858.63,0.1,13286.72,8586.25,4700.47
2023-08-20,Juguetes,Peluche,Norte,Tarjeta de Crédito,10,251.39,149.96,0.1,2262.52,1499.64,762.88
2023-08-20,Juguetes,Coche RC,Oeste,PayPal,7,155.94,68.71,0.05,1036.99,480.95,556.04
2023-08-21,Electrónica,Tablet,Centro,Efectivo,8,804.04,464.05,0.0,6432.29,3712.43,2719.86
2023-08-21,Deportes,Pesas,Norte,PayPal,3,204.49,112.29,0.05,582.81,336.88,245.92
2023-08-21,Hogar,Sofá,Norte,Transferencia,3,312.92,174.39,0.0,938.75,523.17,415.57
2023-08-21,Ropa,Chaqueta,Centro,Tarjeta de Crédito,5,223.37,125.06,0.0,1116.85,625.3,491.55
2023-08-21,Juguetes,Lego,Centro,Efectivo,3,205.02,142.19,0.1,553.56,426.56,127.0
2023-08-21,Electrónica,Auriculares,Norte,Tarjeta de Crédito,5,698.68,356.46,0.0,3493.38,1782.29,1711.08
2023-08-21,Electrónica,Tablet,Este,Efectivo,8,346.87,145.36,0.1,2497.5,1162.88,1334.62
2023-08-21,Hogar,Lámpara,Sur,Transferencia,6,336.52,121.84,0.2,1615.29,731.02,884.27
2023-08-21,Hogar,Sofá,Centro,Efectivo,6,174.49,68.59,0.1,942.27,411.55,530.71
2023-08-21,Juguetes,Peluche,Este,PayPal,7,60.79,35.44,0.0,425.53,248.1,177.43
2023-08-21,Juguetes,Puzzle,Sur,Transferencia,5,27.4,12.4,0.15,116.44,62.02,54.41
2023-08-21,Ropa,Camiseta,Sur,Efectivo,9,263.04,139.02,0.0,2367.34,1251.18,1116.16
2023-08-21,Deportes,Bicicleta,Sur,Tarjeta de Crédito,1,301.42,152.86,0.0,301.42,152.86,148.56
2023-08-21,Electrónica,Tablet,Norte,Efectivo,7,218.17,77.06,0.15,1298.11,539.41,758.7
2023-08-21,Ropa,Pantalón,Norte,Transferencia,7,110.09,53.56,0.0,770.61,374.93,395.68
2023-08-21,Juguetes,Puzzle,Centro,Tarjeta de Crédito,9,91.24,44.75,0.1,739.0,402.77,336.24
2023-08-21,Juguetes,Puzzle,Sur,PayPal,3,236.95,113.62,0.0,710.86,340.86,370.0
2023-08-21,Hogar,Cama,Norte,Efectivo,4,227.4,128.01,0.0,909.61,512.04,397.57
2023-08-21,Juguetes,Peluche,Centro,PayPal,1,151.89,73.03,0.1,136.7,73.03,63.67
2023-08-22,Electrónica,Smartwatch,Este,Efectivo,9,296.22,135.45,0.0,2666.0,1219.06,1446.95
2023-08-22,Juguetes,Muñeca,Sur,Tarjeta de Crédito,7,128.3,56.74,0.0,898.08,397.15,500.93
2023-08-22,Electrónica,Laptop,Sur,PayPal,4,1391.54,572.55,0.1,5009.54,2290.22,2719.32
2023-08-22,Juguetes,Lego,Norte,Efectivo,5,121.0,71.62,0.0,604.99,358.12,246.87
2023-08-22,Deportes,Balón,Sur,Efectivo,4,95.1,53.35,0.0,380.39,213.41,166.99
2023-08-22,Ropa,Zapatos,Norte,Transferencia,8,31.67,17.37,0.15,215.35,138.95,76.4
2023-08-22,Deportes,Pesas,Este,PayPal,9,119.58,62.03,0.05,1022.4,558.29,464.11
2023-08-22,Deportes,Raqueta,Norte,Efectivo,10,304.65,204.88,0.0,3046.53,2048.8,997.72
2023-08-22,Juguetes,Muñeca,Sur,Tarjeta de Crédito,3,288.65,175.86,0.0,865.94,527.57,338.37
2023-08-22,Deportes,Balón,Sur,Efectivo,8,106.48,63.06,0.1,766.66,504.47,262.18
2023-08-22,Ropa,Zapatos,Norte,Transferencia,7,82.62,39.17,0.15,491.61,274.2,217.42
2023-08-22,Electrónica,Laptop,Sur,Efectivo,6,1233.49,551.98,0.2,5920.75,3311.89,2608.86
2023-08-22,Deportes,Pesas,Este,Efectivo,1,233.83,153.59,0.05,222.14,153.59,68.55
2023-08-22,Electrónica,Smartphone,Centro,Transferencia,10,1353.78,941.61,0.05,12860.88,9416.07,3444.81
2023-08-22,Deportes,Balón,Centro,PayPal,4,96.34,46.41,0.15,327.56,185.63,141.93
2023-08-22,Hogar,Cama,Sur,Efectivo,1,268.09,139.2,0.1,241.28,139.2,102.08
2023-08-22,Electrónica,Laptop,Oeste,Tarjeta de Crédito,6,290.55,172.49,0.0,1743.3,1034.96,708.34
2023-08-23,Hogar,Sofá,Oeste,Efectivo,9,121.77,61.4,0.2,876.73,552.61,324.12
2023-08-23,Juguetes,Muñeca,Centro,PayPal,2,121.75,56.48,0.0,243.5,112.96,130.55
2023-08-23,Deportes,Cinta de correr,Sur,PayPal,8,39.46,21.65,0.15,268.36,173.19,95.17
2023-08-23,Electrónica,Laptop,Sur,Transferencia,5,372.26,205.82,0.15,1582.1,1029.09,553.01
2023-08-23,Deportes,Cinta de correr,Oeste,Transferencia,8,193.06,97.26,0.0,1544.51,778.1,766.41
2023-08-23,Hogar,Cama,Centro,Efectivo,1,283.65,156.45,0.0,283.65,156.45,127.2
2023-08-23,Ropa,Pantalón,Norte,Tarjeta de Crédito,6,206.85,117.72,0.0,1241.08,706.3,534.78
2023-08-23,Juguetes,Muñeca,Centro,Tarjeta de Crédito,5,207.14,76.32,0.05,983.89,381.61,602.28
2023-08-23,Hogar,Cama,Oeste,Efectivo,9,60.91,28.29,0.0,548.17,254.58,293.59
2023-08-23,Hogar,Lámpara,Norte,Tarjeta de Crédito,8,155.83,90.84,0.0,1246.65,726.72,519.93
2023-08-23,Ropa,Gorra,Este,Efectivo,1,263.44,137.04,0.0,263.44,137.04,126.4
2023-08-23,Electrónica,Laptop,Este,PayPal,9,288.74,139.99,0.15,2208.86,1259.89,948.98
2023-08-23,Hogar,Lámpara,Oeste,Transferencia,6,219.5,155.88,0.1,1185.28,935.29,250.0
2023-08-23,Electrónica,Laptop,Norte,Efectivo,10,740.3,476.28,0.15,6292.54,4762.79,1529.75
2023-08-23,Ropa,Chaqueta,Norte,Transferencia,7,261.19,124.46,0.0,1828.35,871.23,957.12
2023-08-23,Deportes,Cinta de correr,Centro,PayPal,9,290.64,157.68,0.05,2485.0,1419.11,1065.89
2023-08-24,Deportes,Bicicleta,Centro,Transferencia,10,125.94,55.5,0.1,1133.42,554.96,578.45
2023-08-24,Juguetes,Puzzle,Este,Efectivo,1,237.68,109.6,0.0,237.68,109.6,128.08
2023-08-24,Hogar,Sofá,Centro,Efectivo,8,279.31,119.98,0.1,2011.0,959.88,1051.12
2023-08-24,Electrónica,Smartwatch,Oeste,Tarjeta de Crédito,8,816.11,368.12,0.2,5223.12,2944.97,2278.15
2023-08-24,Electrónica,Laptop,Norte,Transferencia,10,1519.85,663.14,0.2,12158.78,6631.39,5527.39
2023-08-24,Electrónica,Tablet,Sur,PayPal,2,599.85,321.3,0.0,1199.7,642.61,557.09
2023-08-24,Juguetes,Peluche,Norte,Efectivo,1,133.36,69.17,0.2,106.69,69.17,37.51
2023-08-24,Deportes,Bicicleta,Oeste,PayPal,3,241.84,174.13,0.0,725.52,522.4,203.12
2023-08-24,Juguetes,Peluche,Centro,Efectivo,10,50.84,30.22,0.0,508.39,302.2,206.19
2023-08-24,Deportes,Cinta de correr,Oeste,Tarjeta de Crédito,2,101.7,59.71,0.0,203.39,119.41,83.98
2023-08-24,Electrónica,Auriculares,Sur,Tarjeta de Crédito,9,1183.41,605.26,0.15,9053.09,5447.35,3605.75
2023-08-24,Juguetes,Peluche,Este,Tarjeta de Crédito,9,56.25,32.32,0.05,480.97,290.89,190.08
2023-08-25,Electrónica,Tablet,Centro,Transferencia,2,614.43,246.38,0.0,1228.87,492.77,736.1
2023-08-25,Juguetes,Lego,Norte,Transferencia,9,195.2,105.37,0.0,1756.82,948.35,808.47
2023-08-25,Electrónica,Laptop,Sur,Efectivo,3,1300.42,731.92,0.0,3901.27,2195.76,1705.51
2023-08-25,Ropa,Zapatos,Sur,Tarjeta de Crédito,8,151.1,61.02,0.0,1208.77,488.2,720.57
2023-08-25,Juguetes,Coche RC,Oeste,Efectivo,5,53.32,32.72,0.0,266.62,163.6,103.02
2023-08-25,Deportes,Raqueta,Norte,Tarjeta de Crédito,7,205.0,118.01,0.1,1291.52,826.09,465.43
2023-08-25,Juguetes,Lego,Este,Efectivo,6,96.95,50.83,0.0,581.68,304.98,276.7
2023-08-25,Deportes,Bicicleta,Oeste,Tarjeta de Crédito,2,307.46,156.88,0.0,614.91,313.76,301.15
2023-08-25,Electrónica,Auriculares,Sur,Tarjeta de Crédito,5,1340.73,644.25,0.05,6368.45,3221.25,3147.2
2023-08-25,Juguetes,Puzzle,Norte,Tarjeta de Crédito,6,245.18,124.76,0.0,1471.06,748.57,722.48
2023-08-25,Electrónica,Tablet,Norte,Transferencia,10,1118.43,450.82,0.0,11184.31,4508.2,6676.11
2023-08-25,Electrónica,Smartwatch,Centro,Tarjeta de Crédito,8,873.4,554.66,0.15,5939.11,4437.27,1501.83
2023-08-25,Deportes,Balón,Sur,Efectivo,4,235.54,128.57,0.05,895.07,514.28,380.78
2023-08-25,Ropa,Chaqueta,Este,Efectivo,4,77.96,45.15,0.1,280.67,180.59,100.08
2023-08-26,Ropa,Chaqueta,Centro,Transferencia,3,96.99,40.37,0.0,290.98,121.12,169.87
2023-08-26,Juguetes,Coche RC,Norte,Efectivo,6,41.82,28.2,0.2,200.73,169.2,31.53
2023-08-26,Electrónica,Tablet,Oeste,PayPal,5,1366.73,792.18,0.0,6833.64,3960.88,2872.76
2023-08-26,Juguetes,Lego,Oeste,Transferencia,10,37.96,17.71,0.15,322.67,177.07,145.59
2023-08-26,Juguetes,Peluche,Centro,PayPal,1,200.37,98.7,0.0,200.37,98.7,101.67
2023-08-26,Ropa,Gorra,Oeste,Tarjeta de Crédito,6,52.0,22.17,0.15,265.19,133.01,132.18
2023-08-26,Deportes,Raqueta,Norte,PayPal,7,113.77,59.4,0.0,796.41,415.81,380.6
2023-08-26,Electrónica,Tablet,Sur,Transferencia,10,105.55,67.69,0.0,1055.5,676.92,378.58
2023-08-26,Deportes,Raqueta,Este,Transferencia,3,103.72,42.48,0.15,264.48,127.44,137.04
2023-08-26,Electrónica,Smartphone,Sur,Efectivo,4,318.41,200.73,0.1,1146.27,802.91,343.36
2023-08-26,Deportes,Bicicleta,Este,Transferencia,9,32.77,12.26,0.15,250.7,110.3,140.4
2023-08-26,Deportes,Bicicleta,Oeste,Efectivo,10,310.19,172.82,0.1,2791.74,1728.17,1063.57
2023-08-26,Hogar,Mesa,Este,Efectivo,5,306.87,150.49,0.0,1534.35,752.45,781.9
2023-08-26,Ropa,Chaqueta,Oeste,Transferencia,10,73.78,40.89,0.0,737.84,408.93,328.9
2023-08-26,Deportes,Cinta de correr,Centro,PayPal,4,91.52,45.2,0.1,329.46,180.78,148.68
2023-08-27,Juguetes,Coche RC,Sur,Transferencia,7,60.77,28.71,0.05,404.15,201.0,203.15
2023-08-27,Hogar,Mesa,Centro,Transferencia,6,40.97,21.58,0.0,245.82,129.48,116.34
2023-08-27,Deportes,Cinta de correr,Sur,Tarjeta de Crédito,3,27.59,17.13,0.0,82.78,51.38,31.4
2023-08-27,Ropa,Chaqueta,Centro,Efectivo,8,90.41,49.05,0.0,723.27,392.36,330.91
2023-08-27,Ropa,Pantalón,Norte,Transferencia,8,152.73,69.58,0.1,1099.65,556.63,543.02
2023-08-27,Deportes,Cinta de correr,Oeste,Transferencia,7,183.18,98.62,0.1,1154.03,690.33,463.7
2023-08-27,Juguetes,Coche RC,Sur,Transferencia,6,153.71,73.47,0.05,876.17,440.79,435.38
2023-08-27,Electrónica,Tablet,Sur,Transferencia,8,914.38,551.27,0.0,7315.04,4410.19,2904.85
2023-08-27,Juguetes,Muñeca,Este,Efectivo,1,180.94,70.15,0.0,180.94,70.15,110.79
2023-08-27,Electrónica,Laptop,Este,PayPal,10,716.49,500.29,0.15,6090.14,5002.93,1087.2
2023-08-27,Electrónica,Smartwatch,Este,PayPal,9,841.68,459.65,0.0,7575.13,4136.88,3438.25
2023-08-27,Ropa,Pantalón,Oeste,PayPal,5,192.1,90.18,0.15,816.42,450.88,365.55
2023-08-27,Juguetes,Muñeca,Centro,PayPal,6,70.19,31.6,0.0,421.14,189.58,231.56
2023-08-27,Juguetes,Lego,Centro,Transferencia,4,96.08,47.91,0.0,384.33,191.63,192.7
2023-08-28,Juguetes,Coche RC,Sur,Transferencia,2,262.55,140.05,0.0,525.11,280.1,245.0
2023-08-28,Ropa,Zapatos,Sur,Transferencia,9,346.36,149.98,0.15,2649.64,1349.82,1299.82
2023-08-28,Hogar,Lámpara,Norte,Efectivo,3,202.62,91.69,0.1,547.07,275.07,272.0
2023-08-28,Ropa,Gorra,Norte,Transferencia,4,66.7,47.12,0.05,253.44,188.49,64.95
2023-08-28,Hogar,Lámpara,Centro,Tarjeta de Crédito,5,205.48,87.75,0.2,821.93,438.77,383.16
2023-08-28,Ropa,Chaqueta,Oeste,Efectivo,1,202.05,114.18,0.2,161.64,114.18,47.46
2023-08-28,Electrónica,Laptop,Centro,Tarjeta de Crédito,4,1444.7,786.98,0.2,4623.03,3147.93,1475.1
2023-08-28,Deportes,Raqueta,Centro,Tarjeta de Crédito,8,241.44,135.65,0.0,1931.54,1085.2,846.33
2023-08-29,Juguetes,Lego,Sur,Efectivo,5,150.83,54.77,0.15,641.04,273.85,367.19
2023-08-29,Ropa,Pantalón,Oeste,Efectivo,3,289.51,181.65,0.2,694.83,544.94,149.89
2023-08-29,Deportes,Pesas,Sur,Tarjeta de Crédito,1,200.95,104.05,0.2,160.76,104.05,56.7
2023-08-29,Electrónica,Smartwatch,Norte,Transferencia,2,1386.14,816.25,0.0,2772.27,1632.5,1139.78
2023-08-29,Juguetes,Coche RC,Norte,Transferencia,4,181.75,110.73,0.15,617.94,442.94,175.0
2023-08-29,Ropa,Gorra,Este,Transferencia,3,182.46,125.07,0.15,465.27,375.2,90.07
2023-08-29,Ropa,Pantalón,Este,PayPal,9,281.4,162.38,0.1,2279.33,1461.46,817.87
2023-08-29,Juguetes,Lego,Oeste,PayPal,7,239.15,141.07,0.0,1674.03,987.47,686.56
2023-08-29,Electrónica,Laptop,Sur,Tarjeta de Crédito,4,273.27,113.85,0.1,983.76,455.41,528.35
2023-08-29,Deportes,Raqueta,Norte,Efectivo,1,101.99,60.04,0.2,81.59,60.04,21.55
2023-08-29,Hogar,Lámpara,Sur,PayPal,4,205.79,87.19,0.1,740.83,348.76,392.07
2023-08-29,Hogar,Cama,Oeste,Transferencia,2,188.99,109.61,0.1,340.19,219.22,120.97
2023-08-29,Deportes,Pesas,Oeste,Transferencia,10,133.06,53.76,0.0,1330.57,537.64,792.94
2023-08-29,Ropa,Camiseta,Norte,Efectivo,6,32.95,13.74,0.1,177.92,82.44,95.48
2023-08-30,Ropa,Zapatos,Oeste,Tarjeta de Crédito,8,246.69,167.11,0.15,1677.51,1336.91,340.6
2023-08-30,Juguetes,Peluche,Sur,Tarjeta de Crédito,4,170.05,71.63,0.0,680.22,286.51,393.71
2023-08-30,Electrónica,Laptop,Este,Efectivo,10,1390.87,696.94,0.05,13213.27,6969.39,6243.88
2023-08-30,Electrónica,Auriculares,Sur,Efectivo,3,609.35,409.6,0.05,1736.64,1228.8,507.85
2023-08-30,Deportes,Bicicleta,Centro,Efectivo,8,15.63,5.81,0.0,125.02,46.45,78.57
2023-08-30,Deportes,Balón,Centro,PayPal,6,352.67,203.88,0.1,1904.4,1223.27,681.13
2023-08-30,Deportes,Pesas,Centro,PayPal,6,85.11,31.63,0.0,510.67,189.75,320.92
2023-08-30,Ropa,Pantalón,Norte,PayPal,3,206.98,96.9,0.2,496.76,290.7,206.05
2023-08-30,Juguetes,Lego,Centro,Tarjeta de Crédito,10,138.34,72.31,0.2,1106.72,723.11,383.61
2023-08-30,Juguetes,Muñeca,Norte,Transferencia,10,279.85,112.64,0.0,2798.46,1126.4,1672.06
2023-08-30,Ropa,Pantalón,Este,Tarjeta de Crédito,5,258.59,98.53,0.0,1292.94,492.63,800.31
2023-08-30,Deportes,Pesas,Norte,Tarjeta de Crédito,5,337.96,166.27,0.0,1689.81,831.36,858.45
2023-08-30,Electrónica,Laptop,Centro,Tarjeta de Crédito,2,476.43,277.81,0.0,952.85,555.62,397.23
2023-08-31,Electrónica,Smartwatch,Sur,Efectivo,1,172.17,106.67,0.0,172.17,106.67,65.5
2023-08-31,Electrónica,Laptop,Oeste,Tarjeta de Crédito,5,170.3,85.42,0.0,851.49,427.09,424.4
2023-08-31,Juguetes,Muñeca,Norte,Efectivo,1,270.82,129.1,0.0,270.82,129.1,141.72
2023-08-31,Ropa,Gorra,Sur,Transferencia,9,247.31,99.52,0.0,2225.8,895.64,1330.16
2023-08-31,Electrónica,Smartphone,Oeste,PayPal,7,739.95,331.5,0.05,4920.65,2320.52,2600.13
2023-08-31,Deportes,Cinta de correr,Centro,Efectivo,4,60.57,27.28,0.2,193.81,109.14,84.67
2023-08-31,Electrónica,Smartwatch,Sur,Efectivo,5,613.68,394.07,0.0,3068.41,1970.34,1098.07
2023-08-31,Electrónica,Laptop,Centro,PayPal,9,1364.97,747.44,0.2,9827.82,6727.0,3100.81
2023-08-31,Electrónica,Smartwatch,Oeste,Efectivo,5,556.03,251.52,0.0,2780.16,1257.61,1522.55
2023-08-31,Deportes,Pesas,Este,Tarjeta de Crédito,1,120.49,89.69,0.1,108.44,89.69,18.75
2023-08-31,Ropa,Chaqueta,Este,Efectivo,2,237.17,119.24,0.0,474.34,238.47,235.87
2023-08-31,Ropa,Camiseta,Este,PayPal,7,109.32,61.46,0.15,650.44,430.19,220.25
2023-08-31,Juguetes,Lego,Norte,Tarjeta de Crédito,7,252.33,177.31,0.0,1766.3,1241.18,525.12
2023-08-31,Ropa,Zapatos,Oeste,Efectivo,1,177.41,85.4,0.0,177.41,85.4,92.01
2023-08-31,Electrónica,Smartwatch,Oeste,Efectivo,3,854.05,365.36,0.0,2562.15,1096.09,1466.06
2023-08-31,Ropa,Camiseta,Norte,Tarjeta de Crédito,10,30.49,15.82,0.1,274.38,158.17,116.21
2023-09-01,Electrónica,Laptop,Este,Efectivo,7,687.85,388.16,0.0,4814.96,2717.13,2097.83
2023-09-01,Deportes,Bicicleta,Centro,Efectivo,8,247.6,116.81,0.0,1980.81,934.52,1046.29
2023-09-01,Deportes,Raqueta,Centro,PayPal,9,245.78,143.49,0.15,1880.25,1291.38,588.87
2023-09-01,Ropa,Gorra,Sur,Transferencia,9,310.23,131.8,0.2,2233.65,1186.19,1047.46
2023-09-01,Juguetes,Lego,Centro,PayPal,10,47.68,22.67,0.1,429.16,226.69,202.48
2023-09-01,Electrónica,Laptop,Oeste,Tarjeta de Crédito,10,1576.3,872.72,0.15,13398.54,8727.21,4671.32
2023-09-01,Ropa,Zapatos,Oeste,Efectivo,7,37.82,18.48,0.15,225.01,129.39,95.62
2023-09-01,Juguetes,Coche RC,Este,Tarjeta de Crédito,7,328.49,179.73,0.15,1954.54,1258.14,696.4
2023-09-01,Hogar,Sofá,Este,Transferencia,6,146.61,98.89,0.0,879.63,593.34,286.3
2023-09-01,Ropa,Camiseta,Este,PayPal,4,93.28,44.79,0.0,373.12,179.17,193.96
2023-09-01,Juguetes,Peluche,Centro,Transferencia,6,145.31,62.83,0.15,741.08,376.97,364.11
2023-09-01,Hogar,Cama,Sur,PayPal,1,89.22,45.3,0.0,89.22,45.3,43.91
2023-09-01,Hogar,Mesa,Norte,Efectivo,5,105.08,46.32,0.0,525.38,231.6,293.77
2023-09-01,Deportes,Cinta de correr,Norte,Transferencia,10,47.9,19.6,0.05,455.05,196.0,259.05
2023-09-01,Hogar,Sofá,Oeste,Efectivo,4,26.8,18.36,0.05,101.83,73.44,28.4
2023-09-02,Ropa,Camiseta,Centro,PayPal,4,39.02,19.29,0.0,156.09,77.17,78.91
2023-09-02,Hogar,Lámpara,Sur,Tarjeta de Crédito,5,52.53,38.08,0.15,223.24,190.38,32.86
2023-09-02,Juguetes,Lego,Este,Efectivo,1,264.85,158.67,0.0,264.85,158.67,106.19
2023-09-02,Electrónica,Smartwatch,Norte,PayPal,7,1484.72,821.66,0.2,8314.43,5751.59,2562.84
2023-09-02,Hogar,Silla,Norte,PayPal,9,205.8,94.83,0.0,1852.22,853.47,998.76
2023-09-02,Juguetes,Peluche,Centro,Transferencia,9,26.94,13.13,0.0,242.44,118.21,124.23
2023-09-02,Electrónica,Smartphone,Norte,PayPal,6,536.54,356.13,0.0,3219.26,2136.77,1082.5
2023-09-02,Hogar,Sofá,Norte,Tarjeta de Crédito,8,170.61,90.16,0.0,1364.92,721.26,643.66
2023-09-02,Electrónica,Smartphone,Sur,Tarjeta de Crédito,10,495.16,168.14,0.2,3961.27,1681.38,2279.89
2023-09-02,Ropa,Chaqueta,Sur,Tarjeta de Crédito,7,105.69,52.63,0.0,739.84,368.42,371.41
2023-09-02,Electrónica,Smartphone,Sur,Efectivo,8,1492.7,901.32,0.0,11941.6,7210.53,4731.07
2023-09-02,Electrónica,Auriculares,Sur,PayPal,1,1154.24,852.25,0.0,1154.24,852.25,301.99
2023-09-03,Hogar,Cama,Este,Transferencia,3,183.39,76.77,0.0,550.17,230.3,319.87
2023-09-03,Electrónica,Auriculares,Norte,Tarjeta de Crédito,1,1093.56,588.23,0.1,984.2,588.23,395.97
2023-09-03,Electrónica,Laptop,Sur,Transferencia,9,575.75,330.74,0.0,5181.74,2976.63,2205.1
2023-09-03,Hogar,Silla,Norte,PayPal,7,13.62,6.34,0.05,90.57,44.41,46.16
2023-09-03,Ropa,Zapatos,Oeste,Transferencia,1,163.44,79.94,0.0,163.44,79.94,83.5
2023-09-03,Hogar,Cama,Sur,Transferencia,10,81.0,40.25,0.05,769.47,402.55,366.92
2023-09-03,Hogar,Silla,Este,Tarjeta de Crédito,7,138.34,68.07,0.0,968.36,476.48,491.88
2023-09-03,Deportes,Pesas,Sur,PayPal,9,123.52,70.3,0.05,1056.12,632.74,423.38
2023-09-03,Juguetes,Lego,Sur,Transferencia,9,47.93,21.3,0.05,409.77,191.7,218.06
2023-09-03,Ropa,Chaqueta,Sur,PayPal,4,72.82,32.09,0.1,262.16,128.38,133.78
2023-09-03,Ropa,Gorra,Centro,PayPal,9,84.01,44.95,0.05,718.25,404.54,313.71
2023-09-03,Electrónica,Auriculares,Centro,Efectivo,8,758.33,470.34,0.0,6066.64,3762.71,2303.93
2023-09-03,Hogar,Lámpara,Este,Efectivo,9,216.64,109.65,0.0,1949.79,986.82,962.97
2023-09-03,Electrónica,Smartphone,Oeste,PayPal,1,696.53,333.61,0.15,592.05,333.61,258.44
2023-09-03,Deportes,Raqueta,Norte,PayPal,9,95.94,52.83,0.0,863.42,475.51,387.91
2023-09-04,Ropa,Zapatos,Sur,Efectivo,6,78.74,30.98,0.0,472.46,185.91,286.55
2023-09-04,Hogar,Lámpara,Centro,PayPal,2,139.73,82.12,0.2,223.57,164.24,59.33
2023-09-04,Juguetes,Coche RC,Norte,Transferencia,7,169.26,90.4,0.0,1184.79,632.8,551.99
2023-09-04,Electrónica,Smartwatch,Oeste,PayPal,1,689.94,259.29,0.0,689.94,259.29,430.66
2023-09-04,Hogar,Lámpara,Oeste,Transferencia,3,250.71,106.72,0.05,714.52,320.17,394.35
2023-09-04,Hogar,Mesa,Centro,Transferencia,2,168.39,78.34,0.15,286.26,156.68,129.58
2023-09-04,Ropa,Pantalón,Este,Transferencia,9,265.84,163.34,0.0,2392.58,1470.06,922.52
2023-09-05,Electrónica,Tablet,Norte,PayPal,9,567.06,301.07,0.1,4593.15,2709.64,1883.51
2023-09-05,Hogar,Silla,Sur,PayPal,5,111.12,50.82,0.15,472.28,254.1,218.18
2023-09-05,Juguetes,Peluche,Oeste,PayPal,10,55.62,26.02,0.15,472.74,260.22,212.52
2023-09-05,Juguetes,Puzzle,Oeste,Tarjeta de Crédito,1,115.84,49.74,0.2,92.67,49.74,42.93
2023-09-05,Deportes,Cinta de correr,Centro,Transferencia,8,212.67,137.98,0.1,1531.26,1103.86,427.4
2023-09-05,Electrónica,Smartwatch,Centro,Tarjeta de Crédito,8,53.9,33.58,0.0,431.2,268.62,162.58
2023-09-05,Hogar,Cama,Norte,Tarjeta de Crédito,8,103.46,59.81,0.05,786.31,478.46,307.85
2023-09-05,Juguetes,Puzzle,Sur,Tarjeta de Crédito,4,21.63,11.59,0.0,86.54,46.34,40.19
2023-09-05,Electrónica,Smartphone,Oeste,Transferencia,7,53.43,25.68,0.1,336.6,179.77,156.84
2023-09-05,Electrónica,Tablet,Este,Tarjeta de Crédito,3,509.89,309.64,0.0,1529.66,928.91,600.75
2023-09-05,Juguetes,Muñeca,Este,Tarjeta de Crédito,9,156.36,67.2,0.15,1196.16,604.77,591.39
2023-09-05,Ropa,Gorra,Sur,Efectivo,3,49.22,24.3,0.0,147.67,72.89,74.78
2023-09-05,Hogar,Sofá,Norte,Efectivo,3,280.88,166.42,0.0,842.64,499.26,343.38
2023-09-05,Ropa,Camiseta,Oeste,Efectivo,3,50.19,33.22,0.2,120.45,99.66,20.8
2023-09-05,Juguetes,Lego,Norte,PayPal,3,289.41,126.27,0.1,781.41,378.82,402.59
2023-09-06,Juguetes,Puzzle,Centro,Tarjeta de Crédito,2,90.1,49.85,0.2,144.16,99.69,44.47
2023-09-06,Ropa,Pantalón,Este,PayPal,8,187.42,103.43,0.2,1199.48,827.43,372.06
2023-09-06,Electrónica,Laptop,Norte,Tarjeta de Crédito,10,896.28,402.6,0.1,8066.48,4025.99,4040.49
2023-09-06,Deportes,Raqueta,Centro,Efectivo,7,226.09,90.03,0.05,1503.52,630.22,873.29
2023-09-06,Juguetes,Coche RC,Centro,Transferencia,2,300.2,166.23,0.05,570.39,332.47,237.92
2023-09-06,Ropa,Zapatos,Este,PayPal,8,269.86,154.51,0.0,2158.88,1236.1,922.78
2023-09-06,Deportes,Pesas,Norte,Efectivo,7,45.12,25.26,0.0,315.82,176.79,139.04
2023-09-06,Juguetes,Coche RC,Norte,Efectivo,4,302.77,181.79,0.15,1029.42,727.16,302.26
2023-09-06,Ropa,Camiseta,Este,Efectivo,2,289.09,120.23,0.2,462.55,240.45,222.09
2023-09-06,Electrónica,Laptop,Sur,Efectivo,5,722.7,331.23,0.1,3252.14,1656.17,1595.97
2023-09-06,Ropa,Camiseta,Este,Transferencia,9,156.77,75.39,0.0,1410.96,678.51,732.45
2023-09-06,Hogar,Mesa,Sur,Tarjeta de Crédito,7,131.5,71.81,0.0,920.5,502.69,417.81
2023-09-06,Electrónica,Tablet,Este,Efectivo,4,495.05,182.08,0.05,1881.2,728.33,1152.87
2023-09-07,Electrónica,Laptop,Centro,Efectivo,5,1435.74,638.58,0.0,7178.72,3192.9,3985.83
2023-09-07,Hogar,Mesa,Sur,Tarjeta de Crédito,7,119.17,65.87,0.0,834.17,461.12,373.05
2023-09-07,Ropa,Zapatos,Oeste,Transferencia,6,137.85,47.66,0.15,703.02,285.95,417.07
2023-09-07,Electrónica,Auriculares,Centro,Efectivo,8,687.04,510.69,0.2,4397.07,4085.49,311.58
2023-09-07,Ropa,Chaqueta,Centro,PayPal,3,42.76,25.02,0.15,109.03,75.06,33.98
2023-09-07,Hogar,Sofá,Norte,Efectivo,6,240.8,136.22,0.0,1444.78,817.31,627.48
2023-09-07,Ropa,Gorra,Centro,Tarjeta de Crédito,1,91.76,59.41,0.2,73.4,59.41,13.99
2023-09-07,Hogar,Silla,Este,PayPal,3,13.98,9.15,0.1,37.74,27.44,10.31
2023-09-07,Hogar,Cama,Oeste,PayPal,9,252.16,93.17,0.0,2269.48,838.56,1430.92
2023-09-07,Deportes,Pesas,Norte,Tarjeta de Crédito,9,43.86,22.95,0.0,394.7,206.54,188.16
2023-09-07,Deportes,Cinta de correr,Sur,Efectivo,6,124.14,47.33,0.1,670.38,284.0,386.37
2023-09-08,Ropa,Gorra,Este,Transferencia,9,213.2,91.59,0.05,1822.87,824.32,998.55
2023-09-08,Deportes,Balón,Centro,Transferencia,1,205.31,139.57,0.0,205.31,139.57,65.73
2023-09-08,Electrónica,Laptop,Oeste,Transferencia,1,192.39,126.72,0.05,182.77,126.72,56.05
2023-09-08,Ropa,Zapatos,Sur,Transferencia,9,175.07,68.97,0.05,1496.83,620.76,876.06
2023-09-08,Hogar,Cama,Norte,Efectivo,10,273.78,166.15,0.0,2737.84,1661.53,1076.31
2023-09-08,Deportes,Cinta de correr,Centro,PayPal,5,169.02,93.12,0.05,802.83,465.6,337.23
2023-09-08,Ropa,Gorra,Centro,Tarjeta de Crédito,10,20.91,11.29,0.2,167.26,112.89,54.37
2023-09-08,Electrónica,Tablet,Este,Tarjeta de Crédito,2,1133.6,486.76,0.0,2267.2,973.53,1293.68
2023-09-08,Deportes,Raqueta,Este,PayPal,10,193.72,109.56,0.05,1840.39,1095.65,744.74
2023-09-08,Electrónica,Tablet,Sur,Efectivo,6,1515.38,838.34,0.0,9092.31,5030.06,4062.25
2023-09-08,Electrónica,Tablet,Centro,PayPal,7,795.96,404.29,0.05,5293.14,2830.03,2463.11
2023-09-08,Deportes,Pesas,Oeste,Transferencia,5,192.53,113.21,0.15,818.26,566.03,252.23
2023-09-08,Ropa,Camiseta,Sur,Tarjeta de Crédito,6,93.04,65.25,0.2,446.57,391.48,55.1
2023-09-08,Electrónica,Tablet,Sur,Transferencia,5,1102.38,628.27,0.1,4960.71,3141.36,1819.35
2023-09-08,Juguetes,Coche RC,Norte,Transferencia,7,245.59,144.33,0.0,1719.15,1010.29,708.86
2023-09-08,Ropa,Zapatos,Norte,Transferencia,3,97.44,64.0,0.0,292.31,192.01,100.31
2023-09-08,Ropa,Chaqueta,Sur,Transferencia,7,186.78,107.14,0.0,1307.49,750.0,557.49
2023-09-08,Hogar,Silla,Norte,Efectivo,1,114.27,50.3,0.05,108.55,50.3,58.25
2023-09-08,Ropa,Pantalón,Este,Efectivo,8,16.88,7.3,0.1,121.57,58.37,63.19
2023-09-09,Ropa,Chaqueta,Norte,Tarjeta de Crédito,10,329.11,187.36,0.05,3126.58,1873.57,1253.01
2023-09-09,Deportes,Balón,Oeste,Efectivo,2,163.83,76.83,0.2,262.13,153.65,108.48
2023-09-09,Deportes,Balón,Sur,PayPal,7,339.13,139.49,0.05,2255.22,976.4,1278.82
2023-09-09,Deportes,Bicicleta,Norte,Efectivo,5,338.14,188.2,0.05,1606.14,941.02,665.12
2023-09-09,Deportes,Bicicleta,Este,PayPal,9,136.97,68.02,0.0,1232.69,612.17,620.52
2023-09-09,Hogar,Silla,Norte,Transferencia,3,211.09,91.29,0.0,633.28,273.88,359.4
2023-09-09,Electrónica,Smartwatch,Este,PayPal,6,469.87,234.19,0.0,2819.24,1405.15,1414.09
2023-09-09,Ropa,Zapatos,Sur,Transferencia,8,57.72,27.28,0.05,438.66,218.24,220.41
2023-09-09,Hogar,Cama,Centro,Efectivo,6,216.0,113.78,0.2,1036.79,682.69,354.1
2023-09-09,Ropa,Chaqueta,Sur,Efectivo,1,213.68,124.95,0.15,181.63,124.95,56.68
2023-09-09,Ropa,Gorra,Oeste,Efectivo,6,228.76,99.53,0.0,1372.58,597.18,775.4
2023-09-09,Hogar,Lámpara,Oeste,Tarjeta de Crédito,9,139.88,90.28,0.0,1258.92,812.53,446.4
2023-09-09,Hogar,Sofá,Sur,Efectivo,7,53.03,18.63,0.2,296.95,130.41,166.54
2023-09-09,Juguetes,Coche RC,Norte,Efectivo,5,95.57,51.69,0.0,477.87,258.46,219.41
2023-09-10,Hogar,Silla,Este,Transferencia,8,202.79,125.37,0.1,1460.12,1002.97,457.16
2023-09-10,Electrónica,Smartphone,Oeste,PayPal,8,1245.86,511.19,0.15,8471.83,4089.5,4382.33
2023-09-10,Ropa,Chaqueta,Norte,Efectivo,8,61.56,40.97,0.0,492.51,327.77,164.75
2023-09-10,Deportes,Raqueta,Este,PayPal,8,37.98,22.62,0.15,258.25,180.94,77.31
2023-09-10,Juguetes,Muñeca,Este,Efectivo,2,85.02,35.06,0.05,161.55,70.12,91.43
2023-09-10,Deportes,Balón,Este,Transferencia,6,89.38,56.47,0.15,455.82,338.81,117.01
2023-09-10,Hogar,Sofá,Centro,PayPal,8,246.34,171.86,0.15,1675.08,1374.88,300.2
2023-09-10,Juguetes,Lego,Este,Transferencia,6,264.69,145.69,0.2,1270.51,874.16,396.34
2023-09-10,Juguetes,Coche RC,Oeste,Tarjeta de Crédito,5,232.31,118.96,0.2,929.22,594.81,334.41
2023-09-10,Ropa,Gorra,Norte,Efectivo,8,160.99,93.81,0.1,1159.12,750.5,408.62
2023-09-10,Deportes,Balón,Centro,Efectivo,5,321.69,186.5,0.05,1528.03,932.5,595.52
2023-09-11,Juguetes,Coche RC,Norte,Tarjeta de Crédito,2,219.96,88.73,0.0,439.93,177.46,262.47
2023-09-11,Deportes,Balón,Centro,PayPal,5,249.94,147.19,0.2,999.77,735.97,263.8
2023-09-11,Hogar,Silla,Sur,Transferencia,6,165.38,67.17,0.1,893.04,403.03,490.02
2023-09-11,Electrónica,Tablet,Este,Transferencia,4,1077.25,721.14,0.2,3447.21,2884.58,562.63
2023-09-11,Ropa,Camiseta,Centro,Transferencia,10,24.25,11.57,0.05,230.39,115.74,114.65
2023-09-11,Hogar,Mesa,Oeste,Efectivo,5,58.01,23.41,0.2,232.03,117.05,114.98
2023-09-11,Ropa,Gorra,Norte,Tarjeta de Crédito,4,99.16,65.65,0.0,396.62,262.6,134.02
2023-09-11,Juguetes,Lego,Centro,Tarjeta de Crédito,3,313.96,123.69,0.2,753.5,371.07,382.43
2023-09-11,Electrónica,Laptop,Centro,Efectivo,1,1195.47,688.7,0.2,956.38,688.7,267.68
2023-09-11,Ropa,Pantalón,Centro,PayPal,2,85.6,60.95,0.0,171.2,121.91,49.29
2023-09-11,Deportes,Balón,Centro,Tarjeta de Crédito,8,98.01,67.2,0.0,784.11,537.58,246.53
2023-09-11,Ropa,Gorra,Este,Efectivo,1,140.76,58.55,0.15,119.64,58.55,61.09
2023-09-12,Hogar,Mesa,Este,PayPal,8,132.76,82.61,0.1,955.85,660.88,294.97
2023-09-12,Juguetes,Muñeca,Este,Transferencia,3,139.3,97.4,0.2,334.32,292.2,42.11
2023-09-12,Juguetes,Coche RC,Norte,Transferencia,2,88.24,57.78,0.0,176.48,115.55,60.92
2023-09-12,Hogar,Mesa,Este,Tarjeta de Crédito,6,34.72,15.03,0.2,166.63,90.2,76.44
2023-09-12,Hogar,Lámpara,Este,Tarjeta de Crédito,4,233.61,96.57,0.0,934.43,386.29,548.14
2023-09-12,Hogar,Lámpara,Norte,Efectivo,7,306.53,114.51,0.0,2145.69,801.54,1344.15
2023-09-12,Deportes,Bicicleta,Este,Efectivo,6,92.13,40.48,0.2,442.21,242.88,199.33
2023-09-12,Juguetes,Coche RC,Centro,PayPal,4,204.92,90.63,0.0,819.68,362.52,457.17
2023-09-12,Ropa,Camiseta,Centro,Tarjeta de Crédito,6,205.69,120.12,0.2,987.31,720.74,266.57
2023-09-12,Ropa,Gorra,Norte,Transferencia,10,28.97,18.52,0.05,275.17,185.25,89.92
2023-09-12,Deportes,Balón,Oeste,Tarjeta de Crédito,4,199.92,118.55,0.0,799.69,474.22,325.47
2023-09-12,Deportes,Bicicleta,Este,PayPal,8,345.23,146.25,0.0,2761.81,1170.01,1591.8
2023-09-12,Deportes,Raqueta,Este,Transferencia,3,75.88,44.33,0.2,182.1,133.0,49.1
2023-09-12,Ropa,Chaqueta,Este,Efectivo,7,133.97,69.27,0.1,844.02,484.86,359.16
2023-09-12,Juguetes,Peluche,Centro,Tarjeta de Crédito,4,61.73,29.96,0.2,197.54,119.83,77.71
2023-09-13,Juguetes,Lego,Centro,Tarjeta de Crédito,2,298.39,111.03,0.0,596.78,222.06,374.72
2023-09-13,Ropa,Chaqueta,Este,Tarjeta de Crédito,7,303.43,149.66,0.1,1911.62,1047.65,863.97
2023-09-13,Deportes,Raqueta,Este,PayPal,2,211.85,126.84,0.1,381.33,253.68,127.65
2023-09-13,Electrónica,Smartphone,Norte,Efectivo,8,417.13,178.66,0.1,3003.37,1429.31,1574.06
2023-09-13,Juguetes,Lego,Centro,Transferencia,3,38.0,17.13,0.05,108.29,51.4,56.9
2023-09-13,Ropa,Zapatos,Centro,Efectivo,3,136.15,76.49,0.2,326.77,229.47,97.3
2023-09-13,Juguetes,Coche RC,Oeste,Tarjeta de Crédito,5,211.68,119.41,0.15,899.63,597.04,302.59
2023-09-13,Hogar,Silla,Norte,Efectivo,4,98.53,59.56,0.0,394.1,238.24,155.86
2023-09-13,Ropa,Camiseta,Centro,Efectivo,3,32.55,23.75,0.1,87.89,71.24,16.65
2023-09-13,Deportes,Pesas,Oeste,Tarjeta de Crédito,5,218.39,127.3,0.0,1091.95,636.5,455.45
2023-09-13,Deportes,Balón,Oeste,PayPal,9,160.25,86.68,0.1,1298.05,780.14,517.91
2023-09-13,Deportes,Raqueta,Oeste,Tarjeta de Crédito,7,63.86,29.23,0.15,380.0,204.63,175.37
2023-09-13,Deportes,Raqueta,Norte,Transferencia,8,63.56,29.23,0.0,508.47,233.8,274.66
2023-09-14,Electrónica,Tablet,Norte,PayPal,8,698.2,309.36,0.1,5027.03,2474.89,2552.14
2023-09-14,Electrónica,Laptop,Sur,Transferencia,7,465.15,320.19,0.15,2767.62,2241.31,526.31
2023-09-14,Ropa,Gorra,Este,PayPal,10,184.08,102.17,0.15,1564.64,1021.69,542.95
2023-09-14,Juguetes,Peluche,Centro,PayPal,8,14.1,5.83,0.15,95.85,46.64,49.21
2023-09-14,Juguetes,Coche RC,Sur,Tarjeta de Crédito,1,195.96,99.51,0.1,176.37,99.51,76.86
2023-09-14,Deportes,Cinta de correr,Centro,PayPal,7,193.76,95.62,0.2,1085.07,669.31,415.76
2023-09-14,Ropa,Chaqueta,Oeste,Tarjeta de Crédito,4,92.5,62.74,0.0,370.02,250.97,119.05
2023-09-14,Deportes,Balón,Norte,Transferencia,8,308.92,171.96,0.15,2100.67,1375.69,724.98
2023-09-14,Ropa,Pantalón,Sur,Transferencia,7,107.3,64.79,0.0,751.12,453.52,297.6
2023-09-14,Ropa,Gorra,Norte,PayPal,9,256.32,148.45,0.05,2191.56,1336.05,855.51
2023-09-14,Juguetes,Peluche,Este,Efectivo,7,223.02,128.43,0.0,1561.12,899.03,662.09
2023-09-15,Hogar,Lámpara,Norte,Tarjeta de Crédito,7,144.45,69.16,0.2,808.9,484.15,324.75
2023-09-15,Deportes,Bicicleta,Oeste,Transferencia,9,234.65,120.49,0.15,1795.06,1084.41,710.66
2023-09-15,Juguetes,Puzzle,Norte,Efectivo,1,255.12,102.89,0.05,242.37,102.89,139.48
2023-09-15,Hogar,Silla,Centro,Tarjeta de Crédito,3,171.68,100.09,0.0,515.05,300.27,214.78
2023-09-15,Deportes,Balón,Sur,Transferencia,6,39.02,16.87,0.0,234.14,101.22,132.93
2023-09-15,Ropa,Chaqueta,Sur,Efectivo,9,258.68,101.89,0.2,1862.5,917.05,945.45
2023-09-15,Deportes,Cinta de correr,Este,Transferencia,1,245.84,121.18,0.2,196.67,121.18,75.5
2023-09-15,Deportes,Raqueta,Norte,Tarjeta de Crédito,5,88.18,47.48,0.0,440.92,237.38,203.53
2023-09-15,Hogar,Cama,Norte,Tarjeta de Crédito,2,233.63,115.91,0.0,467.26,231.83,235.43
2023-09-15,Hogar,Cama,Centro,Tarjeta de Crédito,6,94.0,35.02,0.15,479.38,210.14,269.24
2023-09-15,Ropa,Zapatos,Centro,Transferencia,3,164.52,89.03,0.2,394.84,267.09,127.75
2023-09-15,Hogar,Lámpara,Este,Efectivo,5,80.63,48.69,0.15,342.69,243.43,99.26
2023-09-15,Electrónica,Laptop,Centro,Efectivo,8,95.72,42.21,0.05,727.44,337.66,389.78
2023-09-15,Hogar,Sofá,Este,PayPal,6,161.58,77.64,0.05,921.01,465.85,455.16
2023-09-16,Electrónica,Auriculares,Oeste,Tarjeta de Crédito,1,710.43,276.83,0.0,710.43,276.83,433.6
2023-09-16,Juguetes,Puzzle,Norte,PayPal,6,252.19,113.4,0.0,1513.15,680.4,832.74
2023-09-16,Hogar,Mesa,Centro,Tarjeta de Crédito,8,132.31,49.11,0.15,899.69,392.9,506.79
2023-09-16,Juguetes,Lego,Norte,Transferencia,5,230.66,120.52,0.0,1153.3,602.59,550.71
2023-09-16,Juguetes,Coche RC,Oeste,Tarjeta de Crédito,9,252.97,118.54,0.05,2162.86,1066.9,1095.96
2023-09-16,Deportes,Cinta de correr,Norte,Transferencia,5,42.42,30.04,0.05,201.51,150.2,51.31
2023-09-16,Electrónica,Smartphone,Oeste,Tarjeta de Crédito,9,647.01,253.99,0.15,4949.65,2285.89,2663.76
2023-09-16,Juguetes,Muñeca,Este,PayPal,10,118.97,49.58,0.0,1189.7,495.77,693.93
2023-09-16,Hogar,Sofá,Este,Tarjeta de Crédito,1,206.84,101.04,0.15,175.81,101.04,74.78
2023-09-16,Ropa,Camiseta,Este,Efectivo,5,261.96,162.63,0.0,1309.8,813.13,496.67
2023-09-16,Ropa,Pantalón,Este,Efectivo,10,237.39,135.33,0.0,2373.88,1353.29,1020.59
2023-09-16,Electrónica,Smartphone,Centro,Transferencia,7,49.33,28.06,0.05,328.04,196.45,131.59
2023-09-16,Deportes,Bicicleta,Sur,Tarjeta de Crédito,4,200.81,82.18,0.1,722.92,328.7,394.22
2023-09-16,Deportes,Pesas,Centro,Transferencia,9,253.84,117.84,0.2,1827.67,1060.59,767.08
2023-09-17,Juguetes,Coche RC,Norte,Transferencia,3,173.58,78.41,0.0,520.73,235.22,285.51
2023-09-17,Hogar,Lámpara,Sur,Efectivo,9,98.86,44.02,0.05,845.28,396.17,449.11
2023-09-17,Ropa,Zapatos,Este,Tarjeta de Crédito,7,216.64,79.08,0.0,1516.5,553.57,962.92
2023-09-17,Deportes,Bicicleta,Este,Transferencia,9,249.87,136.55,0.2,1799.05,1228.99,570.05
2023-09-17,Juguetes,Lego,Este,Efectivo,1,265.52,156.51,0.1,238.96,156.51,82.45
2023-09-17,Electrónica,Laptop,Sur,Efectivo,7,1134.06,652.35,0.0,7938.42,4566.42,3372.0
2023-09-17,Hogar,Cama,Oeste,Efectivo,8,112.84,44.36,0.0,902.68,354.91,547.77
2023-09-17,Ropa,Gorra,Norte,Efectivo,10,66.0,40.29,0.0,660.03,402.95,257.08
2023-09-17,Juguetes,Lego,Este,Tarjeta de Crédito,10,101.19,50.11,0.0,1011.92,501.11,510.81
2023-09-17,Juguetes,Peluche,Oeste,Efectivo,1,281.38,153.21,0.05,267.32,153.21,114.11
2023-09-17,Deportes,Bicicleta,Centro,Transferencia,6,82.74,50.47,0.0,496.44,302.8,193.64
2023-09-17,Ropa,Zapatos,Centro,PayPal,6,247.61,174.68,0.0,1485.67,1048.11,437.56
2023-09-17,Electrónica,Smartphone,Este,Efectivo,2,614.12,262.73,0.15,1044.0,525.47,518.54
2023-09-17,Deportes,Raqueta,Oeste,Transferencia,4,51.66,23.36,0.2,165.3,93.44,71.87
2023-09-17,Ropa,Zapatos,Norte,Tarjeta de Crédito,2,243.66,153.1,0.0,487.33,306.2,181.13
2023-09-17,Juguetes,Peluche,Este,Efectivo,4,301.69,154.57,0.0,1206.77,618.28,588.5
2023-09-17,Electrónica,Smartwatch,Norte,PayPal,3,569.0,377.15,0.0,1707.0,1131.45,575.55
2023-09-18,Electrónica,Smartwatch,Norte,Tarjeta de Crédito,7,1725.39,662.26,0.0,12077.75,4635.8,7441.95
2023-09-18,Electrónica,Tablet,Norte,PayPal,9,22.51,9.11,0.0,202.63,81.98,120.66
2023-09-18,Juguetes,Lego,Oeste,Tarjeta de Crédito,9,129.21,60.46,0.1,1046.59,544.13,502.46
2023-09-18,Ropa,Chaqueta,Centro,Tarjeta de Crédito,6,70.92,36.03,0.1,382.96,216.2,166.76
2023-09-18,Ropa,Gorra,Sur,Efectivo,7,268.83,129.2,0.0,1881.83,904.42,977.41
2023-09-18,Ropa,Camiseta,Este,Tarjeta de Crédito,3,190.45,77.21,0.0,571.34,231.63,339.71
2023-09-18,Hogar,Lámpara,Norte,Efectivo,1,224.82,130.52,0.1,202.33,130.52,71.81
2023-09-18,Juguetes,Peluche,Norte,Efectivo,2,134.84,62.44,0.0,269.68,124.87,144.81
2023-09-18,Electrónica,Smartphone,Norte,Tarjeta de Crédito,2,802.24,421.53,0.1,1444.03,843.05,600.98
2023-09-18,Juguetes,Muñeca,Norte,Tarjeta de Crédito,5,221.3,128.78,0.1,995.85,643.92,351.92
2023-09-18,Hogar,Sofá,Centro,Tarjeta de Crédito,4,305.24,206.07,0.0,1220.98,824.28,396.69
2023-09-19,Hogar,Sofá,Sur,Transferencia,9,282.62,143.93,0.15,2162.03,1295.34,866.69
2023-09-19,Hogar,Sofá,Centro,Transferencia,3,116.91,53.66,0.0,350.74,160.98,189.76
2023-09-19,Ropa,Gorra,Norte,PayPal,9,109.47,69.24,0.0,985.26,623.2,362.06
2023-09-19,Electrónica,Laptop,Centro,Transferencia,7,890.21,509.76,0.0,6231.44,3568.3,2663.14
2023-09-19,Deportes,Pesas,Sur,Tarjeta de Crédito,1,168.33,110.32,0.0,168.33,110.32,58.01
2023-09-19,Deportes,Pesas,Norte,PayPal,8,42.8,28.93,0.0,342.36,231.48,110.89
2023-09-19,Hogar,Silla,Sur,Tarjeta de Crédito,2,124.11,66.55,0.2,198.58,133.09,65.49
2023-09-19,Hogar,Sofá,Sur,Tarjeta de Crédito,7,26.44,11.65,0.0,185.05,81.58,103.48
2023-09-19,Juguetes,Puzzle,Norte,Tarjeta de Crédito,7,61.92,35.03,0.0,433.47,245.22,188.26
2023-09-19,Ropa,Gorra,Centro,Efectivo,4,244.26,140.84,0.15,830.49,563.34,267.15
2023-09-19,Deportes,Bicicleta,Sur,Transferencia,5,33.09,25.11,0.0,165.46,125.55,39.91
2023-09-19,Electrónica,Smartphone,Este,PayPal,10,665.72,424.09,0.15,5658.58,4240.91,1417.67
2023-09-19,Ropa,Pantalón,Sur,Tarjeta de Crédito,5,55.34,41.11,0.15,235.2,205.53,29.66
2023-09-20,Juguetes,Peluche,Oeste,Transferencia,1,227.13,121.14,0.0,227.13,121.14,105.99
2023-09-20,Juguetes,Lego,Oeste,Efectivo,6,126.28,82.16,0.0,757.66,492.98,264.69
2023-09-20,Deportes,Cinta de correr,Centro,Transferencia,9,151.63,75.52,0.0,1364.67,679.66,685.01
2023-09-20,Electrónica,Smartwatch,Oeste,PayPal,2,624.45,327.14,0.0,1248.89,654.29,594.6
2023-09-20,Juguetes,Peluche,Oeste,Transferencia,6,229.82,117.24,0.05,1309.96,703.45,606.51
2023-09-20,Hogar,Cama,Este,Transferencia,3,187.87,77.55,0.0,563.61,232.64,330.97
2023-09-20,Hogar,Cama,Este,Transferencia,2,236.07,129.59,0.1,424.92,259.18,165.74
2023-09-20,Ropa,Chaqueta,Sur,PayPal,1,67.97,47.98,0.0,67.97,47.98,19.98
2023-09-20,Electrónica,Laptop,Norte,PayPal,10,670.15,343.92,0.2,5361.22,3439.17,1922.05
2023-09-21,Deportes,Balón,Centro,PayPal,4,102.5,70.9,0.1,368.99,283.61,85.38
2023-09-21,Juguetes,Lego,Norte,Tarjeta de Crédito,1,66.05,48.12,0.1,59.44,48.12,11.32
2023-09-21,Deportes,Bicicleta,Centro,PayPal,8,282.66,166.75,0.05,2148.19,1334.01,814.18
2023-09-21,Juguetes,Coche RC,Oeste,PayPal,5,263.21,152.27,0.1,1184.43,761.34,423.09
2023-09-21,Juguetes,Peluche,Norte,Efectivo,8,228.52,125.92,0.0,1828.14,1007.39,820.75
2023-09-21,Electrónica,Smartphone,Centro,Efectivo,3,806.43,285.11,0.2,1935.44,855.33,1080.11
2023-09-21,Juguetes,Peluche,Norte,Efectivo,6,24.36,10.03,0.1,131.53,60.21,71.32
2023-09-21,Electrónica,Smartphone,Norte,Transferencia,2,45.01,30.49,0.2,72.01,60.98,11.03
2023-09-21,Juguetes,Coche RC,Centro,PayPal,2,129.33,71.65,0.2,206.92,143.29,63.63
2023-09-21,Deportes,Balón,Sur,Efectivo,3,47.48,22.02,0.2,113.95,66.07,47.89
2023-09-21,Ropa,Gorra,Oeste,Efectivo,2,45.42,22.04,0.15,77.21,44.09,33.13
2023-09-21,Ropa,Gorra,Este,Transferencia,1,279.78,161.07,0.1,251.8,161.07,90.73
2023-09-22,Hogar,Lámpara,Norte,PayPal,10,79.14,31.15,0.2,633.11,311.49,321.62
2023-09-22,Ropa,Camiseta,Centro,Tarjeta de Crédito,4,116.23,72.18,0.0,464.92,288.73,176.19
2023-09-22,Ropa,Chaqueta,Centro,Efectivo,2,239.74,122.1,0.2,383.59,244.2,139.39
2023-09-22,Hogar,Mesa,Este,PayPal,8,32.05,20.57,0.0,256.44,164.56,91.88
2023-09-22,Deportes,Cinta de correr,Este,Efectivo,10,39.09,27.57,0.2,312.68,275.74,36.94
2023-09-22,Deportes,Pesas,Sur,PayPal,10,52.15,24.67,0.0,521.46,246.73,274.74
2023-09-22,Deportes,Balón,Centro,Efectivo,8,151.49,94.99,0.1,1090.69,759.96,330.74
2023-09-22,Ropa,Camiseta,Este,Tarjeta de Crédito,6,233.27,92.15,0.1,1259.68,552.93,706.75
2023-09-22,Hogar,Silla,Norte,Tarjeta de Crédito,10,241.42,95.61,0.05,2293.49,956.13,1337.36
2023-09-22,Ropa,Chaqueta,Norte,Transferencia,5,76.67,44.81,0.0,383.33,224.07,159.25
2023-09-23,Juguetes,Peluche,Sur,Transferencia,5,318.7,171.04,0.2,1274.8,855.19,419.61
2023-09-23,Juguetes,Muñeca,Norte,Tarjeta de Crédito,3,127.34,68.3,0.1,343.81,204.9,138.91
2023-09-23,Electrónica,Laptop,Norte,Tarjeta de Crédito,9,215.9,93.79,0.1,1748.76,844.14,904.61
2023-09-23,Electrónica,Smartwatch,Sur,Tarjeta de Crédito,8,1041.45,506.87,0.2,6665.3,4054.99,2610.3
2023-09-23,Electrónica,Auriculares,Norte,Efectivo,1,1116.11,512.93,0.0,1116.11,512.93,603.18
2023-09-23,Ropa,Zapatos,Oeste,Tarjeta de Crédito,9,37.97,18.3,0.0,341.74,164.7,177.04
2023-09-23,Hogar,Cama,Este,Transferencia,4,62.36,40.95,0.1,224.5,163.81,60.69
2023-09-23,Hogar,Mesa,Oeste,Efectivo,4,192.94,84.38,0.0,771.74,337.52,434.22
2023-09-23,Hogar,Sofá,Sur,Efectivo,8,62.84,36.94,0.0,502.69,295.51,207.19
2023-09-23,Electrónica,Smartwatch,Centro,Efectivo,6,293.18,163.95,0.0,1759.08,983.68,775.4
2023-09-23,Juguetes,Puzzle,Centro,Efectivo,6,148.53,79.83,0.2,712.96,479.0,233.96
2023-09-23,Juguetes,Coche RC,Este,PayPal,10,87.25,41.3,0.05,828.84,412.96,415.88
2023-09-23,Ropa,Zapatos,Centro,Transferencia,8,66.56,35.58,0.2,425.99,284.62,141.37
2023-09-24,Deportes,Pesas,Oeste,Efectivo,9,213.99,100.9,0.0,1925.9,908.08,1017.83
2023-09-24,Juguetes,Lego,Centro,Efectivo,7,250.33,114.38,0.2,1401.87,800.67,601.21
2023-09-24,Electrónica,Tablet,Oeste,Transferencia,1,391.8,194.6,0.05,372.21,194.6,177.61
2023-09-24,Electrónica,Tablet,Centro,Tarjeta de Crédito,5,1511.08,626.11,0.0,7555.41,3130.57,4424.83
2023-09-24,Hogar,Mesa,Norte,Efectivo,1,212.15,143.69,0.1,190.94,143.69,47.25
2023-09-24,Hogar,Sofá,Este,Transferencia,8,278.61,103.28,0.05,2117.41,826.27,1291.15
2023-09-24,Hogar,Cama,Oeste,Efectivo,7,171.99,84.49,0.1,1083.56,591.42,492.15
2023-09-24,Electrónica,Smartwatch,Norte,PayPal,7,890.19,367.58,0.15,5296.63,2573.06,2723.58
2023-09-24,Ropa,Pantalón,Oeste,Efectivo,8,243.88,144.93,0.0,1951.06,1159.46,791.6
2023-09-24,Hogar,Lámpara,Sur,Transferencia,3,64.24,30.28,0.0,192.71,90.83,101.87
2023-09-24,Juguetes,Coche RC,Centro,Transferencia,3,28.43,16.59,0.05,81.02,49.76,31.26
2023-09-24,Deportes,Balón,Este,Tarjeta de Crédito,4,124.77,70.15,0.2,399.28,280.61,118.67
2023-09-25,Deportes,Raqueta,Norte,Tarjeta de Crédito,2,32.89,17.07,0.15,55.91,34.13,21.78
2023-09-25,Ropa,Chaqueta,Norte,PayPal,10,157.47,64.08,0.2,1259.78,640.75,619.03
2023-09-25,Hogar,Cama,Este,Efectivo,8,115.32,59.31,0.0,922.54,474.45,448.09
2023-09-25,Deportes,Balón,Norte,Efectivo,10,61.26,25.55,0.0,612.57,255.47,357.1
2023-09-25,Electrónica,Smartwatch,Este,Efectivo,8,364.96,214.51,0.0,2919.7,1716.05,1203.65
2023-09-25,Ropa,Zapatos,Oeste,PayPal,8,118.36,56.67,0.1,852.19,453.34,398.84
2023-09-25,Deportes,Pesas,Sur,Transferencia,8,214.68,111.39,0.2,1373.95,891.16,482.79
2023-09-25,Deportes,Pesas,Norte,Efectivo,2,253.7,158.35,0.0,507.4,316.69,190.71
2023-09-25,Juguetes,Muñeca,Centro,Efectivo,4,130.63,67.19,0.15,444.13,268.76,175.36
2023-09-26,Ropa,Camiseta,Oeste,Tarjeta de Crédito,10,145.21,70.45,0.05,1379.48,704.49,674.99
2023-09-26,Electrónica,Laptop,Norte,Tarjeta de Crédito,5,1021.64,568.33,0.0,5108.22,2841.64,2266.58
2023-09-26,Electrónica,Smartphone,Oeste,Efectivo,5,1699.85,923.54,0.05,8074.3,4617.72,3456.58
2023-09-26,Hogar,Mesa,Oeste,PayPal,7,75.27,40.17,0.0,526.89,281.16,245.73
2023-09-26,Deportes,Pesas,Centro,Transferencia,7,288.28,167.15,0.2,1614.39,1170.03,444.37
2023-09-26,Deportes,Balón,Oeste,Transferencia,2,226.37,95.21,0.2,362.19,190.42,171.78
2023-09-26,Hogar,Cama,Oeste,Tarjeta de Crédito,8,240.71,103.6,0.15,1636.81,828.83,807.98
2023-09-26,Ropa,Chaqueta,Oeste,Transferencia,9,16.92,7.07,0.2,121.84,63.65,58.19
2023-09-26,Deportes,Balón,Norte,Tarjeta de Crédito,5,170.74,64.49,0.1,768.31,322.46,445.86
2023-09-26,Electrónica,Auriculares,Norte,Transferencia,2,1152.21,570.65,0.15,1958.75,1141.3,817.45
2023-09-26,Deportes,Pesas,Centro,Tarjeta de Crédito,2,217.45,111.86,0.0,434.9,223.73,211.17
2023-09-26,Electrónica,Smartwatch,Este,PayPal,2,40.68,18.66,0.05,77.3,37.33,39.97
2023-09-26,Electrónica,Laptop,Sur,Tarjeta de Crédito,10,1530.99,742.64,0.0,15309.91,7426.4,7883.51
2023-09-27,Juguetes,Peluche,Oeste,Efectivo,3,159.68,72.03,0.0,479.03,216.08,262.95
2023-09-27,Electrónica,Tablet,Centro,Tarjeta de Crédito,2,268.7,130.64,0.2,429.91,261.28,168.64
2023-09-27,Ropa,Camiseta,Sur,Transferencia,10,162.84,91.9,0.2,1302.74,918.96,383.78
2023-09-27,Juguetes,Muñeca,Centro,Tarjeta de Crédito,8,202.91,85.72,0.0,1623.3,685.77,937.53
2023-09-27,Juguetes,Puzzle,Este,Efectivo,9,87.12,43.02,0.0,784.07,387.16,396.91
2023-09-27,Juguetes,Muñeca,Norte,Tarjeta de Crédito,2,98.48,39.74,0.0,196.97,79.47,117.49
2023-09-27,Hogar,Cama,Sur,Tarjeta de Crédito,8,233.51,151.55,0.0,1868.12,1212.37,655.75
2023-09-27,Juguetes,Muñeca,Norte,PayPal,5,310.83,129.63,0.0,1554.13,648.17,905.97
2023-09-27,Electrónica,Smartphone,Centro,Transferencia,1,665.03,460.05,0.0,665.03,460.05,204.98
2023-09-27,Juguetes,Coche RC,Centro,Tarjeta de Crédito,6,92.27,39.26,0.05,525.93,235.57,290.35
2023-09-27,Electrónica,Tablet,Oeste,Transferencia,10,31.7,15.5,0.0,317.01,155.05,161.97
2023-09-27,Deportes,Balón,Oeste,PayPal,3,137.38,85.7,0.1,370.92,257.11,113.81
2023-09-27,Ropa,Chaqueta,Norte,PayPal,10,142.82,78.42,0.0,1428.21,784.24,643.97
2023-09-28,Ropa,Chaqueta,Sur,Tarjeta de Crédito,7,119.33,73.27,0.0,835.28,512.88,322.39
2023-09-28,Juguetes,Lego,Norte,Transferencia,2,346.6,188.58,0.0,693.2,377.16,316.04
2023-09-28,Electrónica,Smartphone,Centro,Tarjeta de Crédito,4,207.75,88.69,0.05,789.43,354.74,434.69
2023-09-28,Juguetes,Peluche,Centro,Tarjeta de Crédito,1,236.74,160.03,0.0,236.74,160.03,76.7
2023-09-28,Ropa,Chaqueta,Este,Transferencia,3,217.98,134.27,0.0,653.94,402.81,251.13
2023-09-28,Electrónica,Tablet,Oeste,PayPal,10,689.63,479.64,0.15,5861.86,4796.43,1065.43
2023-09-28,Ropa,Chaqueta,Este,Tarjeta de Crédito,10,244.49,86.88,0.0,2444.91,868.78,1576.13
2023-09-28,Hogar,Silla,Norte,PayPal,1,92.48,45.83,0.1,83.23,45.83,37.41
2023-09-28,Juguetes,Coche RC,Sur,Transferencia,2,46.05,25.47,0.2,73.67,50.95,22.73
2023-09-28,Electrónica,Smartphone,Centro,Transferencia,10,628.46,305.81,0.05,5970.34,3058.11,2912.23
2023-09-29,Juguetes,Peluche,Oeste,Tarjeta de Crédito,9,204.15,108.11,0.0,1837.37,973.03,864.35
2023-09-29,Electrónica,Laptop,Este,Tarjeta de Crédito,6,593.81,346.76,0.2,2850.29,2080.58,769.7
2023-09-29,Deportes,Balón,Sur,Efectivo,1,203.07,123.98,0.1,182.76,123.98,58.78
2023-09-29,Juguetes,Puzzle,Este,Efectivo,3,183.55,103.19,0.0,550.64,309.57,241.07
2023-09-29,Deportes,Cinta de correr,Sur,PayPal,2,52.89,26.9,0.0,105.78,53.81,51.97
2023-09-29,Ropa,Pantalón,Sur,Transferencia,10,38.04,20.18,0.2,304.36,201.84,102.52
2023-09-29,Ropa,Gorra,Sur,PayPal,4,251.08,143.14,0.0,1004.31,572.56,431.75
2023-09-29,Electrónica,Laptop,Sur,Efectivo,2,865.36,534.99,0.0,1730.73,1069.97,660.76
2023-09-29,Electrónica,Smartwatch,Centro,Tarjeta de Crédito,6,40.52,16.05,0.0,243.13,96.32,146.81
2023-09-29,Deportes,Cinta de correr,Este,PayPal,3,22.44,12.31,0.1,60.59,36.94,23.66
2023-09-29,Juguetes,Muñeca,Norte,Tarjeta de Crédito,6,111.47,67.98,0.0,668.83,407.9,260.92
2023-09-29,Hogar,Lámpara,Oeste,Tarjeta de Crédito,6,310.94,178.4,0.0,1865.66,1070.4,795.26
2023-09-29,Juguetes,Puzzle,Este,Transferencia,6,95.29,38.04,0.2,457.39,228.24,229.15
2023-09-29,Ropa,Camiseta,Oeste,Efectivo,1,25.91,12.34,0.0,25.91,12.34,13.57
2023-09-29,Electrónica,Tablet,Norte,Transferencia,2,853.11,523.4,0.0,1706.22,1046.79,659.42
2023-09-29,Ropa,Zapatos,Norte,PayPal,7,71.35,34.59,0.0,499.43,242.1,257.33
2023-09-29,Hogar,Sofá,Este,PayPal,8,93.62,50.22,0.0,748.95,401.8,347.16
2023-09-29,Deportes,Pesas,Sur,PayPal,10,17.85,9.43,0.0,178.52,94.28,84.24
2023-09-30,Electrónica,Laptop,Norte,Efectivo,6,191.78,113.77,0.0,1150.68,682.63,468.05
2023-09-30,Deportes,Cinta de correr,Este,Transferencia,10,152.45,82.18,0.1,1372.01,821.81,550.2
2023-09-30,Juguetes,Puzzle,Oeste,PayPal,5,24.88,15.86,0.05,118.19,79.28,38.91
2023-09-30,Deportes,Raqueta,Sur,PayPal,2,101.35,45.62,0.05,192.56,91.24,101.32
2023-09-30,Juguetes,Peluche,Norte,PayPal,2,54.85,24.25,0.0,109.7,48.5,61.2
2023-09-30,Juguetes,Puzzle,Norte,Tarjeta de Crédito,2,100.79,49.93,0.1,181.42,99.87,81.55
2023-09-30,Electrónica,Smartphone,Oeste,Efectivo,2,1084.49,645.15,0.1,1952.08,1290.29,661.78
2023-09-30,Juguetes,Coche RC,Sur,Tarjeta de Crédito,6,110.78,57.38,0.0,664.67,344.3,320.37
2023-10-01,Ropa,Zapatos,Centro,Tarjeta de Crédito,2,133.7,88.09,0.1,240.66,176.19,64.47
2023-10-01,Deportes,Cinta de correr,Oeste,Tarjeta de Crédito,6,109.9,71.17,0.0,659.38,427.03,232.35
2023-10-01,Hogar,Lámpara,Sur,Transferencia,2,46.97,21.08,0.0,93.95,42.17,51.78
2023-10-01,Electrónica,Smartwatch,Norte,Efectivo,6,680.74,311.85,0.1,3676.02,1871.07,1804.95
2023-10-01,Electrónica,Tablet,Norte,Efectivo,1,641.99,252.14,0.0,641.99,252.14,389.85
2023-10-01,Deportes,Pesas,Centro,Transferencia,2,107.11,66.07,0.05,203.51,132.15,71.36
2023-10-01,Electrónica,Tablet,Norte,Tarjeta de Crédito,1,702.73,321.14,0.2,562.18,321.14,241.04
2023-10-01,Juguetes,Lego,Oeste,Transferencia,4,17.42,11.61,0.15,59.22,46.43,12.79
2023-10-01,Ropa,Camiseta,Norte,Tarjeta de Crédito,9,233.42,98.64,0.05,1995.77,887.73,1108.04
2023-10-01,Hogar,Cama,Norte,Efectivo,10,240.93,112.98,0.05,2288.83,1129.81,1159.02
2023-10-01,Ropa,Chaqueta,Sur,Tarjeta de Crédito,6,178.96,83.4,0.05,1020.04,500.43,519.62
2023-10-01,Juguetes,Lego,Centro,PayPal,7,22.66,12.01,0.15,134.83,84.09,50.74
2023-10-01,Deportes,Bicicleta,Norte,Efectivo,6,217.67,148.38,0.15,1110.12,890.27,219.85
2023-10-01,Deportes,Raqueta,Oeste,PayPal,4,173.96,79.18,0.05,661.05,316.73,344.32
2023-10-02,Juguetes,Coche RC,Centro,PayPal,3,149.13,79.45,0.2,357.9,238.34,119.56
2023-10-02,Electrónica,Tablet,Este,Tarjeta de Crédito,8,1121.9,658.31,0.0,8975.18,5266.45,3708.73
2023-10-02,Deportes,Pesas,Centro,PayPal,9,159.18,81.86,0.2,1146.08,736.71,409.37
2023-10-02,Hogar,Sofá,Norte,Efectivo,4,290.27,126.27,0.0,1161.08,505.09,655.99
2023-10-02,Hogar,Silla,Oeste,Tarjeta de Crédito,4,181.88,74.75,0.0,727.51,298.99,428.52
2023-10-02,Hogar,Silla,Centro,Transferencia,2,123.66,58.72,0.1,222.58,117.45,105.14
2023-10-02,Juguetes,Coche RC,Centro,PayPal,1,74.72,53.61,0.0,74.72,53.61,21.11
2023-10-02,Deportes,Raqueta,Oeste,Tarjeta de Crédito,7,39.23,19.4,0.1,247.13,135.81,111.32
2023-10-02,Hogar,Mesa,Centro,Transferencia,8,216.34,121.83,0.0,1730.68,974.6,756.08
2023-10-02,Hogar,Cama,Sur,Tarjeta de Crédito,10,218.21,124.9,0.05,2073.04,1248.99,824.05
2023-10-02,Deportes,Balón,Sur,PayPal,8,134.55,77.15,0.0,1076.37,617.23,459.14
2023-10-02,Electrónica,Smartphone,Este,PayPal,9,182.54,105.59,0.0,1642.83,950.35,692.48
2023-10-02,Hogar,Lámpara,Norte,Transferencia,7,237.1,128.52,0.2,1327.76,899.65,428.11
2023-10-02,Deportes,Bicicleta,Este,PayPal,3,87.77,44.22,0.15,223.81,132.67,91.14
2023-10-02,Ropa,Pantalón,Sur,PayPal,7,108.76,63.68,0.0,761.3,445.78,315.51
2023-10-02,Hogar,Sofá,Norte,Tarjeta de Crédito,5,21.4,8.91,0.05,101.63,44.53,57.1
2023-10-02,Ropa,Chaqueta,Este,PayPal,9,229.7,109.75,0.0,2067.28,987.77,1079.52
2023-10-02,Ropa,Chaqueta,Este,Efectivo,4,225.04,134.57,0.05,855.15,538.28,316.87
2023-10-03,Deportes,Raqueta,Este,Transferencia,7,68.66,48.78,0.0,480.65,341.45,139.2
2023-10-03,Hogar,Silla,Oeste,PayPal,2,203.07,92.27,0.0,406.13,184.54,221.59
2023-10-03,Deportes,Cinta de correr,Oeste,PayPal,4,12.78,4.52,0.0,51.13,18.08,33.05
2023-10-03,Ropa,Pantalón,Oeste,Efectivo,2,11.97,7.29,0.1,21.55,14.58,6.97
2023-10-03,Juguetes,Lego,Este,Tarjeta de Crédito,10,50.73,27.24,0.0,507.26,272.36,234.9
2023-10-03,Electrónica,Laptop,Este,Transferencia,7,1435.71,872.03,0.0,10049.99,6104.18,3945.81
2023-10-03,Juguetes,Coche RC,Este,PayPal,10,195.17,77.27,0.0,1951.72,772.66,1179.06
2023-10-03,Deportes,Pesas,Centro,Tarjeta de Crédito,4,31.83,13.62,0.0,127.33,54.46,72.87
2023-10-03,Juguetes,Coche RC,Oeste,Efectivo,5,196.74,141.36,0.15,836.13,706.8,129.33
2023-10-03,Electrónica,Laptop,Este,PayPal,6,287.78,150.52,0.0,1726.69,903.11,823.58
2023-10-03,Electrónica,Smartwatch,Este,Tarjeta de Crédito,2,598.56,370.13,0.0,1197.12,740.26,456.86
2023-10-03,Ropa,Camiseta,Oeste,Tarjeta de Crédito,7,162.08,109.21,0.0,1134.59,764.49,370.1
2023-10-03,Deportes,Pesas,Oeste,Efectivo,8,118.29,57.72,0.0,946.35,461.75,484.6
2023-10-03,Ropa,Camiseta,Oeste,Transferencia,10,237.91,140.77,0.0,2379.05,1407.72,971.34
2023-10-03,Ropa,Chaqueta,Oeste,Transferencia,1,78.86,60.18,0.1,70.97,60.18,10.79
2023-10-04,Juguetes,Coche RC,Centro,Efectivo,1,112.35,55.72,0.0,112.35,55.72,56.62
2023-10-04,Hogar,Cama,Centro,Tarjeta de Crédito,3,47.06,25.17,0.0,141.18,75.52,65.66
2023-10-04,Electrónica,Laptop,Este,Efectivo,4,175.21,63.95,0.0,700.83,255.81,445.03
2023-10-04,Deportes,Cinta de correr,Norte,PayPal,6,171.78,70.52,0.0,1030.7,423.12,607.57
2023-10-04,Deportes,Pesas,Este,Tarjeta de Crédito,9,45.38,22.61,0.05,388.0,203.45,184.55
2023-10-04,Deportes,Cinta de correr,Centro,Tarjeta de Crédito,4,49.1,26.07,0.2,157.11,104.29,52.82
2023-10-04,Ropa,Zapatos,Norte,Efectivo,9,246.49,99.8,0.0,2218.43,898.2,1320.23
2023-10-04,Juguetes,Lego,Sur,Transferencia,4,76.01,48.98,0.0,304.02,195.93,108.1
2023-10-04,Deportes,Cinta de correr,Centro,Tarjeta de Crédito,8,187.28,86.46,0.0,1498.26,691.7,806.56
2023-10-04,Deportes,Bicicleta,Oeste,Efectivo,9,213.05,157.46,0.0,1917.46,1417.18,500.29
2023-10-04,Juguetes,Muñeca,Oeste,PayPal,8,68.88,40.38,0.2,440.84,323.06,117.78
2023-10-04,Hogar,Mesa,Oeste,PayPal,2,154.9,89.98,0.0,309.81,179.96,129.84
2023-10-04,Hogar,Lámpara,Sur,Tarjeta de Crédito,6,59.34,26.7,0.1,320.45,160.22,160.23
2023-10-04,Electrónica,Auriculares,Sur,PayPal,4,510.38,327.12,0.05,1939.44,1308.49,630.95
2023-10-04,Juguetes,Peluche,Este,PayPal,1,74.21,40.08,0.1,66.79,40.08,26.71
2023-10-05,Electrónica,Laptop,Este,Transferencia,10,302.66,190.2,0.2,2421.24,1902.02,519.23
2023-10-05,Hogar,Sofá,Norte,Tarjeta de Crédito,5,83.8,36.89,0.2,335.22,184.44,150.78
2023-10-05,Juguetes,Peluche,Centro,Efectivo,9,260.76,164.48,0.0,2346.87,1480.32,866.56
2023-10-05,Hogar,Sofá,Oeste,Efectivo,6,183.78,92.1,0.15,937.28,552.61,384.67
2023-10-05,Juguetes,Puzzle,Oeste,Tarjeta de Crédito,1,302.31,178.26,0.05,287.19,178.26,108.93
2023-10-05,Juguetes,Puzzle,Sur,Efectivo,1,127.53,64.93,0.0,127.53,64.93,62.6
2023-10-05,Juguetes,Peluche,Oeste,Transferencia,6,105.9,49.94,0.0,635.42,299.65,335.77
2023-10-05,Deportes,Bicicleta,Centro,Efectivo,5,236.43,144.92,0.1,1063.93,724.61,339.32
2023-10-05,Deportes,Bicicleta,Centro,Efectivo,1,164.31,76.61,0.1,147.88,76.61,71.27
2023-10-05,Juguetes,Puzzle,Sur,PayPal,10,12.25,5.14,0.2,97.99,51.39,46.59
2023-10-05,Hogar,Lámpara,Sur,Efectivo,3,248.3,99.3,0.0,744.9,297.9,447.0
2023-10-06,Electrónica,Laptop,Centro,Tarjeta de Crédito,9,1040.99,589.77,0.0,9368.88,5307.97,4060.91
2023-10-06,Ropa,Pantalón,Norte,Efectivo,2,200.35,95.19,0.0,400.71,190.38,210.33
2023-10-06,Electrónica,Smartphone,Este,Efectivo,6,457.75,295.46,0.1,2471.86,1772.79,699.07
2023-10-06,Juguetes,Puzzle,Oeste,Tarjeta de Crédito,3,262.69,136.05,0.0,788.06,408.16,379.9
2023-10-06,Deportes,Bicicleta,Sur,Tarjeta de Crédito,8,245.06,142.06,0.05,1862.48,1136.46,726.01
2023-10-06,Juguetes,Peluche,Centro,Transferencia,3,287.96,173.22,0.15,734.29,519.66,214.64
2023-10-06,Juguetes,Lego,Este,Efectivo,8,224.96,111.66,0.05,1709.72,893.28,816.43
2023-10-06,Deportes,Balón,Centro,Efectivo,3,311.89,205.49,0.0,935.66,616.47,319.19
2023-10-06,Electrónica,Auriculares,Norte,Transferencia,3,962.82,533.86,0.0,2888.46,1601.59,1286.87
2023-10-06,Ropa,Pantalón,Oeste,Transferencia,9,305.36,159.26,0.15,2336.04,1433.38,902.65
2023-10-06,Hogar,Sofá,Este,Transferencia,2,207.31,119.58,0.15,352.43,239.17,113.26
2023-10-06,Hogar,Silla,Norte,Transferencia,1,316.2,172.71,0.05,300.39,172.71,127.68
2023-10-06,Electrónica,Auriculares,Este,Tarjeta de Crédito,10,106.74,58.71,0.2,853.88,587.06,266.82
2023-10-06,Deportes,Pesas,Centro,PayPal,3,298.12,193.25,0.05,849.63,579.74,269.89
2023-10-06,Hogar,Silla,Centro,Transferencia,10,286.72,118.03,0.0,2867.17,1180.27,1686.9
2023-10-07,Deportes,Balón,Norte,PayPal,5,76.94,41.29,0.05,365.44,206.45,158.99
2023-10-07,Hogar,Cama,Sur,Transferencia,2,97.34,40.42,0.0,194.67,80.85,113.82
2023-10-07,Ropa,Gorra,Sur,Efectivo,2,39.48,21.68,0.0,78.96,43.36,35.6
2023-10-07,Juguetes,Lego,Norte,Tarjeta de Crédito,6,37.14,19.15,0.0,222.84,114.88,107.97
2023-10-07,Hogar,Lámpara,Este,PayPal,2,164.2,81.09,0.0,328.4,162.18,166.22
2023-10-07,Deportes,Cinta de correr,Este,PayPal,3,229.01,138.29,0.1,618.33,414.86,203.47
2023-10-07,Juguetes,Coche RC,Sur,Tarjeta de Crédito,3,252.56,124.91,0.0,757.68,374.72,382.96
2023-10-07,Electrónica,Laptop,Centro,Tarjeta de Crédito,7,266.65,157.98,0.0,1866.53,1105.85,760.68
2023-10-07,Deportes,Pesas,Oeste,Transferencia,8,50.12,29.48,0.0,400.98,235.8,165.18
2023-10-07,Ropa,Pantalón,Oeste,Efectivo,4,134.3,67.12,0.15,456.61,268.48,188.12
2023-10-07,Electrónica,Auriculares,Norte,PayPal,9,927.81,618.4,0.2,6680.25,5565.63,1114.61
2023-10-07,Hogar,Sofá,Centro,Transferencia,9,251.37,156.91,0.0,2262.35,1412.17,850.18
2023-10-07,Hogar,Sofá,Oeste,Tarjeta de Crédito,10,325.41,121.79,0.05,3091.44,1217.92,1873.52
2023-10-07,Electrónica,Laptop,Sur,PayPal,9,788.3,411.69,0.1,6385.24,3705.2,2680.04
2023-10-07,Juguetes,Peluche,Oeste,Transferencia,8,151.81,79.18,0.2,971.57,633.44,338.12
2023-10-08,Juguetes,Coche RC,Este,Tarjeta de Crédito,2,67.18,40.56,0.05,127.64,81.12,46.52
2023-10-08,Deportes,Raqueta,Oeste,PayPal,5,285.2,122.03,0.05,1354.69,610.17,744.52
2023-10-08,Juguetes,Coche RC,Sur,Transferencia,6,83.71,30.38,0.1,452.06,182.26,269.8
2023-10-08,Deportes,Bicicleta,Centro,PayPal,10,248.09,108.95,0.15,2108.76,1089.54,1019.22
2023-10-08,Hogar,Cama,Oeste,Tarjeta de Crédito,10,257.3,97.8,0.1,2315.69,977.97,1337.72
2023-10-08,Juguetes,Peluche,Centro,Transferencia,10,77.17,45.57,0.1,694.52,455.74,238.78
2023-10-08,Ropa,Zapatos,Sur,Efectivo,2,165.84,78.81,0.15,281.93,157.62,124.31
2023-10-08,Deportes,Cinta de correr,Sur,Transferencia,9,13.99,7.83,0.0,125.95,70.48,55.48
2023-10-08,Hogar,Silla,Norte,Efectivo,2,35.71,18.9,0.0,71.41,37.8,33.61
2023-10-09,Deportes,Pesas,Centro,PayPal,3,253.11,180.82,0.15,645.43,542.45,102.99
2023-10-09,Electrónica,Tablet,Oeste,PayPal,2,1447.92,683.22,0.05,2751.05,1366.44,1384.61
2023-10-09,Ropa,Chaqueta,Sur,PayPal,10,229.78,107.53,0.0,2297.82,1075.28,1222.55
2023-10-09,Hogar,Sofá,Este,Tarjeta de Crédito,8,284.79,160.07,0.05,2164.42,1280.58,883.84
2023-10-09,Electrónica,Auriculares,Oeste,Tarjeta de Crédito,3,402.18,138.36,0.0,1206.53,415.07,791.46
2023-10-09,Hogar,Silla,Centro,Efectivo,5,44.87,33.27,0.15,190.7,166.33,24.36
2023-10-09,Ropa,Camiseta,Centro,PayPal,4,264.25,130.69,0.0,1057.0,522.76,534.25
2023-10-09,Juguetes,Coche RC,Norte,Efectivo,10,98.1,33.29,0.0,981.02,332.86,648.16
2023-10-09,Hogar,Mesa,Este,Efectivo,3,140.09,68.1,0.0,420.28,204.31,215.97
2023-10-09,Juguetes,Coche RC,Centro,PayPal,9,42.05,19.18,0.1,340.58,172.61,167.97
2023-10-09,Electrónica,Smartwatch,Sur,Efectivo,4,1027.82,669.43,0.0,4111.28,2677.74,1433.54
2023-10-09,Hogar,Lámpara,Centro,Tarjeta de Crédito,4,251.64,125.43,0.15,855.57,501.73,353.84
2023-10-09,Electrónica,Tablet,Norte,Efectivo,4,91.15,59.04,0.2,291.68,236.17,55.51
2023-10-09,Ropa,Zapatos,Centro,PayPal,2,225.07,164.96,0.0,450.15,329.92,120.23
2023-10-09,Deportes,Cinta de correr,Oeste,PayPal,9,170.31,122.96,0.2,1226.25,1106.67,119.59
2023-10-10,Juguetes,Muñeca,Centro,Tarjeta de Crédito,6,216.37,136.34,0.15,1103.46,818.05,285.42
2023-10-10,Hogar,Mesa,Este,Transferencia,3,37.14,16.06,0.15,94.7,48.17,46.52
2023-10-10,Ropa,Gorra,Oeste,Tarjeta de Crédito,1,142.85,58.04,0.2,114.28,58.04,56.24
2023-10-10,Hogar,Cama,Sur,PayPal,9,255.13,144.56,0.2,1836.93,1301.03,535.9
2023-10-10,Deportes,Raqueta,Centro,Tarjeta de Crédito,7,154.54,110.57,0.05,1027.67,774.01,253.66
2023-10-10,Juguetes,Peluche,Centro,Transferencia,7,22.34,11.32,0.1,140.73,79.22,61.51
2023-10-10,Juguetes,Coche RC,Sur,Tarjeta de Crédito,2,154.29,72.02,0.2,246.87,144.04,102.83
2023-10-10,Ropa,Camiseta,Sur,Efectivo,1,332.76,137.91,0.0,332.76,137.91,194.85
2023-10-10,Ropa,Chaqueta,Centro,Transferencia,9,44.13,17.12,0.0,397.18,154.09,243.09
2023-10-10,Ropa,Zapatos,Norte,PayPal,6,316.37,158.99,0.1,1708.38,953.93,754.45
2023-10-10,Ropa,Zapatos,Este,PayPal,1,115.57,61.82,0.0,115.57,61.82,53.75
2023-10-10,Hogar,Lámpara,Sur,Transferencia,6,262.38,125.25,0.05,1495.56,751.49,744.07
2023-10-10,Juguetes,Coche RC,Este,PayPal,10,150.45,94.35,0.05,1429.28,943.49,485.79
2023-10-10,Deportes,Balón,Oeste,PayPal,10,73.85,42.04,0.0,738.48,420.36,318.12
2023-10-10,Electrónica,Smartphone,Oeste,Transferencia,9,1182.48,712.82,0.2,8513.83,6415.41,2098.42
2023-10-10,Juguetes,Puzzle,Sur,Efectivo,8,127.47,65.95,0.05,968.77,527.61,441.16
2023-10-10,Electrónica,Smartphone,Oeste,Tarjeta de Crédito,3,1077.28,787.2,0.0,3231.83,2361.6,870.23
2023-10-10,Electrónica,Laptop,Oeste,Transferencia,5,452.39,193.38,0.05,2148.84,966.92,1181.92
2023-10-11,Deportes,Balón,Oeste,PayPal,1,44.0,16.45,0.15,37.4,16.45,20.95
2023-10-11,Hogar,Lámpara,Este,PayPal,7,244.34,168.67,0.05,1624.85,1180.68,444.17
2023-10-11,Ropa,Camiseta,Norte,Efectivo,5,44.02,18.12,0.0,220.1,90.6,129.5
2023-10-11,Juguetes,Puzzle,Sur,Efectivo,1,237.12,149.82,0.2,189.69,149.82,39.87
2023-10-11,Electrónica,Laptop,Centro,Transferencia,3,659.43,298.32,0.05,1879.38,894.95,984.42
2023-10-11,Juguetes,Lego,Oeste,Transferencia,4,143.76,92.86,0.05,546.27,371.43,174.84
2023-10-11,Ropa,Pantalón,Oeste,Efectivo,2,191.57,129.39,0.05,363.98,258.78,105.2
2023-10-11,Hogar,Silla,Oeste,Tarjeta de Crédito,8,268.17,119.85,0.2,1716.3,958.81,757.49
2023-10-11,Ropa,Zapatos,Este,PayPal,9,13.49,8.48,0.05,115.35,76.28,39.07
2023-10-11,Juguetes,Puzzle,Oeste,Transferencia,4,63.1,37.17,0.0,252.4,148.68,103.72
2023-10-11,Hogar,Silla,Centro,Transferencia,7,324.6,170.06,0.0,2272.21,1190.41,1081.8
2023-10-11,Electrónica,Auriculares,Oeste,Tarjeta de Crédito,7,769.87,303.2,0.0,5389.09,2122.42,3266.68
2023-10-11,Juguetes,Peluche,Norte,Efectivo,6,160.51,103.2,0.05,914.89,619.19,295.7
2023-10-11,Deportes,Raqueta,Sur,PayPal,9,189.42,114.57,0.05,1619.5,1031.12,588.38
2023-10-11,Electrónica,Auriculares,Oeste,Tarjeta de Crédito,1,380.65,164.07,0.0,380.65,164.07,216.59
2023-10-11,Deportes,Pesas,Norte,PayPal,10,247.28,153.92,0.15,2101.87,1539.24,562.63
2023-10-11,Deportes,Balón,Centro,PayPal,5,285.71,184.54,0.0,1428.56,922.72,505.84
2023-10-11,Hogar,Cama,Este,Efectivo,6,281.61,166.99,0.0,1689.69,1001.93,687.76
2023-10-11,Juguetes,Lego,Este,Transferencia,3,122.07,83.05,0.0,366.2,249.15,117.05
2023-10-11,Deportes,Raqueta,Sur,PayPal,4,210.2,114.97,0.15,714.68,459.86,254.82
2023-10-11,Electrónica,Auriculares,Norte,PayPal,5,236.53,123.9,0.0,1182.67,619.49,563.19
2023-10-12,Ropa,Gorra,Oeste,Efectivo,6,170.37,71.11,0.0,1022.19,426.68,595.52
2023-10-12,Hogar,Silla,Centro,PayPal,4,163.94,88.89,0.15,557.39,355.57,201.82
2023-10-12,Hogar,Cama,Oeste,Efectivo,10,250.56,126.87,0.15,2129.73,1268.7,861.03
2023-10-12,Juguetes,Lego,Este,Tarjeta de Crédito,3,72.92,45.04,0.0,218.75,135.11,83.64
2023-10-12,Deportes,Bicicleta,Norte,PayPal,10,204.16,125.93,0.15,1735.34,1259.28,476.06
2023-10-12,Deportes,Balón,Este,Transferencia,10,223.93,111.73,0.05,2127.34,1117.3,1010.05
2023-10-12,Electrónica,Smartwatch,Oeste,Tarjeta de Crédito,7,610.09,360.89,0.05,4057.1,2526.2,1530.9
2023-10-12,Ropa,Gorra,Sur,Tarjeta de Crédito,3,39.35,19.78,0.0,118.04,59.34,58.7
2023-10-12,Hogar,Silla,Oeste,Transferencia,10,331.91,174.73,0.15,2821.27,1747.31,1073.97
2023-10-12,Deportes,Pesas,Centro,PayPal,7,257.18,92.16,0.15,1530.22,645.11,885.11
2023-10-13,Hogar,Silla,Norte,Transferencia,3,309.18,124.1,0.0,927.55,372.3,555.25
2023-10-13,Juguetes,Coche RC,Oeste,Efectivo,9,127.68,79.74,0.15,976.71,717.69,259.02
2023-10-13,Ropa,Gorra,Oeste,PayPal,1,207.48,95.83,0.0,207.48,95.83,111.65
2023-10-13,Ropa,Gorra,Sur,Tarjeta de Crédito,5,33.94,22.41,0.05,161.21,112.03,49.18
2023-10-13,Ropa,Gorra,Oeste,PayPal,1,267.95,138.23,0.0,267.95,138.23,129.71
2023-10-13,Juguetes,Coche RC,Oeste,Transferencia,7,122.67,48.57,0.0,858.7,339.96,518.74
2023-10-13,Ropa,Camiseta,Este,Tarjeta de Crédito,5,50.39,30.24,0.2,201.55,151.21,50.34
2023-10-13,Ropa,Camiseta,Centro,PayPal,7,221.08,120.57,0.0,1547.58,843.98,703.6
2023-10-13,Hogar,Sofá,Oeste,PayPal,1,140.22,74.87,0.2,112.18,74.87,37.31
2023-10-13,Ropa,Chaqueta,Sur,PayPal,6,155.92,100.21,0.2,748.43,601.26,147.17
2023-10-13,Juguetes,Lego,Norte,Tarjeta de Crédito,4,267.2,157.61,0.0,1068.8,630.44,438.37
2023-10-13,Juguetes,Peluche,Este,Efectivo,9,88.7,63.79,0.0,798.28,574.1,224.18
2023-10-13,Hogar,Cama,Oeste,PayPal,8,336.91,122.56,0.1,2425.74,980.45,1445.29
2023-10-14,Ropa,Camiseta,Centro,Tarjeta de Crédito,5,267.81,125.26,0.2,1071.26,626.32,444.94
2023-10-14,Juguetes,Puzzle,Oeste,Transferencia,5,118.98,55.24,0.05,565.17,276.19,288.98
2023-10-14,Deportes,Raqueta,Centro,Efectivo,8,230.44,118.05,0.15,1567.01,944.39,622.62
2023-10-14,Deportes,Bicicleta,Norte,Tarjeta de Crédito,4,266.51,198.12,0.1,959.44,792.46,166.98
2023-10-14,Deportes,Balón,Centro,PayPal,5,33.78,21.28,0.0,168.92,106.4,62.51
2023-10-14,Ropa,Pantalón,Oeste,PayPal,10,207.06,128.68,0.0,2070.62,1286.84,783.78
2023-10-14,Hogar,Sofá,Norte,PayPal,2,154.77,101.16,0.0,309.53,202.33,107.2
2023-10-14,Ropa,Pantalón,Sur,Transferencia,7,153.23,58.67,0.15,911.74,410.71,501.03
2023-10-14,Ropa,Camiseta,Oeste,Transferencia,5,199.73,86.0,0.05,948.71,430.0,518.71
2023-10-14,Ropa,Pantalón,Centro,Transferencia,3,303.98,127.72,0.0,911.95,383.15,528.8
2023-10-15,Hogar,Sofá,Este,Efectivo,7,252.76,103.4,0.2,1415.46,723.82,691.64
2023-10-15,Juguetes,Peluche,Sur,Efectivo,2,302.8,164.66,0.15,514.75,329.32,185.43
2023-10-15,Juguetes,Muñeca,Este,PayPal,3,161.88,80.25,0.15,412.8,240.76,172.05
2023-10-15,Juguetes,Muñeca,Este,Efectivo,8,245.07,121.88,0.1,1764.5,975.02,789.48
2023-10-15,Deportes,Balón,Este,PayPal,4,224.09,114.78,0.15,761.9,459.12,302.78
2023-10-15,Hogar,Mesa,Oeste,Transferencia,9,160.72,63.85,0.0,1446.51,574.69,871.83
2023-10-15,Ropa,Zapatos,Oeste,PayPal,1,250.91,102.94,0.0,250.91,102.94,147.97
2023-10-15,Hogar,Silla,Este,PayPal,9,88.06,54.92,0.0,792.57,494.28,298.29
2023-10-15,Deportes,Cinta de correr,Sur,PayPal,4,177.51,71.42,0.0,710.06,285.69,424.37
2023-10-15,Deportes,Pesas,Centro,PayPal,8,301.2,136.2,0.0,2409.58,1089.62,1319.95
2023-10-15,Deportes,Balón,Centro,Tarjeta de Crédito,2,164.01,75.49,0.1,295.22,150.98,144.24
2023-10-15,Juguetes,Puzzle,Norte,Tarjeta de Crédito,1,276.73,119.95,0.0,276.73,119.95,156.78
2023-10-15,Ropa,Chaqueta,Este,Tarjeta de Crédito,1,182.87,87.63,0.1,164.58,87.63,76.95
2023-10-15,Electrónica,Smartphone,Oeste,PayPal,10,103.29,42.81,0.0,1032.9,428.11,604.79
2023-10-15,Electrónica,Smartphone,Este,Tarjeta de Crédito,2,393.04,157.79,0.05,746.78,315.58,431.2
2023-10-15,Deportes,Bicicleta,Sur,Transferencia,2,51.68,29.29,0.15,87.85,58.59,29.26
2023-10-16,Hogar,Mesa,Norte,Efectivo,5,283.91,136.92,0.0,1419.57,684.58,734.99
2023-10-16,Ropa,Camiseta,Sur,PayPal,1,267.23,154.69,0.05,253.87,154.69,99.18
2023-10-16,Hogar,Lámpara,Este,Tarjeta de Crédito,2,116.73,62.17,0.0,233.46,124.35,109.12
2023-10-16,Juguetes,Coche RC,Norte,Tarjeta de Crédito,4,281.37,151.48,0.0,1125.49,605.93,519.56
2023-10-16,Electrónica,Smartwatch,Este,Tarjeta de Crédito,9,1202.17,796.87,0.15,9196.62,7171.86,2024.76
2023-10-16,Juguetes,Lego,Sur,Efectivo,9,132.62,78.71,0.0,1193.62,708.36,485.26
2023-10-16,Deportes,Cinta de correr,Oeste,Efectivo,9,55.05,38.79,0.0,495.42,349.08,146.34
2023-10-16,Ropa,Gorra,Centro,Tarjeta de Crédito,6,45.98,30.71,0.1,248.28,184.26,64.01
2023-10-16,Ropa,Pantalón,Norte,PayPal,5,91.58,51.42,0.05,435.02,257.1,177.91
2023-10-16,Juguetes,Muñeca,Sur,PayPal,3,153.84,58.06,0.15,392.3,174.18,218.12
2023-10-16,Juguetes,Puzzle,Norte,Efectivo,6,321.16,135.02,0.0,1926.94,810.11,1116.83
2023-10-16,Deportes,Balón,Sur,Tarjeta de Crédito,7,14.22,5.54,0.0,99.53,38.76,60.78
2023-10-16,Ropa,Camiseta,Sur,Efectivo,5,69.88,43.81,0.1,314.45,219.05,95.4
2023-10-16,Hogar,Mesa,Este,PayPal,2,115.99,56.83,0.2,185.59,113.65,71.94
2023-10-16,Hogar,Cama,Norte,Transferencia,10,25.72,13.09,0.0,257.15,130.89,126.27
2023-10-16,Hogar,Mesa,Este,Transferencia,2,292.14,118.88,0.0,584.29,237.75,346.53
2023-10-16,Deportes,Cinta de correr,Sur,Transferencia,6,253.3,157.84,0.0,1519.8,947.01,572.79
2023-10-16,Ropa,Pantalón,Este,Transferencia,1,206.75,84.96,0.0,206.75,84.96,121.79
2023-10-16,Deportes,Bicicleta,Oeste,Transferencia,9,238.12,123.95,0.0,2143.08,1115.55,1027.53
2023-10-16,Electrónica,Auriculares,Oeste,Transferencia,10,828.76,549.58,0.0,8287.64,5495.78,2791.86
2023-10-17,Deportes,Cinta de correr,Sur,Tarjeta de Crédito,2,88.5,61.73,0.0,177.0,123.45,53.55
2023-10-17,Deportes,Balón,Sur,Tarjeta de Crédito,7,264.09,156.94,0.15,1571.33,1098.56,472.76
2023-10-17,Hogar,Mesa,Oeste,Efectivo,4,98.57,43.16,0.0,394.27,172.64,221.62
2023-10-17,Juguetes,Peluche,Norte,Tarjeta de Crédito,6,237.55,153.68,0.2,1140.24,922.06,218.17
2023-10-17,Juguetes,Puzzle,Sur,Tarjeta de Crédito,5,178.46,76.89,0.15,758.46,384.45,374.0
2023-10-17,Juguetes,Coche RC,Centro,PayPal,3,124.83,72.08,0.1,337.04,216.23,120.82
2023-10-17,Juguetes,Coche RC,Norte,Efectivo,7,251.21,146.88,0.0,1758.46,1028.19,730.27
2023-10-17,Juguetes,Muñeca,Centro,Tarjeta de Crédito,5,93.86,59.13,0.1,422.38,295.66,126.73
2023-10-17,Deportes,Pesas,Centro,PayPal,6,125.61,73.06,0.0,753.64,438.36,315.27
2023-10-17,Ropa,Zapatos,Norte,Transferencia,10,190.73,86.15,0.0,1907.32,861.51,1045.81
2023-10-17,Juguetes,Puzzle,Sur,Transferencia,2,209.09,119.56,0.1,376.36,239.12,137.23
2023-10-17,Ropa,Camiseta,Este,Efectivo,8,293.38,129.1,0.15,1994.98,1032.8,962.18
2023-10-17,Hogar,Silla,Norte,Transferencia,10,252.72,116.07,0.0,2527.21,1160.67,1366.55
2023-10-17,Deportes,Balón,Sur,Transferencia,2,185.09,125.09,0.0,370.17,250.18,119.99
2023-10-17,Juguetes,Lego,Norte,Tarjeta de Crédito,10,115.19,79.56,0.15,979.14,795.6,183.53
2023-10-18,Ropa,Camiseta,Norte,Tarjeta de Crédito,4,136.0,47.04,0.15,462.4,188.15,274.24
2023-10-18,Electrónica,Smartphone,Oeste,Tarjeta de Crédito,1,431.51,226.84,0.05,409.93,226.84,183.09
2023-10-18,Deportes,Cinta de correr,Norte,Transferencia,8,12.03,4.35,0.15,81.79,34.79,47.0
2023-10-18,Juguetes,Peluche,Norte,Efectivo,9,50.31,23.37,0.2,362.25,210.37,151.88
2023-10-18,Juguetes,Coche RC,Centro,Efectivo,10,210.75,102.39,0.1,1896.73,1023.87,872.86
2023-10-18,Hogar,Sofá,Norte,Tarjeta de Crédito,3,128.99,58.7,0.15,328.94,176.11,152.83
2023-10-18,Deportes,Pesas,Norte,Transferencia,6,123.04,66.14,0.1,664.4,396.87,267.53
2023-10-18,Ropa,Pantalón,Sur,PayPal,2,219.96,92.03,0.0,439.93,184.06,255.87
2023-10-18,Ropa,Chaqueta,Este,Efectivo,2,121.55,54.08,0.0,243.1,108.16,134.94
2023-10-18,Electrónica,Smartwatch,Este,Efectivo,10,807.37,338.52,0.15,6862.61,3385.15,3477.46
2023-10-18,Deportes,Balón,Este,Efectivo,3,208.3,95.08,0.2,499.91,285.23,214.68
2023-10-18,Deportes,Raqueta,Norte,Efectivo,8,168.83,106.58,0.0,1350.65,852.65,498.0
2023-10-18,Juguetes,Peluche,Sur,Transferencia,9,159.82,100.51,0.0,1438.4,904.6,533.81
2023-10-19,Ropa,Gorra,Norte,PayPal,8,81.59,38.25,0.15,554.82,305.96,248.86
2023-10-19,Juguetes,Peluche,Sur,PayPal,5,256.77,115.45,0.0,1283.87,577.25,706.62
2023-10-19,Ropa,Camiseta,Este,PayPal,5,198.32,125.22,0.0,991.59,626.1,365.49
2023-10-19,Hogar,Silla,Oeste,Tarjeta de Crédito,1,19.34,13.42,0.05,18.37,13.42,4.95
2023-10-19,Juguetes,Puzzle,Sur,Tarjeta de Crédito,9,102.18,53.15,0.05,873.63,478.39,395.25
2023-10-19,Ropa,Chaqueta,Oeste,Efectivo,1,47.96,23.32,0.05,45.56,23.32,22.24
2023-10-19,Ropa,Pantalón,Sur,PayPal,10,81.03,49.52,0.0,810.3,495.18,315.12
2023-10-19,Juguetes,Puzzle,Sur,Transferencia,10,196.18,91.18,0.05,1863.67,911.84,951.83
2023-10-19,Electrónica,Tablet,Este,PayPal,9,971.31,489.75,0.0,8741.76,4407.75,4334.01
2023-10-19,Electrónica,Smartphone,Este,Efectivo,9,604.82,303.28,0.0,5443.34,2729.48,2713.86
2023-10-19,Hogar,Silla,Centro,PayPal,9,34.14,21.54,0.0,307.26,193.88,113.38
2023-10-19,Hogar,Cama,Centro,PayPal,10,268.48,178.87,0.0,2684.82,1788.67,896.15
2023-10-20,Electrónica,Smartwatch,Sur,Efectivo,2,51.54,26.35,0.1,92.77,52.71,40.07
2023-10-20,Electrónica,Auriculares,Este,Tarjeta de Crédito,5,1090.16,519.97,0.2,4360.66,2599.86,1760.8
2023-10-20,Ropa,Zapatos,Centro,Efectivo,8,89.53,35.38,0.15,608.78,283.01,325.76
2023-10-20,Hogar,Lámpara,Sur,PayPal,8,272.75,114.39,0.1,1963.78,915.14,1048.64
2023-10-20,Hogar,Mesa,Centro,Tarjeta de Crédito,8,150.91,61.58,0.05,1146.94,492.64,654.3
2023-10-20,Ropa,Gorra,Sur,Transferencia,3,186.54,102.03,0.0,559.62,306.08,253.54
2023-10-20,Hogar,Cama,Oeste,Transferencia,10,49.15,22.11,0.05,466.95,221.09,245.86
2023-10-20,Juguetes,Muñeca,Sur,Efectivo,5,179.55,99.35,0.05,852.88,496.73,356.15
2023-10-20,Hogar,Mesa,Sur,Transferencia,3,268.94,157.19,0.15,685.79,471.58,214.2
2023-10-20,Juguetes,Coche RC,Sur,Tarjeta de Crédito,2,105.4,71.73,0.0,210.8,143.46,67.33
2023-10-20,Ropa,Pantalón,Centro,Transferencia,1,220.05,87.76,0.0,220.05,87.76,132.29
2023-10-20,Juguetes,Lego,Sur,Efectivo,8,253.01,94.43,0.1,1821.7,755.42,1066.28
2023-10-20,Electrónica,Smartphone,Oeste,Efectivo,2,368.7,286.08,0.2,589.92,572.16,17.77
2023-10-20,Ropa,Zapatos,Este,Tarjeta de Crédito,6,265.65,156.53,0.0,1593.92,939.21,654.71
2023-10-20,Electrónica,Tablet,Oeste,Tarjeta de Crédito,10,822.16,512.31,0.15,6988.33,5123.14,1865.19
2023-10-21,Juguetes,Muñeca,Norte,Efectivo,7,192.38,93.24,0.1,1211.97,652.67,559.29
2023-10-21,Ropa,Chaqueta,Sur,Efectivo,2,40.15,21.41,0.05,76.29,42.82,33.46
2023-10-21,Ropa,Gorra,Oeste,Transferencia,10,28.39,16.1,0.15,241.36,161.04,80.32
2023-10-21,Ropa,Camiseta,Norte,Efectivo,5,267.91,144.05,0.2,1071.62,720.24,351.38
2023-10-21,Hogar,Lámpara,Centro,Tarjeta de Crédito,8,166.89,102.34,0.1,1201.64,818.72,382.92
2023-10-21,Deportes,Pesas,Oeste,PayPal,3,95.1,42.71,0.0,285.29,128.12,157.17
2023-10-21,Ropa,Pantalón,Oeste,Efectivo,7,234.17,83.8,0.0,1639.16,586.59,1052.58
2023-10-21,Electrónica,Smartphone,Centro,Efectivo,8,1152.63,392.45,0.0,9221.06,3139.59,6081.47
2023-10-21,Hogar,Mesa,Sur,Tarjeta de Crédito,10,165.1,83.11,0.1,1485.88,831.06,654.82
2023-10-21,Electrónica,Smartwatch,Sur,Transferencia,7,1280.69,495.18,0.0,8964.8,3466.25,5498.55
2023-10-21,Juguetes,Puzzle,Sur,Tarjeta de Crédito,6,236.0,118.84,0.0,1415.99,713.02,702.97
2023-10-21,Juguetes,Puzzle,Sur,Transferencia,8,131.21,70.19,0.2,839.73,561.52,278.22
2023-10-21,Hogar,Sofá,Centro,PayPal,1,121.46,64.77,0.0,121.46,64.77,56.69
2023-10-21,Juguetes,Peluche,Oeste,Efectivo,4,135.19,58.86,0.1,486.67,235.44,251.24
2023-10-21,Juguetes,Lego,Sur,Efectivo,7,118.58,71.02,0.05,788.55,497.11,291.44
2023-10-21,Juguetes,Puzzle,Este,Tarjeta de Crédito,4,161.48,70.5,0.1,581.32,281.99,299.33
2023-10-21,Deportes,Pesas,Centro,Tarjeta de Crédito,4,255.02,133.38,0.2,816.07,533.51,282.56
2023-10-22,Hogar,Silla,Centro,Efectivo,10,205.12,78.7,0.0,2051.21,787.05,1264.16
2023-10-22,Juguetes,Coche RC,Sur,Tarjeta de Crédito,3,314.87,150.13,0.0,944.61,450.4,494.21
2023-10-22,Electrónica,Smartwatch,Oeste,Tarjeta de Crédito,7,1411.76,762.59,0.0,9882.32,5338.12,4544.2
2023-10-22,Ropa,Camiseta,Norte,PayPal,3,20.4,10.26,0.15,52.03,30.78,21.25
2023-10-22,Electrónica,Laptop,Centro,Transferencia,4,1338.77,607.06,0.15,4551.82,2428.22,2123.59
2023-10-22,Hogar,Lámpara,Norte,Transferencia,1,169.9,79.36,0.05,161.4,79.36,82.04
2023-10-22,Deportes,Cinta de correr,Oeste,Tarjeta de Crédito,7,277.4,143.43,0.05,1844.72,1004.03,840.68
2023-10-22,Electrónica,Smartphone,Sur,Efectivo,1,34.11,23.13,0.0,34.11,23.13,10.99
2023-10-22,Hogar,Sofá,Este,PayPal,2,106.45,57.29,0.1,191.61,114.57,77.04
2023-10-22,Deportes,Cinta de correr,Oeste,PayPal,2,69.85,36.46,0.0,139.69,72.93,66.77
2023-10-22,Juguetes,Puzzle,Centro,Efectivo,1,73.76,47.06,0.05,70.07,47.06,23.01
2023-10-22,Electrónica,Smartphone,Norte,Efectivo,7,405.2,164.71,0.15,2410.95,1152.94,1258.0
2023-10-22,Electrónica,Laptop,Centro,Transferencia,4,270.01,109.8,0.0,1080.05,439.19,640.86
2023-10-23,Hogar,Silla,Sur,Efectivo,1,244.26,85.45,0.0,244.26,85.45,158.81
2023-10-23,Electrónica,Smartwatch,Sur,PayPal,5,1635.01,870.62,0.1,7357.54,4353.1,3004.44
2023-10-23,Juguetes,Coche RC,Este,Efectivo,5,235.83,160.65,0.1,1061.22,803.27,257.95
2023-10-23,Electrónica,Smartwatch,Sur,PayPal,6,56.2,30.61,0.0,337.23,183.68,153.54
2023-10-23,Deportes,Raqueta,Centro,Tarjeta de Crédito,6,167.2,74.48,0.0,1003.2,446.89,556.31
2023-10-23,Hogar,Silla,Oeste,PayPal,8,63.95,29.69,0.0,511.6,237.53,274.07
2023-10-23,Juguetes,Peluche,Sur,Tarjeta de Crédito,2,20.55,10.9,0.15,34.94,21.8,13.14
2023-10-23,Ropa,Pantalón,Centro,Efectivo,6,252.18,122.56,0.0,1513.05,735.37,777.68
2023-10-23,Electrónica,Smartwatch,Sur,Tarjeta de Crédito,8,965.89,370.97,0.05,7340.76,2967.76,4373.0
2023-10-23,Ropa,Pantalón,Sur,Efectivo,4,206.07,131.29,0.1,741.86,525.14,216.72
2023-10-23,Hogar,Cama,Norte,PayPal,3,84.77,44.04,0.15,216.17,132.11,84.05
2023-10-23,Electrónica,Auriculares,Sur,Tarjeta de Crédito,1,525.18,278.88,0.15,446.4,278.88,167.52
2023-10-23,Hogar,Cama,Oeste,PayPal,1,176.63,92.33,0.15,150.14,92.33,57.81
2023-10-23,Electrónica,Smartwatch,Sur,Tarjeta de Crédito,3,271.94,147.73,0.1,734.25,443.19,291.06
2023-10-23,Ropa,Pantalón,Sur,Tarjeta de Crédito,8,187.78,133.74,0.15,1276.88,1069.93,206.95
2023-10-23,Juguetes,Lego,Oeste,Tarjeta de Crédito,9,220.73,120.64,0.1,1787.93,1085.8,702.13
2023-10-23,Electrónica,Laptop,Oeste,Tarjeta de Crédito,8,891.14,403.05,0.0,7129.16,3224.36,3904.79
2023-10-24,Electrónica,Tablet,Oeste,Tarjeta de Crédito,8,585.7,341.96,0.2,3748.51,2735.72,1012.79
2023-10-24,Hogar,Sofá,Sur,Transferencia,4,128.21,61.46,0.15,435.9,245.82,190.08
2023-10-24,Electrónica,Laptop,Oeste,PayPal,10,976.49,468.58,0.0,9764.87,4685.81,5079.06
2023-10-24,Deportes,Bicicleta,Este,Transferencia,9,79.17,29.73,0.0,712.57,267.61,444.95
2023-10-24,Electrónica,Laptop,Centro,Transferencia,7,1120.87,569.58,0.1,7061.47,3987.07,3074.39
2023-10-24,Hogar,Sofá,Centro,Tarjeta de Crédito,6,278.03,187.55,0.0,1668.19,1125.28,542.92
2023-10-24,Ropa,Camiseta,Este,Tarjeta de Crédito,8,178.55,99.59,0.1,1285.59,796.72,488.87
2023-10-24,Deportes,Cinta de correr,Centro,Transferencia,6,174.07,84.96,0.1,939.97,509.75,430.22
2023-10-24,Deportes,Cinta de correr,Este,Tarjeta de Crédito,10,260.0,175.9,0.05,2469.99,1758.99,711.0
2023-10-24,Hogar,Mesa,Centro,Tarjeta de Crédito,3,280.54,126.52,0.15,715.38,379.56,335.82
2023-10-25,Hogar,Cama,Este,Efectivo,10,253.38,128.21,0.2,2027.06,1282.11,744.95
2023-10-25,Hogar,Mesa,Oeste,PayPal,6,228.92,141.29,0.0,1373.5,847.73,525.78
2023-10-25,Deportes,Bicicleta,Oeste,Transferencia,6,51.91,29.97,0.05,295.88,179.84,116.04
2023-10-25,Juguetes,Coche RC,Oeste,PayPal,4,256.94,148.07,0.0,1027.77,592.27,435.5
2023-10-25,Hogar,Sofá,Centro,Tarjeta de Crédito,7,145.53,61.96,0.2,814.95,433.69,381.26
2023-10-25,Deportes,Bicicleta,Este,Transferencia,4,244.75,164.33,0.1,881.11,657.32,223.79
2023-10-25,Juguetes,Coche RC,Centro,PayPal,5,203.49,98.71,0.1,915.71,493.54,422.17
2023-10-25,Hogar,Silla,Oeste,Efectivo,3,61.37,32.14,0.0,184.11,96.43,87.68
2023-10-25,Electrónica,Smartphone,Oeste,Tarjeta de Crédito,6,631.26,267.49,0.15,3219.43,1604.96,1614.47
2023-10-26,Electrónica,Auriculares,Sur,Efectivo,3,963.06,538.32,0.0,2889.19,1614.96,1274.24
2023-10-26,Deportes,Raqueta,Sur,Transferencia,10,146.43,90.75,0.1,1317.89,907.5,410.39
2023-10-26,Electrónica,Smartwatch,Norte,Transferencia,5,1418.69,611.19,0.05,6738.78,3055.96,3682.82
2023-10-26,Deportes,Pesas,Norte,Tarjeta de Crédito,3,247.93,135.32,0.0,743.79,405.95,337.84
2023-10-26,Electrónica,Smartwatch,Este,Tarjeta de Crédito,5,1645.12,1004.17,0.0,8225.61,5020.87,3204.73
2023-10-26,Hogar,Lámpara,Este,Tarjeta de Crédito,1,93.53,46.21,0.0,93.53,46.21,47.33
2023-10-26,Deportes,Bicicleta,Este,Transferencia,9,166.45,85.7,0.2,1198.46,771.26,427.2
2023-10-26,Deportes,Bicicleta,Centro,Transferencia,1,306.09,117.0,0.15,260.17,117.0,143.17
2023-10-26,Juguetes,Lego,Sur,Tarjeta de Crédito,2,237.52,138.52,0.05,451.28,277.03,174.25
2023-10-26,Hogar,Silla,Este,Efectivo,8,117.63,73.27,0.15,799.9,586.19,213.71
2023-10-26,Electrónica,Laptop,Oeste,Efectivo,5,1117.0,568.91,0.0,5585.01,2844.56,2740.44
2023-10-26,Ropa,Gorra,Sur,Transferencia,7,247.06,112.4,0.2,1383.52,786.77,596.76
2023-10-26,Hogar,Lámpara,Norte,Transferencia,2,50.82,26.1,0.15,86.4,52.2,34.19
2023-10-26,Ropa,Camiseta,Norte,Tarjeta de Crédito,8,298.85,151.34,0.05,2271.24,1210.68,1060.56
2023-10-26,Hogar,Lámpara,Centro,Efectivo,2,224.47,99.27,0.2,359.15,198.54,160.61
2023-10-27,Juguetes,Peluche,Norte,Transferencia,1,59.42,25.4,0.15,50.51,25.4,25.11
2023-10-27,Ropa,Camiseta,Sur,Efectivo,3,111.96,66.45,0.05,319.09,199.36,119.72
2023-10-27,Ropa,Zapatos,Sur,Tarjeta de Crédito,3,86.35,63.85,0.05,246.11,191.54,54.57
2023-10-27,Deportes,Bicicleta,Centro,Efectivo,9,222.59,110.47,0.2,1602.67,994.23,608.44
2023-10-27,Juguetes,Coche RC,Norte,PayPal,7,118.22,72.48,0.0,827.53,507.37,320.15
2023-10-27,Deportes,Bicicleta,Oeste,Tarjeta de Crédito,5,336.92,161.45,0.05,1600.38,807.24,793.13
2023-10-27,Hogar,Silla,Sur,Efectivo,4,56.8,34.13,0.0,227.2,136.5,90.69
2023-10-27,Ropa,Camiseta,Este,Transferencia,6,107.29,67.31,0.05,611.56,403.83,207.73
2023-10-27,Juguetes,Coche RC,Sur,PayPal,3,73.97,30.02,0.2,177.53,90.07,87.45
2023-10-27,Deportes,Raqueta,Centro,Efectivo,7,70.56,29.64,0.0,493.93,207.45,286.47
2023-10-27,Hogar,Cama,Oeste,Efectivo,8,312.55,174.56,0.0,2500.37,1396.51,1103.86
2023-10-27,Electrónica,Tablet,Norte,Efectivo,7,1434.2,758.13,0.0,10039.43,5306.92,4732.52
2023-10-28,Ropa,Gorra,Centro,PayPal,1,273.58,143.07,0.1,246.22,143.07,103.15
2023-10-28,Ropa,Zapatos,Centro,Efectivo,6,333.96,151.04,0.0,2003.74,906.24,1097.5
2023-10-28,Juguetes,Muñeca,Sur,Tarjeta de Crédito,10,107.13,54.46,0.0,1071.3,544.63,526.67
2023-10-28,Juguetes,Muñeca,Norte,Transferencia,2,219.11,121.08,0.1,394.4,242.15,152.25
2023-10-28,Juguetes,Puzzle,Este,PayPal,4,19.47,9.53,0.2,62.29,38.1,24.19
2023-10-28,Hogar,Lámpara,Norte,Tarjeta de Crédito,3,287.39,157.81,0.05,819.07,473.43,345.65
2023-10-28,Hogar,Mesa,Norte,Tarjeta de Crédito,7,16.96,6.12,0.0,118.73,42.83,75.89
2023-10-28,Deportes,Raqueta,Oeste,PayPal,6,130.9,70.79,0.0,785.4,424.77,360.63
2023-10-28,Ropa,Zapatos,Centro,Tarjeta de Crédito,9,193.48,127.42,0.0,1741.28,1146.74,594.55
2023-10-28,Hogar,Sofá,Centro,Efectivo,10,121.75,53.63,0.15,1034.89,536.29,498.6
2023-10-28,Juguetes,Lego,Norte,Efectivo,8,269.41,141.5,0.0,2155.26,1131.96,1023.3
2023-10-28,Ropa,Zapatos,Sur,PayPal,8,188.33,110.12,0.05,1431.33,880.97,550.36
2023-10-28,Ropa,Camiseta,Sur,Efectivo,9,143.43,67.19,0.0,1290.85,604.75,686.1
2023-10-28,Hogar,Silla,Oeste,PayPal,1,293.77,135.07,0.2,235.02,135.07,99.95
2023-10-28,Deportes,Pesas,Norte,Tarjeta de Crédito,10,153.09,64.5,0.0,1530.89,645.02,885.87
2023-10-28,Ropa,Chaqueta,Sur,Transferencia,5,265.9,124.02,0.1,1196.56,620.08,576.48
2023-10-28,Ropa,Chaqueta,Centro,Efectivo,1,26.73,16.1,0.0,26.73,16.1,10.63
2023-10-28,Electrónica,Laptop,Oeste,Efectivo,8,105.85,67.21,0.05,804.45,537.65,266.8
2023-10-29,Ropa,Gorra,Este,Tarjeta de Crédito,5,177.04,108.03,0.2,708.17,540.16,168.01
2023-10-29,Hogar,Mesa,Norte,Efectivo,1,161.28,94.15,0.2,129.02,94.15,34.87
2023-10-29,Electrónica,Smartwatch,Este,Efectivo,5,709.19,495.73,0.1,3191.35,2478.67,712.68
2023-10-29,Juguetes,Lego,Centro,Efectivo,8,216.6,144.34,0.0,1732.79,1154.69,578.11
2023-10-29,Electrónica,Smartphone,Sur,Efectivo,7,833.79,471.4,0.0,5836.53,3299.78,2536.76
2023-10-29,Hogar,Sofá,Centro,Tarjeta de Crédito,7,199.34,98.23,0.15,1186.08,687.63,498.46
2023-10-29,Electrónica,Smartwatch,Este,Tarjeta de Crédito,1,1437.92,609.22,0.05,1366.02,609.22,756.8
2023-10-29,Deportes,Balón,Centro,Efectivo,6,158.09,94.48,0.0,948.54,566.87,381.68
2023-10-29,Deportes,Balón,Oeste,Transferencia,2,55.8,33.04,0.15,94.86,66.09,28.77
2023-10-29,Ropa,Gorra,Centro,Efectivo,6,316.2,129.79,0.1,1707.5,778.73,928.77
2023-10-29,Ropa,Zapatos,Norte,Tarjeta de Crédito,1,272.64,157.77,0.05,259.01,157.77,101.24
2023-10-29,Hogar,Cama,Este,Efectivo,5,238.12,153.85,0.1,1071.53,769.23,302.3
2023-10-29,Deportes,Raqueta,Norte,Tarjeta de Crédito,4,209.69,113.41,0.15,712.96,453.66,259.31
2023-10-29,Hogar,Cama,Centro,Efectivo,3,86.78,31.26,0.0,260.34,93.78,166.57
2023-10-29,Deportes,Bicicleta,Oeste,Transferencia,1,37.56,22.25,0.0,37.56,22.25,15.31
2023-10-29,Ropa,Camiseta,Oeste,Efectivo,7,265.83,133.59,0.0,1860.79,935.12,925.67
2023-10-30,Juguetes,Muñeca,Este,PayPal,1,294.49,139.0,0.0,294.49,139.0,155.49
2023-10-30,Deportes,Pesas,Oeste,Tarjeta de Crédito,7,112.06,82.23,0.1,705.99,575.64,130.35
2023-10-30,Deportes,Cinta de correr,Sur,PayPal,3,243.42,95.63,0.1,657.23,286.89,370.34
2023-10-30,Deportes,Raqueta,Sur,Tarjeta de Crédito,1,160.05,108.6,0.2,128.04,108.6,19.45
2023-10-30,Deportes,Bicicleta,Sur,Efectivo,6,109.62,63.34,0.05,624.83,380.03,244.81
2023-10-30,Juguetes,Peluche,Norte,Efectivo,7,257.22,147.27,0.2,1440.43,1030.88,409.55
2023-10-30,Juguetes,Lego,Norte,Tarjeta de Crédito,6,29.62,19.05,0.2,142.17,114.27,27.9
2023-10-30,Ropa,Gorra,Sur,Tarjeta de Crédito,1,291.97,160.69,0.0,291.97,160.69,131.28
2023-10-31,Hogar,Lámpara,Sur,Tarjeta de Crédito,5,87.02,53.06,0.2,348.06,265.32,82.75
2023-10-31,Juguetes,Muñeca,Centro,Efectivo,6,109.22,61.96,0.2,524.25,371.77,152.48
2023-10-31,Juguetes,Puzzle,Centro,Efectivo,1,355.85,187.24,0.0,355.85,187.24,168.62
2023-10-31,Deportes,Bicicleta,Norte,Transferencia,5,37.29,14.91,0.0,186.45,74.53,111.92
2023-10-31,Electrónica,Tablet,Norte,PayPal,7,1560.88,817.79,0.05,10379.85,5724.53,4655.31
2023-10-31,Deportes,Cinta de correr,Oeste,Tarjeta de Crédito,4,342.03,198.18,0.0,1368.12,792.7,575.42
2023-10-31,Hogar,Lámpara,Oeste,PayPal,9,268.66,118.51,0.05,2297.02,1066.56,1230.47
2023-10-31,Juguetes,Coche RC,Centro,Transferencia,4,124.93,76.14,0.15,424.76,304.57,120.2
2023-10-31,Hogar,Mesa,Este,Efectivo,2,60.94,35.03,0.0,121.89,70.06,51.83
2023-10-31,Ropa,Zapatos,Este,Transferencia,4,217.98,153.72,0.0,871.94,614.9,257.04
2023-10-31,Deportes,Balón,Sur,Transferencia,4,167.02,96.12,0.15,567.88,384.49,183.39
2023-10-31,Deportes,Pesas,Sur,Transferencia,9,261.51,124.45,0.05,2235.9,1120.04,1115.86
2023-11-01,Electrónica,Auriculares,Centro,PayPal,2,759.13,273.75,0.05,1442.35,547.49,894.86
2023-11-01,Hogar,Sofá,Oeste,Tarjeta de Crédito,10,237.99,114.87,0.1,2141.87,1148.65,993.22
2023-11-01,Hogar,Lámpara,Sur,Transferencia,3,293.82,122.85,0.2,705.18,368.54,336.64
2023-11-01,Ropa,Pantalón,Sur,Transferencia,5,235.41,153.17,0.0,1177.07,765.83,411.24
2023-11-01,Deportes,Balón,Oeste,Efectivo,2,113.65,67.61,0.2,181.84,135.21,46.63
2023-11-01,Electrónica,Tablet,Sur,Efectivo,7,1193.28,593.8,0.2,6682.38,4156.57,2525.81
2023-11-01,Ropa,Pantalón,Norte,Transferencia,10,254.75,135.99,0.0,2547.49,1359.89,1187.61
2023-11-01,Juguetes,Puzzle,Centro,Tarjeta de Crédito,3,265.69,154.7,0.0,797.06,464.09,332.97
2023-11-01,Juguetes,Lego,Este,Efectivo,10,188.37,140.27,0.0,1883.69,1402.73,480.95
2023-11-01,Deportes,Pesas,Este,Tarjeta de Crédito,10,298.25,116.13,0.0,2982.46,1161.27,1821.18
2023-11-01,Juguetes,Puzzle,Norte,Efectivo,2,230.03,100.45,0.0,460.07,200.9,259.17
2023-11-01,Deportes,Balón,Centro,Efectivo,7,86.81,43.05,0.2,486.15,301.33,184.82
2023-11-01,Electrónica,Laptop,Oeste,Efectivo,2,91.05,33.99,0.1,163.88,67.97,95.91
2023-11-01,Deportes,Bicicleta,Oeste,Efectivo,6,154.6,85.05,0.0,927.59,510.32,417.26
2023-11-01,Hogar,Cama,Centro,PayPal,3,149.67,65.18,0.05,426.55,195.55,231.0
2023-11-01,Deportes,Raqueta,Centro,Efectivo,6,236.65,108.52,0.15,1206.93,651.14,555.79
2023-11-01,Juguetes,Muñeca,Oeste,Efectivo,6,130.18,61.82,0.15,663.93,370.92,293.01
2023-11-01,Hogar,Sofá,Sur,PayPal,3,58.35,22.92,0.0,175.04,68.76,106.28
2023-11-02,Juguetes,Lego,Este,Efectivo,5,282.1,181.58,0.2,1128.41,907.9,220.5
2023-11-02,Hogar,Silla,Oeste,Transferencia,8,85.35,49.44,0.2,546.26,395.55,150.71
2023-11-02,Deportes,Bicicleta,Oeste,Tarjeta de Crédito,3,120.68,53.42,0.05,343.95,160.25,183.7
2023-11-02,Juguetes,Puzzle,Sur,Tarjeta de Crédito,5,64.03,26.33,0.0,320.16,131.67,188.48
2023-11-02,Electrónica,Smartwatch,Centro,Efectivo,7,282.4,169.22,0.1,1779.09,1184.51,594.58
2023-11-02,Electrónica,Tablet,Este,Tarjeta de Crédito,3,1394.07,862.34,0.05,3973.09,2587.02,1386.07
2023-11-02,Deportes,Raqueta,Este,Transferencia,7,262.45,160.46,0.15,1561.56,1123.25,438.31
2023-11-02,Hogar,Cama,Centro,PayPal,8,35.16,18.92,0.0,281.28,151.37,129.9
2023-11-02,Electrónica,Smartwatch,Norte,Tarjeta de Crédito,4,1090.8,513.27,0.0,4363.19,2053.09,2310.1
2023-11-02,Electrónica,Tablet,Sur,PayPal,4,1578.98,950.98,0.0,6315.92,3803.92,2511.99
2023-11-02,Juguetes,Muñeca,Este,Transferencia,1,155.14,79.98,0.0,155.14,79.98,75.16
2023-11-02,Electrónica,Smartwatch,Norte,Transferencia,9,405.03,170.35,0.0,3645.29,1533.13,2112.16
2023-11-02,Juguetes,Puzzle,Sur,PayPal,2,227.98,98.89,0.0,455.96,197.78,258.18
2023-11-02,Hogar,Silla,Sur,Tarjeta de Crédito,6,262.16,149.54,0.1,1415.64,897.22,518.42
2023-11-02,Deportes,Balón,Este,Efectivo,9,159.9,79.53,0.05,1367.17,715.79,651.37
2023-11-02,Electrónica,Tablet,Norte,Efectivo,10,1055.76,614.5,0.05,10029.75,6144.98,3884.77
2023-11-02,Deportes,Pesas,Oeste,Efectivo,1,292.47,154.12,0.05,277.85,154.12,123.73
2023-11-02,Hogar,Cama,Oeste,PayPal,8,231.25,109.0,0.0,1850.03,871.98,978.06
2023-11-02,Ropa,Chaqueta,Sur,PayPal,7,95.38,61.2,0.0,667.66,428.42,239.24
2023-11-02,Ropa,Pantalón,Norte,Transferencia,8,77.54,39.5,0.1,558.31,315.96,242.35
2023-11-02,Juguetes,Muñeca,Sur,Transferencia,3,142.48,75.64,0.0,427.43,226.91,200.52
2023-11-03,Deportes,Raqueta,Este,Transferencia,10,18.33,10.19,0.0,183.26,101.9,81.36
2023-11-03,Ropa,Chaqueta,Sur,Efectivo,8,191.92,71.36,0.2,1228.3,570.89,657.41
2023-11-03,Electrónica,Tablet,Centro,Efectivo,3,776.08,316.33,0.0,2328.24,948.99,1379.25
2023-11-03,Ropa,Pantalón,Norte,Tarjeta de Crédito,4,56.34,22.57,0.05,214.11,90.29,123.82
2023-11-03,Juguetes,Peluche,Norte,Efectivo,6,194.34,85.29,0.0,1166.04,511.76,654.28
2023-11-03,Electrónica,Smartwatch,Sur,Efectivo,8,1310.9,533.16,0.0,10487.21,4265.32,6221.89
2023-11-03,Juguetes,Peluche,Centro,Efectivo,7,228.29,100.2,0.0,1598.05,701.42,896.63
2023-11-03,Deportes,Balón,Norte,Tarjeta de Crédito,4,182.99,87.95,0.0,731.95,351.8,380.15
2023-11-03,Electrónica,Smartphone,Norte,Transferencia,10,1463.98,754.37,0.15,12443.82,7543.68,4900.15
2023-11-04,Electrónica,Smartphone,Sur,Transferencia,4,127.59,66.8,0.2,408.3,267.19,141.11
2023-11-04,Ropa,Pantalón,Centro,Transferencia,8,130.38,61.37,0.05,990.92,490.97,499.95
2023-11-04,Deportes,Balón,Este,Tarjeta de Crédito,5,237.65,98.95,0.2,950.59,494.76,455.83
2023-11-04,Ropa,Camiseta,Sur,PayPal,3,11.82,7.89,0.2,28.36,23.68,4.69
2023-11-04,Juguetes,Muñeca,Centro,Transferencia,9,252.34,159.64,0.05,2157.52,1436.74,720.78
2023-11-04,Deportes,Pesas,Sur,Transferencia,3,68.76,37.55,0.05,195.98,112.65,83.33
2023-11-04,Electrónica,Smartphone,Norte,Transferencia,4,1604.81,993.1,0.2,5135.39,3972.4,1162.99
2023-11-05,Ropa,Zapatos,Norte,Tarjeta de Crédito,8,252.88,149.84,0.05,1921.85,1198.68,723.17
2023-11-05,Electrónica,Smartphone,Sur,Transferencia,3,1153.08,728.58,0.15,2940.36,2185.73,754.63
2023-11-05,Hogar,Silla,Este,Efectivo,3,123.95,60.34,0.0,371.86,181.02,190.84
2023-11-05,Electrónica,Auriculares,Norte,PayPal,4,461.05,229.18,0.15,1567.58,916.71,650.87
2023-11-05,Hogar,Mesa,Norte,Efectivo,9,282.84,159.86,0.2,2036.45,1438.77,597.68
2023-11-05,Hogar,Silla,Norte,Transferencia,6,315.19,187.44,0.15,1607.49,1124.66,482.82
2023-11-05,Hogar,Silla,Sur,Transferencia,2,116.01,51.22,0.1,208.81,102.45,106.37
2023-11-05,Electrónica,Laptop,Centro,Efectivo,3,763.41,280.19,0.05,2175.71,840.58,1335.13
2023-11-05,Juguetes,Coche RC,Centro,Efectivo,5,72.12,47.96,0.05,342.59,239.82,102.77
2023-11-05,Ropa,Chaqueta,Este,Tarjeta de Crédito,1,33.04,17.27,0.05,31.38,17.27,14.11
2023-11-05,Juguetes,Muñeca,Oeste,PayPal,4,270.25,148.47,0.0,1081.01,593.87,487.14
2023-11-05,Hogar,Lámpara,Sur,Efectivo,10,23.9,11.04,0.2,191.23,110.45,80.78
2023-11-05,Juguetes,Coche RC,Sur,PayPal,7,21.51,10.47,0.15,128.0,73.28,54.73
2023-11-06,Juguetes,Muñeca,Centro,PayPal,1,237.46,109.65,0.05,225.59,109.65,115.94
2023-11-06,Ropa,Gorra,Norte,Transferencia,7,204.01,128.46,0.15,1213.87,899.23,314.64
2023-11-06,Juguetes,Puzzle,Centro,PayPal,1,192.0,99.97,0.05,182.4,99.97,82.42
2023-11-06,Ropa,Gorra,Oeste,Efectivo,9,64.57,30.89,0.15,493.95,277.99,215.96
2023-11-06,Hogar,Cama,Oeste,Efectivo,5,231.14,110.65,0.2,924.55,553.27,371.28
2023-11-06,Ropa,Gorra,Sur,Transferencia,2,260.06,137.7,0.2,416.1,275.39,140.71
2023-11-06,Ropa,Pantalón,Este,Tarjeta de Crédito,1,245.64,126.82,0.2,196.51,126.82,69.69
2023-11-06,Electrónica,Auriculares,Oeste,Tarjeta de Crédito,1,503.34,245.84,0.0,503.34,245.84,257.5
2023-11-06,Electrónica,Laptop,Norte,Efectivo,10,1419.53,775.3,0.05,13485.56,7752.99,5732.57
2023-11-06,Hogar,Mesa,Este,Efectivo,10,255.14,108.53,0.2,2041.11,1085.31,955.8
2023-11-06,Hogar,Cama,Norte,Tarjeta de Crédito,3,19.16,9.45,0.15,48.85,28.36,20.49
2023-11-06,Juguetes,Peluche,Oeste,Transferencia,2,257.93,142.46,0.2,412.69,284.91,127.78
2023-11-07,Deportes,Balón,Sur,PayPal,9,294.4,149.31,0.2,2119.68,1343.83,775.85
2023-11-07,Juguetes,Puzzle,Oeste,Tarjeta de Crédito,6,41.34,22.87,0.0,248.01,137.22,110.79
2023-11-07,Hogar,Mesa,Norte,Efectivo,7,58.49,27.19,0.05,388.98,190.32,198.66
2023-11-07,Electrónica,Tablet,Norte,Tarjeta de Crédito,7,663.41,436.83,0.2,3715.11,3057.79,657.32
2023-11-07,Ropa,Gorra,Centro,Efectivo,2,72.41,42.42,0.15,123.1,84.85,38.25
2023-11-07,Juguetes,Puzzle,Sur,Efectivo,4,132.79,76.75,0.2,424.93,306.99,117.94
2023-11-07,Hogar,Lámpara,Este,Tarjeta de Crédito,5,21.99,11.12,0.15,93.46,55.6,37.86
2023-11-07,Hogar,Sofá,Oeste,PayPal,9,274.09,127.52,0.1,2220.11,1147.66,1072.45
2023-11-07,Ropa,Pantalón,Centro,Efectivo,3,145.4,85.89,0.2,348.95,257.66,91.29
2023-11-07,Electrónica,Smartphone,Sur,Efectivo,2,1243.06,743.07,0.1,2237.51,1486.15,751.37
2023-11-07,Ropa,Pantalón,Este,PayPal,5,73.64,45.25,0.1,331.37,226.23,105.13
2023-11-07,Juguetes,Coche RC,Norte,Efectivo,5,235.1,141.72,0.0,1175.49,708.6,466.89
2023-11-07,Electrónica,Smartphone,Este,Tarjeta de Crédito,1,1169.02,537.26,0.0,1169.02,537.26,631.76
2023-11-07,Deportes,Balón,Centro,PayPal,10,301.36,191.71,0.0,3013.58,1917.11,1096.47
2023-11-07,Deportes,Pesas,Centro,PayPal,6,91.26,52.27,0.05,520.17,313.64,206.53
2023-11-08,Juguetes,Coche RC,Norte,PayPal,7,91.19,38.7,0.15,542.58,270.9,271.68
2023-11-08,Deportes,Bicicleta,Sur,Transferencia,5,84.78,59.87,0.0,423.9,299.33,124.57
2023-11-08,Hogar,Sofá,Centro,PayPal,6,158.89,69.0,0.0,953.33,413.99,539.34
2023-11-08,Ropa,Chaqueta,Centro,Transferencia,5,130.33,53.17,0.0,651.63,265.84,385.79
2023-11-08,Ropa,Zapatos,Norte,Transferencia,2,181.78,93.41,0.2,290.84,186.82,104.02
2023-11-08,Juguetes,Peluche,Este,PayPal,4,184.37,110.9,0.15,626.85,443.61,183.24
2023-11-08,Juguetes,Lego,Centro,Tarjeta de Crédito,8,205.33,123.09,0.15,1396.24,984.75,411.5
2023-11-08,Electrónica,Smartphone,Centro,Tarjeta de Crédito,2,648.81,296.08,0.0,1297.62,592.16,705.46
2023-11-08,Juguetes,Puzzle,Sur,Transferencia,3,305.34,153.24,0.0,916.02,459.72,456.3
2023-11-08,Deportes,Raqueta,Este,Transferencia,9,161.03,75.82,0.1,1304.37,682.41,621.97
2023-11-08,Deportes,Balón,Norte,Tarjeta de Crédito,4,199.16,133.15,0.0,796.63,532.6,264.02
2023-11-08,Deportes,Bicicleta,Sur,Efectivo,9,119.99,58.88,0.0,1079.93,529.89,550.04
2023-11-08,Ropa,Gorra,Sur,Efectivo,4,240.09,123.64,0.1,864.31,494.56,369.76
2023-11-08,Juguetes,Coche RC,Norte,PayPal,5,232.88,157.19,0.1,1047.95,785.94,262.02
2023-11-09,Hogar,Mesa,Norte,PayPal,2,92.44,44.07,0.2,147.9,88.13,59.77
2023-11-09,Ropa,Pantalón,Centro,Transferencia,3,11.91,5.76,0.15,30.36,17.27,13.09
2023-11-09,Hogar,Sofá,Centro,Efectivo,8,63.19,26.46,0.0,505.54,211.71,293.84
2023-11-09,Electrónica,Laptop,Norte,PayPal,2,400.59,199.55,0.0,801.19,399.09,402.09
2023-11-09,Electrónica,Smartphone,Oeste,Transferencia,2,1028.47,467.54,0.0,2056.95,935.07,1121.87
2023-11-09,Juguetes,Muñeca,Sur,Efectivo,5,289.03,156.63,0.2,1156.11,783.15,372.96
2023-11-09,Juguetes,Coche RC,Norte,Transferencia,1,172.56,66.9,0.05,163.93,66.9,97.03
2023-11-09,Hogar,Cama,Este,Efectivo,8,267.39,132.51,0.2,1711.31,1060.05,651.26
2023-11-09,Hogar,Lámpara,Norte,Transferencia,10,97.46,43.17,0.15,828.4,431.7,396.7
2023-11-09,Juguetes,Puzzle,Centro,Transferencia,8,128.24,55.3,0.0,1025.92,442.43,583.49
2023-11-09,Hogar,Cama,Sur,PayPal,6,207.87,113.92,0.2,997.79,683.54,314.25
2023-11-09,Ropa,Zapatos,Sur,Transferencia,8,95.01,40.6,0.1,684.04,324.8,359.24
2023-11-09,Ropa,Gorra,Sur,PayPal,5,41.4,18.05,0.0,207.0,90.26,116.74
2023-11-09,Ropa,Zapatos,Centro,Efectivo,6,111.62,56.23,0.05,636.23,337.38,298.85
2023-11-10,Ropa,Pantalón,Sur,Efectivo,7,22.87,13.58,0.1,144.06,95.04,49.02
2023-11-10,Hogar,Mesa,Este,Transferencia,7,163.64,89.85,0.0,1145.46,628.92,516.54
2023-11-10,Deportes,Balón,Este,Tarjeta de Crédito,3,154.66,77.49,0.0,463.97,232.47,231.5
2023-11-10,Juguetes,Muñeca,Oeste,Tarjeta de Crédito,4,118.44,67.92,0.0,473.77,271.69,202.09
2023-11-10,Juguetes,Puzzle,Sur,Transferencia,6,226.55,104.27,0.0,1359.28,625.61,733.67
2023-11-10,Electrónica,Auriculares,Sur,Efectivo,2,1597.93,646.77,0.0,3195.86,1293.54,1902.31
2023-11-10,Hogar,Silla,Sur,Tarjeta de Crédito,3,131.92,67.45,0.2,316.61,202.36,114.26
2023-11-10,Deportes,Raqueta,Sur,PayPal,9,232.34,93.74,0.0,2091.04,843.64,1247.39
2023-11-10,Juguetes,Coche RC,Sur,PayPal,10,185.74,94.4,0.1,1671.69,944.03,727.66
2023-11-10,Juguetes,Lego,Oeste,Efectivo,3,222.93,124.35,0.15,568.48,373.04,195.43
2023-11-11,Hogar,Cama,Norte,Tarjeta de Crédito,4,97.62,40.76,0.0,390.49,163.03,227.45
2023-11-11,Hogar,Silla,Norte,Tarjeta de Crédito,8,112.35,55.72,0.0,898.79,445.77,453.02
2023-11-11,Electrónica,Smartphone,Oeste,PayPal,6,958.21,491.58,0.15,4886.85,2949.5,1937.36
2023-11-11,Hogar,Silla,Oeste,Tarjeta de Crédito,2,318.87,171.05,0.0,637.74,342.11,295.64
2023-11-11,Electrónica,Laptop,Centro,PayPal,6,256.02,114.94,0.1,1382.48,689.65,692.83
2023-11-11,Ropa,Camiseta,Sur,Tarjeta de Crédito,2,26.89,14.31,0.05,51.09,28.62,22.47
2023-11-11,Electrónica,Smartphone,Este,Transferencia,9,512.11,345.8,0.0,4608.96,3112.17,1496.8
2023-11-11,Hogar,Silla,Este,Efectivo,4,293.44,121.04,0.0,1173.76,484.16,689.59
2023-11-11,Hogar,Lámpara,Oeste,PayPal,1,327.25,154.88,0.0,327.25,154.88,172.36
2023-11-11,Deportes,Pesas,Centro,Tarjeta de Crédito,10,165.63,89.22,0.15,1407.83,892.2,515.63
2023-11-11,Electrónica,Auriculares,Norte,Efectivo,6,1642.93,678.83,0.0,9857.57,4072.97,5784.61
2023-11-11,Hogar,Mesa,Este,PayPal,9,301.44,138.2,0.15,2306.04,1243.83,1062.22
2023-11-11,Hogar,Cama,Norte,Efectivo,8,254.91,119.69,0.1,1835.36,957.49,877.87
2023-11-11,Deportes,Pesas,Norte,PayPal,9,232.53,114.77,0.2,1674.2,1032.95,641.24
2023-11-11,Ropa,Gorra,Norte,Tarjeta de Crédito,1,288.1,190.34,0.0,288.1,190.34,97.75
2023-11-11,Juguetes,Coche RC,Oeste,Efectivo,8,104.68,61.57,0.0,837.45,492.54,344.9
2023-11-12,Hogar,Lámpara,Oeste,Efectivo,8,282.48,173.27,0.0,2259.83,1386.13,873.71
2023-11-12,Juguetes,Lego,Sur,Efectivo,3,212.15,154.92,0.15,540.98,464.77,76.21
2023-11-12,Deportes,Raqueta,Sur,PayPal,7,117.28,72.33,0.0,820.93,506.28,314.64
2023-11-12,Electrónica,Auriculares,Norte,PayPal,3,126.21,78.9,0.0,378.62,236.7,141.92
2023-11-12,Deportes,Pesas,Oeste,Tarjeta de Crédito,2,208.3,141.33,0.0,416.59,282.67,133.93
2023-11-12,Electrónica,Smartphone,Norte,Transferencia,4,602.9,352.01,0.2,1929.27,1408.03,521.24
2023-11-12,Juguetes,Puzzle,Oeste,Efectivo,10,61.15,27.38,0.0,611.5,273.81,337.69
2023-11-12,Deportes,Cinta de correr,Sur,PayPal,6,117.47,52.82,0.1,634.32,316.92,317.41
2023-11-12,Juguetes,Lego,Norte,Tarjeta de Crédito,2,24.03,12.93,0.0,48.06,25.86,22.2
2023-11-12,Ropa,Zapatos,Norte,Transferencia,7,247.43,135.01,0.0,1732.03,945.04,787.0
2023-11-12,Hogar,Cama,Centro,PayPal,9,92.85,53.49,0.0,835.67,481.44,354.24
2023-11-12,Deportes,Pesas,Norte,Tarjeta de Crédito,4,84.44,42.09,0.1,303.99,168.36,135.63
2023-11-12,Ropa,Camiseta,Sur,Tarjeta de Crédito,3,220.18,148.81,0.1,594.49,446.44,148.05
2023-11-13,Juguetes,Puzzle,Oeste,PayPal,10,298.89,118.64,0.1,2690.05,1186.4,1503.65
2023-11-13,Hogar,Sofá,Oeste,Tarjeta de Crédito,6,29.59,18.5,0.2,142.03,110.98,31.05
2023-11-13,Ropa,Zapatos,Centro,Tarjeta de Crédito,3,67.67,28.16,0.0,203.01,84.47,118.54
2023-11-13,Deportes,Cinta de correr,Sur,Transferencia,1,191.4,93.88,0.0,191.4,93.88,97.52
2023-11-13,Electrónica,Smartphone,Oeste,Transferencia,8,1133.44,654.38,0.1,8160.79,5235.01,2925.77
2023-11-13,Juguetes,Puzzle,Oeste,PayPal,5,240.41,167.75,0.0,1202.04,838.75,363.29
2023-11-13,Hogar,Lámpara,Sur,Transferencia,2,50.51,24.39,0.2,80.82,48.77,32.05
2023-11-13,Juguetes,Puzzle,Centro,Efectivo,9,177.93,106.84,0.05,1521.32,961.58,559.75
2023-11-13,Ropa,Pantalón,Norte,PayPal,5,76.19,30.91,0.05,361.92,154.57,207.35
2023-11-13,Juguetes,Lego,Este,Tarjeta de Crédito,8,313.22,136.0,0.05,2380.48,1088.01,1292.47
2023-11-13,Juguetes,Puzzle,Este,PayPal,5,65.96,39.27,0.1,296.81,196.33,100.48
2023-11-13,Ropa,Camiseta,Sur,Tarjeta de Crédito,5,138.37,65.25,0.0,691.86,326.27,365.59
2023-11-13,Juguetes,Peluche,Centro,Tarjeta de Crédito,2,326.68,169.55,0.05,620.7,339.11,281.59
2023-11-14,Juguetes,Muñeca,Norte,Tarjeta de Crédito,10,142.01,84.5,0.0,1420.06,844.96,575.1
2023-11-14,Deportes,Bicicleta,Norte,Tarjeta de Crédito,7,256.97,130.67,0.15,1528.97,914.67,614.3
2023-11-14,Ropa,Pantalón,Sur,PayPal,3,161.04,76.99,0.0,483.12,230.97,252.16
2023-11-14,Hogar,Sofá,Centro,Transferencia,10,138.12,66.94,0.0,1381.23,669.35,711.88
2023-11-14,Deportes,Balón,Sur,Transferencia,10,311.78,184.28,0.0,3117.83,1842.84,1274.99
2023-11-14,Juguetes,Muñeca,Sur,Efectivo,3,148.86,100.62,0.0,446.59,301.86,144.73
2023-11-14,Ropa,Zapatos,Sur,PayPal,9,228.27,139.32,0.0,2054.43,1253.91,800.53
2023-11-14,Electrónica,Laptop,Sur,Efectivo,10,687.96,424.92,0.0,6879.64,4249.23,2630.41
2023-11-14,Ropa,Pantalón,Norte,Transferencia,7,283.95,161.41,0.1,1788.9,1129.86,659.03
2023-11-14,Electrónica,Laptop,Este,PayPal,8,1252.25,625.78,0.15,8515.32,5006.21,3509.11
2023-11-14,Electrónica,Smartphone,Centro,Tarjeta de Crédito,2,135.88,57.55,0.1,244.59,115.11,129.48
2023-11-14,Electrónica,Laptop,Sur,PayPal,9,558.12,339.24,0.05,4771.94,3053.17,1718.77
2023-11-14,Hogar,Mesa,Centro,PayPal,9,69.04,34.6,0.0,621.37,311.37,310.0
2023-11-14,Deportes,Balón,Sur,Transferencia,6,113.73,56.67,0.0,682.36,340.0,342.36
2023-11-15,Electrónica,Tablet,Centro,Transferencia,4,626.02,400.28,0.0,2504.09,1601.12,902.96
2023-11-15,Electrónica,Smartphone,Oeste,Tarjeta de Crédito,8,722.71,317.59,0.1,5203.49,2540.76,2662.73
2023-11-15,Deportes,Cinta de correr,Oeste,Transferencia,5,134.22,77.89,0.1,603.99,389.46,214.53
2023-11-15,Electrónica,Auriculares,Oeste,Transferencia,7,936.15,639.1,0.2,5242.45,4473.69,768.75
2023-11-15,Juguetes,Peluche,Este,PayPal,5,271.68,132.67,0.0,1358.4,663.34,695.06
2023-11-15,Deportes,Raqueta,Sur,Tarjeta de Crédito,10,41.38,24.55,0.0,413.79,245.49,168.3
2023-11-15,Ropa,Pantalón,Este,Efectivo,2,148.81,76.12,0.0,297.62,152.24,145.38
2023-11-15,Juguetes,Lego,Este,PayPal,4,258.8,122.03,0.0,1035.22,488.1,547.11
2023-11-15,Deportes,Balón,Este,Transferencia,1,219.39,161.42,0.2,175.52,161.42,14.1
2023-11-16,Juguetes,Lego,Centro,Efectivo,6,170.17,84.0,0.15,867.89,504.0,363.89
2023-11-16,Juguetes,Muñeca,Norte,Efectivo,8,293.51,116.05,0.1,2113.3,928.39,1184.91
2023-11-16,Hogar,Cama,Este,PayPal,10,67.03,40.16,0.2,536.22,401.65,134.57
2023-11-16,Ropa,Camiseta,Sur,PayPal,6,71.02,37.34,0.05,404.81,224.07,180.74
2023-11-16,Deportes,Cinta de correr,Este,Transferencia,10,212.05,114.55,0.0,2120.51,1145.47,975.04
2023-11-16,Hogar,Sofá,Norte,Transferencia,1,278.06,120.61,0.15,236.35,120.61,115.74
2023-11-16,Deportes,Balón,Norte,Tarjeta de Crédito,4,65.27,35.96,0.15,221.9,143.82,78.08
2023-11-16,Ropa,Chaqueta,Sur,Efectivo,7,47.66,25.44,0.1,300.27,178.1,122.17
2023-11-16,Deportes,Balón,Sur,Tarjeta de Crédito,2,43.21,23.98,0.0,86.42,47.97,38.46
2023-11-16,Ropa,Zapatos,Sur,Efectivo,4,87.58,44.5,0.0,350.31,178.01,172.3
2023-11-17,Ropa,Chaqueta,Centro,Tarjeta de Crédito,10,257.99,184.09,0.0,2579.95,1840.93,739.02
2023-11-17,Juguetes,Coche RC,Este,Transferencia,6,159.73,87.54,0.2,766.71,525.25,241.46
2023-11-17,Electrónica,Auriculares,Sur,Transferencia,7,329.81,184.87,0.2,1846.94,1294.07,552.87
2023-11-17,Ropa,Gorra,Centro,Transferencia,4,198.12,120.59,0.1,713.24,482.35,230.89
2023-11-17,Hogar,Lámpara,Centro,PayPal,3,77.32,40.18,0.0,231.96,120.54,111.43
2023-11-17,Juguetes,Puzzle,Oeste,Transferencia,2,328.71,119.18,0.05,624.56,238.36,386.19
2023-11-17,Deportes,Balón,Sur,Efectivo,9,105.71,60.77,0.15,808.65,546.91,261.75
2023-11-17,Deportes,Pesas,Centro,PayPal,8,297.97,173.46,0.0,2383.8,1387.7,996.1
2023-11-17,Deportes,Cinta de correr,Norte,PayPal,3,269.69,168.19,0.0,809.06,504.57,304.48
2023-11-17,Hogar,Sofá,Centro,Tarjeta de Crédito,4,158.41,82.45,0.0,633.65,329.78,303.86
2023-11-17,Ropa,Zapatos,Oeste,Efectivo,7,137.4,91.25,0.1,865.62,638.77,226.84
2023-11-17,Electrónica,Auriculares,Sur,Tarjeta de Crédito,4,547.3,321.52,0.0,2189.18,1286.07,903.12
2023-11-17,Electrónica,Auriculares,Centro,Efectivo,3,1050.5,722.25,0.15,2678.79,2166.74,512.05
2023-11-18,Ropa,Gorra,Sur,PayPal,10,256.92,172.65,0.15,2183.81,1726.49,457.32
2023-11-18,Juguetes,Puzzle,Centro,Tarjeta de Crédito,5,215.09,94.39,0.1,967.92,471.96,495.96
2023-11-18,Deportes,Cinta de correr,Centro,Efectivo,8,316.74,184.38,0.0,2533.95,1475.05,1058.91
2023-11-18,Electrónica,Smartwatch,Sur,PayPal,9,1160.11,526.48,0.0,10441.0,4738.31,5702.7
2023-11-18,Juguetes,Muñeca,Norte,PayPal,9,32.41,14.34,0.0,291.73,129.04,162.7
2023-11-18,Ropa,Camiseta,Centro,Transferencia,3,77.09,31.9,0.2,185.02,95.71,89.31
2023-11-18,Deportes,Bicicleta,Norte,Transferencia,2,244.5,137.79,0.0,488.99,275.58,213.41
2023-11-18,Electrónica,Smartphone,Norte,Transferencia,2,1296.12,736.0,0.05,2462.62,1471.99,990.63
2023-11-18,Juguetes,Puzzle,Sur,Tarjeta de Crédito,8,267.08,155.62,0.15,1816.14,1244.99,571.15
2023-11-18,Hogar,Sofá,Norte,Tarjeta de Crédito,4,72.18,32.98,0.0,288.71,131.91,156.81
2023-11-18,Deportes,Raqueta,Sur,PayPal,3,211.4,129.75,0.15,539.08,389.26,149.81
2023-11-18,Ropa,Pantalón,Centro,Tarjeta de Crédito,6,32.45,16.71,0.15,165.5,100.25,65.24
2023-11-18,Electrónica,Smartphone,Sur,Efectivo,3,1180.73,647.6,0.0,3542.19,1942.79,1599.4
2023-11-18,Deportes,Balón,Oeste,Tarjeta de Crédito,10,114.62,68.34,0.0,1146.21,683.35,462.86
2023-11-19,Ropa,Camiseta,Norte,Efectivo,3,272.53,158.08,0.05,776.71,474.24,302.47
2023-11-19,Deportes,Pesas,Sur,PayPal,2,180.47,67.85,0.15,306.8,135.7,171.1
2023-11-19,Deportes,Cinta de correr,Este,Efectivo,7,110.92,54.92,0.1,698.78,384.42,314.37
2023-11-19,Deportes,Pesas,Este,Tarjeta de Crédito,7,163.79,102.32,0.2,917.21,716.27,200.94
2023-11-19,Hogar,Sofá,Sur,Efectivo,9,167.34,91.27,0.15,1280.14,821.4,458.74
2023-11-19,Ropa,Gorra,Centro,Tarjeta de Crédito,7,220.94,132.43,0.15,1314.57,926.99,387.58
2023-11-19,Ropa,Gorra,Centro,Transferencia,9,61.4,34.35,0.0,552.62,309.16,243.46
2023-11-19,Ropa,Gorra,Centro,PayPal,3,71.76,33.2,0.15,182.98,99.59,83.39
2023-11-19,Juguetes,Coche RC,Sur,Efectivo,9,202.88,84.67,0.0,1825.94,762.07,1063.87
2023-11-19,Deportes,Raqueta,Sur,PayPal,8,227.05,127.15,0.15,1543.97,1017.17,526.79
2023-11-20,Deportes,Raqueta,Oeste,PayPal,5,306.48,179.48,0.1,1379.18,897.4,481.78
2023-11-20,Electrónica,Smartphone,Centro,PayPal,1,226.62,94.2,0.15,192.63,94.2,98.43
2023-11-20,Ropa,Pantalón,Oeste,Tarjeta de Crédito,4,174.19,108.98,0.1,627.08,435.93,191.14
2023-11-20,Electrónica,Smartphone,Este,Efectivo,2,769.93,483.95,0.05,1462.87,967.89,494.98
2023-11-20,Hogar,Lámpara,Sur,Transferencia,1,187.27,111.38,0.2,149.82,111.38,38.44
2023-11-20,Electrónica,Auriculares,Este,PayPal,8,751.86,281.7,0.0,6014.87,2253.6,3761.27
2023-11-20,Hogar,Cama,Oeste,PayPal,8,182.22,72.12,0.2,1166.19,576.94,589.25
2023-11-20,Juguetes,Puzzle,Sur,PayPal,1,49.66,20.66,0.0,49.66,20.66,29.0
2023-11-20,Deportes,Pesas,Este,Efectivo,7,104.65,44.61,0.0,732.55,312.24,420.3
2023-11-21,Electrónica,Tablet,Norte,Transferencia,3,338.99,226.86,0.2,813.58,680.57,133.02
2023-11-21,Electrónica,Laptop,Este,Efectivo,9,668.7,469.42,0.1,5416.51,4224.74,1191.77
2023-11-21,Hogar,Sofá,Oeste,PayPal,8,183.99,121.87,0.0,1471.95,974.93,497.03
2023-11-21,Hogar,Mesa,Este,PayPal,7,252.27,170.54,0.0,1765.91,1193.76,572.15
2023-11-21,Juguetes,Muñeca,Centro,Efectivo,8,138.93,77.64,0.0,1111.44,621.11,490.33
2023-11-21,Deportes,Raqueta,Norte,Tarjeta de Crédito,4,37.59,22.57,0.05,142.85,90.3,52.55
2023-11-21,Ropa,Chaqueta,Centro,Transferencia,4,166.32,68.33,0.1,598.75,273.32,325.43
2023-11-21,Juguetes,Peluche,Este,Tarjeta de Crédito,2,290.41,170.33,0.0,580.83,340.66,240.17
2023-11-21,Hogar,Mesa,Centro,Tarjeta de Crédito,9,232.84,137.67,0.1,1886.0,1239.0,647.0
2023-11-21,Electrónica,Laptop,Sur,Efectivo,9,1446.0,609.11,0.05,12363.3,5481.98,6881.32
2023-11-21,Electrónica,Tablet,Este,Tarjeta de Crédito,3,630.97,319.57,0.15,1608.98,958.72,650.26
2023-11-21,Hogar,Sofá,Este,Efectivo,5,266.28,146.93,0.0,1331.4,734.63,596.77
2023-11-21,Juguetes,Coche RC,Sur,PayPal,9,60.79,33.38,0.0,547.1,300.43,246.67
2023-11-21,Hogar,Silla,Norte,Efectivo,5,129.59,75.72,0.2,518.34,378.6,139.74
2023-11-21,Juguetes,Peluche,Oeste,Tarjeta de Crédito,3,142.16,59.32,0.05,405.17,177.96,227.21
2023-11-21,Juguetes,Puzzle,Este,Efectivo,7,258.95,93.02,0.05,1722.03,651.11,1070.92
2023-11-22,Electrónica,Laptop,Sur,PayPal,2,320.06,158.1,0.1,576.11,316.2,259.91
2023-11-22,Ropa,Zapatos,Sur,PayPal,5,214.53,103.16,0.0,1072.64,515.8,556.84
2023-11-22,Hogar,Silla,Centro,Efectivo,6,44.22,20.36,0.1,238.79,122.16,116.63
2023-11-22,Electrónica,Tablet,Sur,Transferencia,7,943.3,397.69,0.0,6603.12,2783.83,3819.29
2023-11-22,Deportes,Raqueta,Sur,PayPal,3,124.82,71.6,0.0,374.47,214.8,159.67
2023-11-22,Hogar,Mesa,Este,Transferencia,9,268.79,142.54,0.0,2419.1,1282.86,1136.24
2023-11-22,Deportes,Pesas,Norte,Tarjeta de Crédito,2,114.34,66.45,0.0,228.68,132.91,95.77
2023-11-22,Ropa,Pantalón,Este,PayPal,5,156.45,62.52,0.2,625.81,312.58,313.23
2023-11-22,Deportes,Pesas,Este,Efectivo,5,307.03,155.97,0.0,1535.17,779.87,755.31
2023-11-22,Juguetes,Peluche,Este,PayPal,7,185.32,117.47,0.05,1232.38,822.32,410.05
2023-11-22,Ropa,Zapatos,Norte,Tarjeta de Crédito,8,256.36,168.59,0.0,2050.87,1348.71,702.16
2023-11-22,Electrónica,Auriculares,Centro,PayPal,3,1185.4,747.49,0.05,3378.38,2242.48,1135.9
2023-11-22,Juguetes,Puzzle,Este,Transferencia,2,245.91,182.49,0.15,418.04,364.97,53.07
2023-11-22,Ropa,Chaqueta,Norte,Efectivo,7,216.69,110.84,0.2,1213.45,775.91,437.54
2023-11-23,Deportes,Pesas,Oeste,Efectivo,7,168.36,71.34,0.05,1119.59,499.35,620.24
2023-11-23,Electrónica,Auriculares,Oeste,Efectivo,4,482.6,188.96,0.15,1640.82,755.84,884.98
2023-11-23,Electrónica,Smartphone,Oeste,Transferencia,4,290.46,114.13,0.0,1161.82,456.51,705.31
2023-11-23,Deportes,Cinta de correr,Sur,Tarjeta de Crédito,10,53.89,33.21,0.2,431.15,332.13,99.01
2023-11-23,Deportes,Bicicleta,Sur,Transferencia,6,36.83,18.25,0.2,176.79,109.53,67.26
2023-11-23,Electrónica,Tablet,Oeste,Tarjeta de Crédito,6,158.01,58.49,0.0,948.07,350.96,597.1
2023-11-23,Ropa,Camiseta,Oeste,Efectivo,4,236.49,132.04,0.0,945.97,528.15,417.82
2023-11-23,Electrónica,Auriculares,Oeste,Transferencia,1,1207.54,511.87,0.15,1026.41,511.87,514.54
2023-11-23,Electrónica,Smartphone,Oeste,Transferencia,8,604.16,397.38,0.2,3866.6,3179.04,687.56
2023-11-23,Electrónica,Auriculares,Centro,PayPal,4,143.63,74.29,0.0,574.54,297.18,277.36
2023-11-23,Hogar,Mesa,Centro,Tarjeta de Crédito,3,216.77,112.12,0.1,585.29,336.36,248.92
2023-11-23,Hogar,Silla,Sur,PayPal,6,206.99,104.45,0.0,1241.96,626.69,615.27
2023-11-23,Deportes,Raqueta,Sur,Tarjeta de Crédito,9,123.58,62.96,0.0,1112.22,566.6,545.62
2023-11-23,Electrónica,Smartphone,Sur,Efectivo,1,255.57,145.37,0.0,255.57,145.37,110.2
2023-11-23,Electrónica,Smartphone,Oeste,PayPal,7,1136.18,640.63,0.1,7157.91,4484.4,2673.52
2023-11-24,Ropa,Gorra,Sur,PayPal,5,262.51,157.82,0.2,1050.03,789.08,260.95
2023-11-24,Hogar,Sofá,Centro,Tarjeta de Crédito,3,71.62,39.19,0.05,204.11,117.57,86.54
2023-11-24,Hogar,Sofá,Sur,Transferencia,8,71.7,33.98,0.0,573.6,271.81,301.79
2023-11-24,Electrónica,Auriculares,Centro,Transferencia,3,1490.68,765.86,0.15,3801.23,2297.59,1503.65
2023-11-24,Juguetes,Muñeca,Centro,PayPal,7,82.35,53.23,0.0,576.42,372.61,203.81
2023-11-24,Deportes,Balón,Centro,Tarjeta de Crédito,3,13.92,7.38,0.05,39.68,22.14,17.54
2023-11-24,Deportes,Raqueta,Sur,PayPal,8,54.75,25.45,0.05,416.06,203.57,212.49
2023-11-24,Deportes,Balón,Centro,Tarjeta de Crédito,10,57.34,24.56,0.0,573.38,245.63,327.75
2023-11-24,Deportes,Pesas,Oeste,PayPal,2,185.73,80.48,0.1,334.32,160.97,173.35
2023-11-24,Ropa,Gorra,Sur,PayPal,6,90.6,57.55,0.05,516.4,345.27,171.13
2023-11-24,Electrónica,Smartwatch,Norte,Transferencia,7,292.16,211.14,0.0,2045.11,1477.96,567.16
2023-11-24,Deportes,Pesas,Este,Transferencia,3,190.34,76.72,0.0,571.01,230.16,340.85
2023-11-24,Juguetes,Peluche,Centro,Tarjeta de Crédito,9,174.62,98.88,0.0,1571.55,889.88,681.68
2023-11-24,Juguetes,Coche RC,Centro,Tarjeta de Crédito,8,241.02,120.82,0.0,1928.18,966.52,961.66
2023-11-24,Electrónica,Tablet,Este,Transferencia,6,1631.5,729.02,0.05,9299.54,4374.1,4925.44
2023-11-24,Deportes,Cinta de correr,Norte,Transferencia,6,105.01,51.27,0.2,504.05,307.64,196.41
2023-11-24,Hogar,Lámpara,Oeste,Transferencia,7,338.68,177.87,0.0,2370.75,1245.12,1125.63
2023-11-24,Ropa,Camiseta,Sur,Efectivo,6,304.7,191.38,0.0,1828.18,1148.31,679.87
2023-11-24,Hogar,Cama,Centro,Tarjeta de Crédito,8,104.17,41.66,0.0,833.34,333.3,500.04
2023-11-24,Electrónica,Auriculares,Centro,PayPal,6,818.14,347.29,0.0,4908.82,2083.75,2825.07
2023-11-25,Hogar,Silla,Sur,Efectivo,6,272.01,197.38,0.0,1632.07,1184.27,447.8
2023-11-25,Electrónica,Tablet,Sur,Efectivo,5,937.04,386.13,0.0,4685.19,1930.67,2754.52
2023-11-25,Hogar,Silla,Este,Transferencia,10,269.04,201.98,0.0,2690.42,2019.82,670.6
2023-11-25,Ropa,Pantalón,Oeste,Efectivo,2,235.9,136.36,0.0,471.81,272.73,199.08
2023-11-25,Hogar,Lámpara,Oeste,Tarjeta de Crédito,8,182.82,105.02,0.15,1243.2,840.15,403.05
2023-11-25,Juguetes,Peluche,Centro,Efectivo,9,86.1,62.79,0.0,774.89,565.08,209.81
2023-11-25,Electrónica,Smartphone,Norte,Transferencia,9,1243.43,737.41,0.0,11190.89,6636.7,4554.19
2023-11-25,Deportes,Balón,Este,Tarjeta de Crédito,7,195.27,86.9,0.2,1093.53,608.29,485.24
2023-11-25,Juguetes,Peluche,Sur,Efectivo,9,155.31,61.05,0.0,1397.82,549.46,848.36
2023-11-25,Juguetes,Coche RC,Norte,Tarjeta de Crédito,7,124.1,49.38,0.05,825.28,345.65,479.63
2023-11-25,Hogar,Cama,Norte,Transferencia,6,70.73,34.56,0.05,403.14,207.34,195.8
2023-11-25,Ropa,Gorra,Este,Tarjeta de Crédito,1,78.55,39.56,0.1,70.7,39.56,31.14
2023-11-25,Deportes,Bicicleta,Este,Efectivo,6,306.77,131.37,0.05,1748.56,788.21,960.35
2023-11-25,Deportes,Raqueta,Sur,PayPal,1,114.43,47.93,0.15,97.26,47.93,49.33
2023-11-26,Juguetes,Muñeca,Este,Tarjeta de Crédito,3,149.41,93.17,0.2,358.57,279.51,79.06
2023-11-26,Juguetes,Puzzle,Norte,Efectivo,7,215.98,139.64,0.2,1209.47,977.5,231.98
2023-11-26,Juguetes,Puzzle,Oeste,PayPal,6,128.03,63.59,0.0,768.2,381.52,386.69
2023-11-26,Ropa,Pantalón,Sur,PayPal,3,156.09,94.46,0.0,468.26,283.37,184.89
2023-11-26,Juguetes,Lego,Sur,Tarjeta de Crédito,9,12.7,6.53,0.15,97.17,58.79,38.38
2023-11-26,Juguetes,Muñeca,Sur,PayPal,2,88.45,42.06,0.15,150.37,84.12,66.26
2023-11-26,Hogar,Lámpara,Norte,Tarjeta de Crédito,10,208.38,128.43,0.15,1771.21,1284.25,486.96
2023-11-26,Hogar,Lámpara,Centro,Efectivo,2,135.37,94.61,0.0,270.74,189.22,81.52
2023-11-26,Hogar,Silla,Centro,Transferencia,2,128.04,59.0,0.15,217.67,117.99,99.67
2023-11-26,Ropa,Pantalón,Este,Tarjeta de Crédito,10,70.72,37.71,0.2,565.79,377.15,188.65
2023-11-26,Deportes,Bicicleta,Centro,Efectivo,7,70.11,38.76,0.2,392.63,271.29,121.34
2023-11-26,Juguetes,Muñeca,Norte,PayPal,7,16.49,10.04,0.05,109.65,70.25,39.39
2023-11-26,Juguetes,Coche RC,Norte,Efectivo,3,200.42,103.06,0.0,601.25,309.17,292.08
2023-11-27,Juguetes,Puzzle,Sur,Transferencia,7,125.82,53.13,0.2,704.61,371.91,332.7
2023-11-27,Juguetes,Lego,Norte,Efectivo,4,261.95,99.74,0.0,1047.79,398.97,648.82
2023-11-27,Hogar,Silla,Norte,Transferencia,1,171.34,70.3,0.2,137.08,70.3,66.77
2023-11-27,Ropa,Camiseta,Centro,Tarjeta de Crédito,7,174.99,74.55,0.1,1102.46,521.82,580.64
2023-11-27,Juguetes,Puzzle,Sur,Tarjeta de Crédito,2,117.35,47.06,0.05,222.96,94.12,128.84
2023-11-27,Electrónica,Tablet,Este,PayPal,3,769.71,349.51,0.2,1847.31,1048.52,798.79
2023-11-27,Deportes,Pesas,Este,Tarjeta de Crédito,4,63.77,46.68,0.15,216.82,186.73,30.09
2023-11-27,Juguetes,Puzzle,Sur,PayPal,5,188.32,114.36,0.0,941.6,571.8,369.8
2023-11-27,Deportes,Pesas,Oeste,PayPal,9,193.85,129.19,0.0,1744.67,1162.75,581.92
2023-11-27,Hogar,Mesa,Este,PayPal,10,158.08,74.0,0.05,1501.77,739.96,761.82
2023-11-27,Electrónica,Tablet,Este,Transferencia,1,1054.33,567.44,0.15,896.18,567.44,328.75
2023-11-27,Deportes,Pesas,Este,Efectivo,2,231.1,143.93,0.15,392.87,287.86,105.01
2023-11-27,Deportes,Bicicleta,Oeste,Tarjeta de Crédito,3,87.6,32.5,0.0,262.79,97.49,165.29
2023-11-27,Juguetes,Lego,Centro,Transferencia,9,148.31,77.51,0.15,1134.58,697.58,437.0
2023-11-27,Juguetes,Muñeca,Oeste,Tarjeta de Crédito,8,225.07,136.3,0.15,1530.49,1090.38,440.11
2023-11-27,Juguetes,Coche RC,Oeste,Efectivo,8,58.61,28.99,0.0,468.84,231.89,236.95
2023-11-27,Ropa,Camiseta,Este,PayPal,5,298.64,184.75,0.05,1418.54,923.77,494.77
2023-11-27,Juguetes,Coche RC,Norte,Efectivo,7,229.34,137.55,0.1,1444.83,962.86,481.97
2023-11-27,Deportes,Balón,Oeste,Tarjeta de Crédito,1,202.39,113.35,0.0,202.39,113.35,89.05
2023-11-27,Hogar,Silla,Sur,Efectivo,4,165.02,91.62,0.1,594.08,366.49,227.58
2023-11-28,Electrónica,Auriculares,Norte,Transferencia,4,116.26,72.36,0.0,465.03,289.43,175.61
2023-11-28,Juguetes,Coche RC,Centro,Tarjeta de Crédito,3,332.73,131.4,0.05,948.27,394.21,554.06
2023-11-28,Deportes,Raqueta,Norte,Efectivo,3,64.0,31.03,0.05,182.39,93.09,89.31
2023-11-28,Juguetes,Lego,Norte,Efectivo,2,310.07,183.59,0.0,620.13,367.18,252.95
2023-11-28,Electrónica,Tablet,Oeste,Efectivo,5,438.56,240.64,0.0,2192.82,1203.21,989.61
2023-11-28,Electrónica,Laptop,Sur,Efectivo,5,1211.89,703.69,0.0,6059.44,3518.44,2541.01
2023-11-28,Ropa,Pantalón,Este,PayPal,7,280.19,156.72,0.0,1961.33,1097.02,864.3
2023-11-28,Ropa,Pantalón,Norte,Efectivo,6,262.0,94.44,0.1,1414.8,566.65,848.15
2023-11-28,Deportes,Cinta de correr,Oeste,Efectivo,7,35.42,20.9,0.1,223.17,146.28,76.89
2023-11-28,Juguetes,Lego,Norte,Transferencia,1,213.7,92.82,0.0,213.7,92.82,120.88
2023-11-28,Hogar,Silla,Este,PayPal,1,215.02,142.0,0.05,204.27,142.0,62.27
2023-11-28,Hogar,Silla,Oeste,Tarjeta de Crédito,9,139.85,67.15,0.0,1258.63,604.37,654.26
2023-11-28,Hogar,Cama,Sur,Tarjeta de Crédito,3,18.27,9.4,0.2,43.84,28.2,15.64
2023-11-28,Ropa,Gorra,Este,Efectivo,2,271.71,113.9,0.2,434.73,227.81,206.93
2023-11-28,Electrónica,Smartwatch,Centro,PayPal,5,467.11,245.13,0.15,1985.22,1225.65,759.56
2023-11-28,Juguetes,Muñeca,Centro,PayPal,7,272.77,124.75,0.0,1909.4,873.26,1036.14
2023-11-28,Electrónica,Tablet,Oeste,Tarjeta de Crédito,2,233.38,126.34,0.0,466.77,252.69,214.08
2023-11-29,Ropa,Camiseta,Oeste,Tarjeta de Crédito,1,41.43,17.34,0.15,35.22,17.34,17.88
2023-11-29,Electrónica,Smartphone,Este,PayPal,8,1003.49,646.95,0.0,8027.92,5175.64,2852.28
2023-11-29,Ropa,Chaqueta,Este,Efectivo,10,184.48,82.22,0.15,1568.08,822.24,745.84
2023-11-29,Deportes,Pesas,Norte,Tarjeta de Crédito,2,253.22,134.08,0.0,506.43,268.16,238.27
2023-11-29,Hogar,Silla,Oeste,Efectivo,7,267.94,190.32,0.0,1875.55,1332.23,543.32
2023-11-29,Electrónica,Laptop,Norte,Transferencia,7,696.7,272.77,0.0,4876.9,1909.38,2967.52
2023-11-29,Ropa,Pantalón,Sur,Efectivo,5,159.74,93.85,0.1,718.82,469.25,249.57
2023-11-29,Electrónica,Laptop,Sur,Tarjeta de Crédito,5,170.17,120.03,0.1,765.75,600.13,165.62
2023-11-29,Juguetes,Peluche,Este,PayPal,5,38.13,20.66,0.0,190.67,103.32,87.35
2023-11-29,Deportes,Pesas,Sur,Tarjeta de Crédito,6,21.25,9.76,0.15,108.38,58.56,49.83
2023-11-29,Juguetes,Puzzle,Norte,Transferencia,3,171.17,59.83,0.1,462.17,179.5,282.66
2023-11-29,Electrónica,Auriculares,Este,PayPal,7,1034.66,569.97,0.0,7242.59,3989.78,3252.81
2023-11-29,Hogar,Lámpara,Este,Tarjeta de Crédito,2,270.26,127.49,0.05,513.5,254.99,258.51
2023-11-29,Electrónica,Tablet,Este,Transferencia,3,1434.52,764.76,0.0,4303.55,2294.29,2009.25
2023-11-29,Ropa,Gorra,Centro,PayPal,5,45.47,31.89,0.1,204.63,159.46,45.17
2023-11-30,Juguetes,Muñeca,Oeste,Transferencia,1,302.72,162.2,0.0,302.72,162.2,140.52
2023-11-30,Deportes,Balón,Sur,Efectivo,2,176.91,77.96,0.0,353.81,155.91,197.9
2023-11-30,Juguetes,Puzzle,Oeste,Transferencia,1,273.45,154.17,0.0,273.45,154.17,119.28
2023-11-30,Hogar,Silla,Norte,PayPal,3,295.65,130.07,0.2,709.56,390.2,319.37
2023-11-30,Juguetes,Muñeca,Oeste,Efectivo,2,144.84,79.82,0.1,260.71,159.64,101.08
2023-11-30,Ropa,Chaqueta,Centro,Transferencia,7,271.74,115.96,0.15,1616.82,811.7,805.12
2023-11-30,Deportes,Bicicleta,Sur,Efectivo,9,140.39,96.02,0.0,1263.53,864.17,399.36
2023-11-30,Juguetes,Muñeca,Centro,PayPal,7,142.38,59.51,0.2,797.34,416.54,380.79
2023-11-30,Deportes,Balón,Este,Efectivo,10,69.4,26.47,0.0,694.04,264.73,429.3
2023-11-30,Ropa,Camiseta,Centro,Efectivo,3,249.08,112.5,0.05,709.87,337.51,372.36
2023-11-30,Deportes,Bicicleta,Sur,PayPal,4,219.27,127.35,0.2,701.67,509.41,192.26
2023-11-30,Electrónica,Auriculares,Este,Efectivo,3,634.19,409.4,0.15,1617.18,1228.19,388.99
2023-11-30,Juguetes,Muñeca,Oeste,Tarjeta de Crédito,10,260.37,154.03,0.1,2343.3,1540.34,802.96
2023-11-30,Deportes,Cinta de correr,Este,Efectivo,10,214.38,98.13,0.0,2143.8,981.28,1162.52
2023-11-30,Electrónica,Smartphone,Norte,Tarjeta de Crédito,1,839.33,519.3,0.0,839.33,519.3,320.03
2023-12-01,Hogar,Sofá,Centro,PayPal,1,135.23,49.44,0.2,108.19,49.44,58.75
2023-12-01,Deportes,Cinta de correr,Oeste,PayPal,4,145.34,105.64,0.0,581.36,422.57,158.79
2023-12-01,Deportes,Pesas,Centro,PayPal,6,271.92,143.85,0.0,1631.5,863.08,768.42
2023-12-01,Ropa,Zapatos,Oeste,Transferencia,2,290.81,130.38,0.1,523.45,260.75,262.7
2023-12-01,Deportes,Pesas,Sur,Efectivo,1,226.0,78.71,0.1,203.4,78.71,124.7
2023-12-01,Deportes,Bicicleta,Sur,Transferencia,4,105.04,58.13,0.0,420.17,232.54,187.63
2023-12-01,Hogar,Cama,Centro,PayPal,1,185.33,112.17,0.0,185.33,112.17,73.16
2023-12-01,Juguetes,Coche RC,Norte,Efectivo,9,123.31,72.1,0.15,943.34,648.92,294.42
2023-12-01,Electrónica,Auriculares,Oeste,Tarjeta de Crédito,2,1100.34,677.56,0.15,1870.57,1355.12,515.45
2023-12-01,Juguetes,Coche RC,Norte,Tarjeta de Crédito,10,325.48,163.29,0.05,3092.08,1632.86,1459.22
2023-12-01,Juguetes,Lego,Centro,PayPal,4,204.9,152.36,0.0,819.61,609.44,210.17
2023-12-02,Electrónica,Tablet,Norte,Efectivo,1,1493.86,809.55,0.15,1269.78,809.55,460.23
2023-12-02,Ropa,Gorra,Norte,PayPal,6,104.72,46.92,0.0,628.33,281.54,346.78
2023-12-02,Juguetes,Peluche,Oeste,PayPal,6,122.01,62.32,0.0,732.06,373.95,358.11
2023-12-02,Ropa,Camiseta,Centro,Efectivo,8,121.58,75.18,0.05,924.01,601.45,322.56
2023-12-02,Deportes,Bicicleta,Sur,Tarjeta de Crédito,3,181.88,132.18,0.0,545.63,396.55,149.07
2023-12-02,Juguetes,Peluche,Centro,PayPal,9,227.99,76.99,0.0,2051.94,692.88,1359.06
2023-12-02,Deportes,Raqueta,Oeste,PayPal,10,229.96,130.6,0.0,2299.56,1305.99,993.58
2023-12-02,Deportes,Raqueta,Norte,Tarjeta de Crédito,6,56.13,24.39,0.0,336.8,146.31,190.49
2023-12-02,Juguetes,Muñeca,Centro,Transferencia,6,247.97,118.22,0.05,1413.4,709.32,704.08
2023-12-02,Juguetes,Peluche,Centro,Tarjeta de Crédito,9,111.27,71.57,0.15,851.23,644.16,207.07
2023-12-02,Electrónica,Tablet,Oeste,PayPal,6,458.01,185.07,0.15,2335.87,1110.43,1225.43
2023-12-02,Deportes,Raqueta,Norte,Efectivo,10,217.79,113.31,0.0,2177.92,1133.09,1044.82
2023-12-02,Juguetes,Muñeca,Norte,Tarjeta de Crédito,9,61.46,32.28,0.0,553.15,290.55,262.6
2023-12-02,Electrónica,Laptop,Sur,Transferencia,9,834.22,423.02,0.2,6006.42,3807.14,2199.27
2023-12-02,Electrónica,Auriculares,Este,PayPal,6,1133.68,429.78,0.0,6802.08,2578.68,4223.4
2023-12-02,Deportes,Cinta de correr,Oeste,Transferencia,5,137.06,56.61,0.0,685.31,283.03,402.28
2023-12-02,Ropa,Camiseta,Sur,Tarjeta de Crédito,7,40.56,19.0,0.1,255.54,133.0,122.55
2023-12-02,Deportes,Bicicleta,Norte,Efectivo,5,34.96,14.82,0.0,174.79,74.11,100.68
2023-12-02,Electrónica,Smartphone,Oeste,Efectivo,7,598.87,412.86,0.0,4192.07,2890.03,1302.04
2023-12-02,Deportes,Raqueta,Centro,PayPal,3,211.26,106.17,0.0,633.77,318.51,315.26
2023-12-02,Electrónica,Auriculares,Norte,Transferencia,6,1492.39,796.67,0.2,7163.48,4780.01,2383.46
2023-12-03,Electrónica,Smartphone,Oeste,Tarjeta de Crédito,7,892.55,500.97,0.15,5310.69,3506.77,1803.92
2023-12-03,Deportes,Cinta de correr,Este,PayPal,2,243.61,101.62,0.0,487.22,203.24,283.99
2023-12-03,Electrónica,Auriculares,Sur,Transferencia,9,1178.94,627.57,0.0,10610.5,5648.15,4962.35
2023-12-03,Ropa,Chaqueta,Norte,PayPal,9,251.55,106.19,0.0,2263.91,955.72,1308.19
2023-12-03,Hogar,Silla,Este,PayPal,5,112.78,63.02,0.0,563.88,315.11,248.77
2023-12-03,Hogar,Sofá,Norte,Transferencia,9,120.19,78.72,0.0,1081.68,708.48,373.2
2023-12-03,Electrónica,Tablet,Sur,Efectivo,3,1326.46,520.15,0.1,3581.44,1560.46,2020.98
2023-12-03,Deportes,Raqueta,Sur,Tarjeta de Crédito,6,31.54,14.48,0.2,151.38,86.88,64.5
2023-12-03,Electrónica,Smartwatch,Centro,PayPal,10,124.63,58.73,0.0,1246.32,587.31,659.01
2023-12-03,Hogar,Lámpara,Centro,Efectivo,8,300.54,133.67,0.0,2404.29,1069.37,1334.92
2023-12-03,Hogar,Cama,Norte,Transferencia,2,148.23,66.16,0.05,281.63,132.33,149.3
2023-12-03,Electrónica,Smartwatch,Sur,Transferencia,1,1472.41,851.52,0.1,1325.17,851.52,473.65
2023-12-03,Deportes,Cinta de correr,Centro,PayPal,1,191.02,91.35,0.1,171.92,91.35,80.56
2023-12-03,Hogar,Cama,Este,Transferencia,4,75.2,27.65,0.0,300.81,110.58,190.23
2023-12-04,Hogar,Lámpara,Sur,Tarjeta de Crédito,3,129.86,84.47,0.0,389.59,253.4,136.19
2023-12-04,Juguetes,Coche RC,Oeste,Transferencia,4,257.87,153.01,0.0,1031.48,612.03,419.45
2023-12-04,Juguetes,Puzzle,Norte,Tarjeta de Crédito,3,243.17,136.66,0.0,729.5,409.98,319.52
2023-12-04,Electrónica,Laptop,Oeste,Transferencia,8,1578.46,566.21,0.2,10102.16,4529.66,5572.5
2023-12-04,Ropa,Pantalón,Este,Tarjeta de Crédito,10,57.84,39.17,0.15,491.66,391.68,99.98
2023-12-04,Deportes,Pesas,Norte,Transferencia,4,106.98,44.94,0.0,427.93,179.75,248.18
2023-12-04,Ropa,Pantalón,Norte,Efectivo,3,59.78,26.09,0.0,179.34,78.28,101.06
2023-12-04,Ropa,Zapatos,Oeste,Tarjeta de Crédito,6,44.12,30.73,0.1,238.24,184.35,53.88
2023-12-04,Ropa,Camiseta,Norte,Efectivo,6,93.58,58.59,0.1,505.35,351.54,153.82
2023-12-04,Deportes,Balón,Oeste,Tarjeta de Crédito,8,104.33,54.13,0.1,751.15,433.07,318.08
2023-12-04,Ropa,Pantalón,Norte,Transferencia,3,265.17,148.29,0.0,795.52,444.86,350.66
2023-12-04,Hogar,Sofá,Oeste,Efectivo,4,262.75,121.35,0.0,1051.0,485.38,565.61
2023-12-05,Deportes,Bicicleta,Sur,Efectivo,9,120.58,67.88,0.2,868.19,610.92,257.27
2023-12-05,Deportes,Bicicleta,Este,Efectivo,7,71.39,37.53,0.05,474.72,262.7,212.02
2023-12-05,Juguetes,Peluche,Oeste,Efectivo,6,276.83,129.56,0.1,1494.89,777.37,717.52
2023-12-05,Deportes,Raqueta,Norte,Efectivo,3,253.45,163.55,0.0,760.35,490.66,269.69
2023-12-05,Electrónica,Smartwatch,Norte,PayPal,6,133.19,50.76,0.0,799.15,304.56,494.59
2023-12-05,Electrónica,Tablet,Centro,Tarjeta de Crédito,9,1304.81,719.97,0.0,11743.33,6479.71,5263.62
2023-12-05,Juguetes,Puzzle,Norte,PayPal,2,73.65,32.39,0.2,117.84,64.79,53.05
2023-12-05,Ropa,Gorra,Centro,Tarjeta de Crédito,7,183.42,125.71,0.0,1283.91,879.94,403.98
2023-12-05,Electrónica,Smartphone,Sur,Efectivo,8,677.05,339.27,0.05,5145.56,2714.14,2431.42
2023-12-05,Hogar,Sofá,Sur,Transferencia,8,90.0,43.56,0.0,720.01,348.46,371.55
2023-12-05,Electrónica,Smartwatch,Este,Efectivo,8,919.96,584.57,0.0,7359.69,4676.52,2683.17
2023-12-05,Ropa,Chaqueta,Este,Tarjeta de Crédito,6,103.98,62.08,0.05,592.68,372.51,220.17
2023-12-05,Juguetes,Puzzle,Oeste,Efectivo,2,24.92,10.07,0.2,39.86,20.14,19.72
2023-12-05,Juguetes,Lego,Oeste,Transferencia,6,257.97,107.61,0.0,1547.83,645.67,902.16
2023-12-05,Ropa,Chaqueta,Oeste,Tarjeta de Crédito,8,167.58,97.67,0.15,1139.53,781.35,358.19
2023-12-05,Juguetes,Muñeca,Norte,Efectivo,10,181.17,113.04,0.2,1449.39,1130.45,318.94
2023-12-05,Hogar,Cama,Oeste,PayPal,9,269.72,110.39,0.0,2427.52,993.52,1433.99
2023-12-05,Juguetes,Lego,Centro,Efectivo,9,99.74,51.62,0.2,718.1,464.62,253.48
2023-12-05,Ropa,Chaqueta,Centro,Tarjeta de Crédito,9,48.75,32.25,0.05,416.78,290.23,126.55
2023-12-05,Deportes,Cinta de correr,Oeste,Efectivo,1,270.5,194.72,0.1,243.45,194.72,48.73
2023-12-06,Hogar,Mesa,Centro,PayPal,7,282.46,157.49,0.2,1581.77,1102.43,479.34
2023-12-06,Juguetes,Lego,Norte,Tarjeta de Crédito,6,90.43,44.96,0.15,461.21,269.76,191.45
2023-12-06,Deportes,Raqueta,Norte,Tarjeta de Crédito,8,126.61,51.9,0.0,1012.92,415.22,597.69
2023-12-06,Deportes,Balón,Centro,Efectivo,1,291.77,133.82,0.0,291.77,133.82,157.96
2023-12-06,Hogar,Silla,Oeste,Efectivo,2,78.82,34.63,0.0,157.63,69.26,88.38
2023-12-06,Hogar,Silla,Centro,Transferencia,7,68.64,33.68,0.1,432.44,235.76,196.68
2023-12-06,Ropa,Pantalón,Norte,Tarjeta de Crédito,5,203.09,145.21,0.0,1015.45,726.05,289.4
2023-12-06,Hogar,Lámpara,Centro,Tarjeta de Crédito,3,177.24,63.36,0.05,505.12,190.08,315.05
2023-12-06,Electrónica,Smartwatch,Centro,Efectivo,6,1424.65,975.01,0.0,8547.9,5850.09,2697.81
2023-12-06,Electrónica,Auriculares,Centro,Transferencia,10,98.96,42.7,0.0,989.59,427.02,562.57
2023-12-06,Deportes,Cinta de correr,Este,Efectivo,2,244.6,98.77,0.2,391.35,197.53,193.82
2023-12-06,Ropa,Zapatos,Norte,Transferencia,8,173.65,103.64,0.0,1389.21,829.14,560.08
2023-12-06,Juguetes,Lego,Norte,Tarjeta de Crédito,6,148.79,101.06,0.0,892.73,606.37,286.36
2023-12-06,Electrónica,Smartwatch,Sur,Efectivo,9,220.4,111.95,0.05,1884.42,1007.58,876.84
2023-12-06,Electrónica,Tablet,Este,Efectivo,2,780.97,453.22,0.05,1483.84,906.44,577.4
2023-12-06,Deportes,Raqueta,Sur,Transferencia,4,49.35,26.63,0.2,157.92,106.51,51.41
2023-12-07,Juguetes,Peluche,Este,Transferencia,4,78.6,37.2,0.1,282.95,148.82,134.13
2023-12-07,Hogar,Sofá,Norte,Transferencia,8,147.42,78.43,0.05,1120.42,627.42,492.99
2023-12-07,Ropa,Gorra,Sur,Transferencia,2,329.19,198.68,0.05,625.46,397.36,228.1
2023-12-07,Ropa,Zapatos,Oeste,PayPal,9,129.22,56.13,0.2,930.35,505.14,425.22
2023-12-07,Juguetes,Peluche,Oeste,Efectivo,8,256.65,105.71,0.15,1745.19,845.66,899.53
2023-12-07,Ropa,Chaqueta,Norte,Efectivo,1,55.68,35.5,0.0,55.68,35.5,20.18
2023-12-07,Hogar,Lámpara,Sur,Transferencia,3,349.58,137.61,0.15,891.44,412.82,478.62
2023-12-07,Ropa,Gorra,Centro,PayPal,1,53.92,30.83,0.0,53.92,30.83,23.09
2023-12-07,Ropa,Pantalón,Oeste,Efectivo,8,32.55,19.1,0.1,234.39,152.78,81.61
2023-12-07,Deportes,Pesas,Norte,Efectivo,2,204.03,114.6,0.0,408.07,229.2,178.87
2023-12-08,Ropa,Camiseta,Este,Transferencia,3,123.46,92.37,0.05,351.86,277.1,74.76
2023-12-08,Juguetes,Lego,Sur,Efectivo,1,87.38,56.09,0.05,83.01,56.09,26.92
2023-12-08,Ropa,Gorra,Oeste,Efectivo,1,297.72,154.85,0.05,282.84,154.85,127.99
2023-12-08,Ropa,Zapatos,Centro,PayPal,9,46.47,23.28,0.0,418.19,209.56,208.63
2023-12-08,Ropa,Gorra,Centro,Transferencia,9,187.17,110.93,0.0,1684.53,998.41,686.12
2023-12-08,Deportes,Bicicleta,Sur,PayPal,5,68.41,31.74,0.0,342.03,158.7,183.33
2023-12-08,Hogar,Sofá,Centro,PayPal,9,211.39,155.52,0.0,1902.47,1399.64,502.83
2023-12-08,Deportes,Raqueta,Sur,Efectivo,2,29.39,21.68,0.1,52.9,43.36,9.53
2023-12-08,Ropa,Pantalón,Centro,PayPal,5,197.36,79.65,0.0,986.81,398.24,588.57
2023-12-08,Hogar,Sofá,Este,PayPal,2,46.16,30.61,0.15,78.48,61.21,17.27
2023-12-08,Deportes,Pesas,Norte,Efectivo,6,45.39,25.46,0.0,272.33,152.76,119.57
2023-12-09,Deportes,Cinta de correr,Centro,Efectivo,6,252.6,94.86,0.0,1515.58,569.17,946.42
2023-12-09,Deportes,Raqueta,Sur,Efectivo,1,41.0,20.54,0.15,34.85,20.54,14.3
2023-12-09,Ropa,Pantalón,Este,PayPal,7,298.83,179.01,0.2,1673.45,1253.08,420.37
2023-12-09,Ropa,Zapatos,Oeste,Tarjeta de Crédito,8,77.82,40.94,0.05,591.44,327.51,263.93
2023-12-09,Ropa,Pantalón,Centro,Efectivo,9,35.26,20.11,0.0,317.32,180.98,136.34
2023-12-09,Ropa,Pantalón,Norte,PayPal,7,226.92,138.62,0.0,1588.45,970.31,618.14
2023-12-09,Juguetes,Peluche,Oeste,Efectivo,3,176.07,95.53,0.05,501.79,286.58,215.21
2023-12-09,Electrónica,Smartphone,Este,Transferencia,6,1250.7,715.79,0.05,7129.0,4294.75,2834.25
2023-12-09,Ropa,Camiseta,Sur,Tarjeta de Crédito,7,13.0,6.06,0.15,77.36,42.41,34.95
2023-12-09,Juguetes,Coche RC,Sur,Transferencia,10,109.96,49.35,0.0,1099.64,493.46,606.18
2023-12-09,Deportes,Balón,Oeste,PayPal,6,69.68,29.62,0.2,334.45,177.71,156.74
2023-12-09,Juguetes,Muñeca,Este,Transferencia,5,78.33,38.99,0.0,391.67,194.93,196.74
2023-12-09,Hogar,Lámpara,Sur,Efectivo,8,123.67,59.13,0.0,989.39,473.05,516.34
2023-12-09,Juguetes,Muñeca,Oeste,PayPal,9,188.35,71.92,0.15,1440.86,647.32,793.54
2023-12-10,Ropa,Chaqueta,Este,Efectivo,5,163.72,89.23,0.2,654.88,446.13,208.75
2023-12-10,Electrónica,Laptop,Norte,Tarjeta de Crédito,9,300.94,144.39,0.2,2166.78,1299.54,867.24
2023-12-10,Deportes,Pesas,Sur,PayPal,5,221.39,115.88,0.0,1106.93,579.38,527.55
2023-12-10,Ropa,Zapatos,Oeste,Transferencia,5,142.21,54.87,0.0,711.04,274.35,436.69
2023-12-10,Juguetes,Puzzle,Sur,Transferencia,10,28.99,14.32,0.0,289.88,143.22,146.67
2023-12-10,Hogar,Cama,Centro,Transferencia,1,17.86,9.26,0.0,17.86,9.26,8.6
2023-12-10,Deportes,Pesas,Este,Tarjeta de Crédito,7,142.84,60.59,0.1,899.91,424.1,475.81
2023-12-10,Electrónica,Tablet,Sur,Tarjeta de Crédito,6,187.71,80.45,0.0,1126.25,482.7,643.55
2023-12-10,Juguetes,Lego,Este,Tarjeta de Crédito,2,235.07,148.42,0.05,446.64,296.85,149.79
2023-12-10,Deportes,Raqueta,Este,Efectivo,10,38.87,27.71,0.0,388.65,277.07,111.59
2023-12-10,Ropa,Gorra,Centro,Efectivo,4,55.83,28.47,0.15,189.83,113.89,75.94
2023-12-10,Juguetes,Peluche,Este,Transferencia,5,344.02,135.39,0.05,1634.08,676.93,957.16
2023-12-10,Hogar,Silla,Sur,PayPal,10,127.87,63.74,0.0,1278.74,637.4,641.34
2023-12-10,Juguetes,Muñeca,Sur,PayPal,8,46.53,31.85,0.2,297.78,254.81,42.96
2023-12-10,Hogar,Cama,Sur,PayPal,10,32.57,20.47,0.0,325.67,204.71,120.96
2023-12-10,Ropa,Camiseta,Norte,Efectivo,4,232.48,131.69,0.05,883.44,526.77,356.67
2023-12-11,Electrónica,Auriculares,Oeste,Efectivo,10,1615.77,784.69,0.2,12926.19,7846.94,5079.26
2023-12-11,Deportes,Cinta de correr,Oeste,Efectivo,2,339.51,128.48,0.2,543.21,256.97,286.24
2023-12-11,Deportes,Cinta de correr,Centro,Transferencia,5,253.06,158.36,0.0,1265.3,791.78,473.52
2023-12-11,Ropa,Pantalón,Centro,Transferencia,9,171.82,75.25,0.1,1391.75,677.28,714.46
2023-12-11,Ropa,Zapatos,Oeste,PayPal,8,171.29,106.9,0.0,1370.35,855.22,515.12
2023-12-11,Hogar,Sofá,Este,Tarjeta de Crédito,8,202.89,98.11,0.0,1623.08,784.89,838.19
2023-12-11,Electrónica,Laptop,Oeste,PayPal,2,1256.66,790.09,0.05,2387.65,1580.18,807.47
2023-12-11,Hogar,Lámpara,Sur,Efectivo,4,157.77,103.55,0.05,599.53,414.18,185.35
2023-12-11,Juguetes,Coche RC,Oeste,Transferencia,1,106.84,62.62,0.1,96.16,62.62,33.54
2023-12-11,Electrónica,Tablet,Centro,Tarjeta de Crédito,3,1262.03,718.29,0.05,3596.78,2154.86,1441.92
2023-12-11,Juguetes,Puzzle,Este,Transferencia,1,256.66,123.84,0.05,243.83,123.84,119.98
2023-12-11,Deportes,Balón,Oeste,PayPal,7,121.81,65.37,0.0,852.7,457.56,395.14
2023-12-11,Deportes,Pesas,Este,Efectivo,5,217.15,96.22,0.2,868.6,481.09,387.51
2023-12-11,Deportes,Bicicleta,Norte,Transferencia,1,25.3,13.7,0.15,21.5,13.7,7.81
2023-12-11,Juguetes,Coche RC,Sur,Tarjeta de Crédito,5,290.23,158.03,0.0,1451.14,790.15,660.99
2023-12-11,Electrónica,Smartwatch,Sur,Efectivo,9,1387.23,584.59,0.0,12485.07,5261.34,7223.73
2023-12-12,Deportes,Cinta de correr,Este,Tarjeta de Crédito,7,58.86,44.02,0.2,329.6,308.15,21.45
2023-12-12,Deportes,Bicicleta,Centro,PayPal,10,239.88,119.63,0.15,2038.99,1196.25,842.73
2023-12-12,Hogar,Lámpara,Oeste,Tarjeta de Crédito,9,39.35,17.57,0.2,283.33,158.17,125.16
2023-12-12,Ropa,Pantalón,Oeste,Efectivo,2,90.1,52.0,0.0,180.21,104.0,76.2
2023-12-12,Electrónica,Tablet,Centro,PayPal,3,870.99,399.99,0.05,2482.33,1199.97,1282.36
2023-12-12,Ropa,Gorra,Centro,Tarjeta de Crédito,3,41.5,16.31,0.0,124.51,48.93,75.58
2023-12-12,Juguetes,Peluche,Norte,Tarjeta de Crédito,2,265.81,193.5,0.0,531.62,387.01,144.61
2023-12-12,Electrónica,Smartwatch,Sur,PayPal,6,276.94,119.97,0.15,1412.42,719.8,692.62
2023-12-12,Hogar,Cama,Sur,PayPal,4,255.93,134.38,0.0,1023.7,537.53,486.17
2023-12-12,Ropa,Gorra,Centro,Efectivo,2,244.95,109.11,0.15,416.42,218.22,198.2
2023-12-12,Hogar,Mesa,Sur,Efectivo,3,48.75,21.84,0.0,146.26,65.51,80.74
2023-12-13,Juguetes,Lego,Oeste,PayPal,8,65.6,36.89,0.15,446.05,295.11,150.94
2023-12-13,Deportes,Pesas,Oeste,Transferencia,10,27.4,17.48,0.15,232.91,174.78,58.13
2023-12-13,Juguetes,Lego,Este,Tarjeta de Crédito,6,202.98,100.94,0.15,1035.2,605.66,429.54
2023-12-13,Ropa,Camiseta,Sur,Transferencia,5,64.81,32.06,0.0,324.03,160.31,163.72
2023-12-13,Deportes,Bicicleta,Este,Tarjeta de Crédito,1,17.41,11.98,0.0,17.41,11.98,5.44
2023-12-13,Hogar,Lámpara,Sur,Tarjeta de Crédito,1,47.1,17.13,0.2,37.68,17.13,20.55
2023-12-13,Electrónica,Auriculares,Este,Efectivo,1,98.86,40.45,0.0,98.86,40.45,58.41
2023-12-13,Juguetes,Coche RC,Centro,Tarjeta de Crédito,7,28.11,15.29,0.2,157.39,107.04,50.35
2023-12-13,Hogar,Silla,Oeste,Efectivo,4,281.63,155.75,0.15,957.55,623.01,334.54
2023-12-13,Juguetes,Peluche,Oeste,Efectivo,2,223.05,133.96,0.2,356.89,267.92,88.97
2023-12-13,Hogar,Silla,Este,PayPal,5,231.64,99.56,0.0,1158.21,497.8,660.41
2023-12-13,Electrónica,Tablet,Este,Tarjeta de Crédito,6,201.07,86.41,0.0,1206.43,518.43,688.0
2023-12-13,Hogar,Cama,Sur,Tarjeta de Crédito,6,107.97,59.49,0.05,615.45,356.92,258.53
2023-12-13,Juguetes,Peluche,Norte,Transferencia,5,11.6,5.9,0.2,46.41,29.48,16.93
2023-12-13,Deportes,Bicicleta,Este,PayPal,7,73.88,29.92,0.0,517.13,209.44,307.7
2023-12-13,Juguetes,Puzzle,Centro,PayPal,1,130.19,82.1,0.0,130.19,82.1,48.09
2023-12-13,Hogar,Sofá,Este,PayPal,7,182.55,84.46,0.1,1150.09,591.22,558.87
2023-12-13,Deportes,Bicicleta,Centro,Transferencia,2,176.64,102.02,0.05,335.62,204.03,131.59
2023-12-13,Juguetes,Coche RC,Sur,PayPal,6,91.41,42.1,0.0,548.44,252.59,295.85
2023-12-14,Hogar,Silla,Oeste,Transferencia,7,192.5,90.68,0.0,1347.5,634.76,712.74
2023-12-14,Ropa,Gorra,Centro,Efectivo,6,133.36,74.61,0.0,800.14,447.67,352.47
2023-12-14,Ropa,Zapatos,Oeste,PayPal,2,28.26,17.45,0.05,53.7,34.9,18.8
2023-12-14,Hogar,Mesa,Centro,Efectivo,4,75.44,30.95,0.05,286.66,123.79,162.87
2023-12-14,Deportes,Pesas,Oeste,Efectivo,3,108.48,62.96,0.05,309.18,188.89,120.29
2023-12-14,Juguetes,Puzzle,Este,PayPal,4,47.45,28.38,0.2,151.86,113.53,38.33
2023-12-14,Juguetes,Coche RC,Oeste,PayPal,1,151.69,67.67,0.15,128.94,67.67,61.27
2023-12-14,Electrónica,Auriculares,Sur,Tarjeta de Crédito,6,1280.38,647.42,0.15,6529.94,3884.5,2645.44
2023-12-14,Electrónica,Auriculares,Este,Efectivo,10,454.41,280.49,0.0,4544.07,2804.94,1739.13
2023-12-14,Electrónica,Laptop,Norte,PayPal,2,511.26,186.38,0.2,818.02,372.76,445.26
2023-12-14,Ropa,Gorra,Este,Efectivo,6,141.43,68.96,0.0,848.57,413.78,434.79
2023-12-14,Ropa,Chaqueta,Este,PayPal,7,166.71,108.68,0.05,1108.64,760.77,347.87
2023-12-14,Ropa,Zapatos,Norte,Tarjeta de Crédito,1,87.37,57.72,0.15,74.27,57.72,16.54
2023-12-14,Ropa,Pantalón,Oeste,Efectivo,1,206.09,110.71,0.1,185.48,110.71,74.77
2023-12-14,Electrónica,Smartphone,Este,Transferencia,1,616.74,229.7,0.0,616.74,229.7,387.04
2023-12-14,Electrónica,Tablet,Sur,Transferencia,1,910.93,429.0,0.05,865.38,429.0,436.39
2023-12-15,Hogar,Sofá,Norte,Tarjeta de Crédito,5,188.34,96.51,0.2,753.36,482.57,270.79
2023-12-15,Ropa,Gorra,Norte,Transferencia,1,136.74,77.4,0.15,116.23,77.4,38.83
2023-12-15,Ropa,Gorra,Sur,Tarjeta de Crédito,5,123.54,56.14,0.0,617.7,280.7,337.0
2023-12-15,Hogar,Mesa,Norte,Tarjeta de Crédito,8,322.06,169.88,0.05,2447.63,1359.06,1088.57
2023-12-15,Juguetes,Muñeca,Sur,Transferencia,2,316.54,163.89,0.0,633.08,327.78,305.31
2023-12-15,Juguetes,Peluche,Este,Efectivo,2,214.84,109.26,0.0,429.68,218.53,211.15
2023-12-15,Electrónica,Smartphone,Centro,Transferencia,8,1219.41,516.19,0.2,7804.23,4129.56,3674.68
2023-12-15,Electrónica,Smartwatch,Este,Efectivo,8,1153.28,468.97,0.05,8764.89,3751.78,5013.12
2023-12-15,Juguetes,Puzzle,Oeste,PayPal,2,134.64,87.15,0.1,242.36,174.3,68.05
2023-12-15,Electrónica,Tablet,Norte,Transferencia,8,455.97,242.74,0.0,3647.74,1941.89,1705.84
2023-12-15,Ropa,Camiseta,Oeste,Efectivo,10,220.7,125.9,0.0,2207.04,1259.02,948.02
2023-12-15,Hogar,Sofá,Este,PayPal,1,80.05,56.07,0.0,80.05,56.07,23.98
2023-12-15,Electrónica,Smartphone,Norte,Efectivo,2,1127.06,492.65,0.2,1803.3,985.29,818.0
2023-12-15,Deportes,Bicicleta,Oeste,Tarjeta de Crédito,5,248.46,132.4,0.15,1055.97,662.0,393.97
2023-12-15,Deportes,Pesas,Este,Efectivo,8,277.34,155.67,0.0,2218.72,1245.39,973.33
2023-12-15,Electrónica,Auriculares,Centro,Efectivo,9,625.36,330.94,0.05,5346.79,2978.47,2368.32
2023-12-15,Juguetes,Puzzle,Este,PayPal,3,183.11,107.82,0.05,521.88,323.46,198.41
2023-12-15,Juguetes,Peluche,Oeste,Tarjeta de Crédito,10,240.96,117.83,0.15,2048.14,1178.27,869.87
2023-12-15,Juguetes,Muñeca,Norte,Efectivo,9,288.95,130.49,0.0,2600.57,1174.45,1426.13
2023-12-16,Electrónica,Tablet,Este,Transferencia,2,217.82,108.66,0.0,435.64,217.32,218.33
2023-12-16,Hogar,Silla,Este,Transferencia,9,90.27,52.95,0.1,731.19,476.51,254.68
2023-12-16,Electrónica,Auriculares,Oeste,Efectivo,6,52.77,30.99,0.1,284.95,185.97,98.98
2023-12-16,Hogar,Cama,Sur,Transferencia,1,81.08,49.83,0.0,81.08,49.83,31.25
2023-12-16,Electrónica,Auriculares,Centro,Efectivo,3,1216.86,732.49,0.0,3650.57,2197.48,1453.08
2023-12-16,Electrónica,Laptop,Norte,Transferencia,1,1069.68,709.46,0.0,1069.68,709.46,360.22
2023-12-16,Deportes,Balón,Oeste,Tarjeta de Crédito,3,157.05,67.34,0.0,471.15,202.03,269.12
2023-12-16,Hogar,Mesa,Oeste,Transferencia,9,295.56,147.46,0.0,2660.01,1327.18,1332.83
2023-12-16,Hogar,Lámpara,Sur,Efectivo,6,111.34,74.31,0.15,567.85,445.84,122.01
2023-12-16,Electrónica,Laptop,Oeste,Efectivo,3,688.31,483.68,0.0,2064.93,1451.03,613.9
2023-12-16,Electrónica,Auriculares,Oeste,PayPal,4,992.4,426.3,0.15,3374.15,1705.19,1668.96
2023-12-16,Ropa,Chaqueta,Sur,Tarjeta de Crédito,6,235.74,120.09,0.0,1414.43,720.54,693.89
2023-12-16,Juguetes,Lego,Sur,Transferencia,8,337.55,174.55,0.2,2160.3,1396.39,763.91
2023-12-17,Ropa,Gorra,Sur,Transferencia,8,241.09,122.84,0.15,1639.43,982.7,656.73
2023-12-17,Ropa,Zapatos,Norte,PayPal,1,267.03,142.45,0.05,253.68,142.45,111.23
2023-12-17,Juguetes,Muñeca,Centro,Tarjeta de Crédito,3,258.71,120.56,0.0,776.14,361.69,414.45
2023-12-17,Ropa,Pantalón,Oeste,Efectivo,1,159.02,83.75,0.0,159.02,83.75,75.27
2023-12-17,Hogar,Cama,Centro,Transferencia,7,127.39,47.91,0.1,802.57,335.4,467.17
2023-12-17,Hogar,Sofá,Oeste,PayPal,7,146.46,95.62,0.05,973.95,669.35,304.59
2023-12-17,Ropa,Gorra,Centro,Transferencia,3,238.03,116.05,0.15,606.99,348.16,258.83
2023-12-17,Deportes,Bicicleta,Norte,PayPal,6,125.1,62.89,0.0,750.61,377.34,373.27
2023-12-17,Electrónica,Smartwatch,Sur,PayPal,1,755.59,386.05,0.05,717.81,386.05,331.76
2023-12-17,Deportes,Bicicleta,Oeste,Transferencia,2,176.56,100.0,0.15,300.16,200.0,100.16
2023-12-17,Juguetes,Puzzle,Norte,Transferencia,5,55.02,36.96,0.0,275.09,184.81,90.28
2023-12-17,Electrónica,Laptop,Norte,PayPal,8,588.24,303.48,0.0,4705.9,2427.83,2278.07
2023-12-17,Deportes,Balón,Este,Efectivo,1,230.97,107.73,0.0,230.97,107.73,123.24
2023-12-17,Ropa,Camiseta,Norte,PayPal,4,236.12,137.86,0.0,944.5,551.42,393.07
2023-12-18,Juguetes,Muñeca,Sur,Efectivo,7,145.6,62.29,0.1,917.26,436.0,481.25
2023-12-18,Deportes,Raqueta,Oeste,Tarjeta de Crédito,4,55.47,28.25,0.0,221.87,112.99,108.88
2023-12-18,Juguetes,Coche RC,Sur,Tarjeta de Crédito,5,222.25,120.49,0.0,1111.23,602.43,508.8
2023-12-18,Hogar,Lámpara,Este,Efectivo,9,84.68,47.73,0.0,762.13,429.53,332.6
2023-12-18,Deportes,Raqueta,Sur,PayPal,4,119.08,78.13,0.05,452.5,312.53,139.98
2023-12-18,Deportes,Balón,Centro,Transferencia,2,306.18,180.38,0.2,489.88,360.76,129.12
2023-12-18,Juguetes,Coche RC,Centro,Transferencia,10,307.3,127.33,0.0,3072.96,1273.27,1799.69
2023-12-18,Electrónica,Laptop,Oeste,PayPal,2,317.29,190.06,0.0,634.58,380.13,254.45
2023-12-18,Electrónica,Smartphone,Este,Tarjeta de Crédito,7,913.49,349.89,0.0,6394.45,2449.22,3945.23
2023-12-18,Deportes,Cinta de correr,Sur,Tarjeta de Crédito,5,97.64,60.51,0.05,463.78,302.55,161.23
2023-12-18,Deportes,Cinta de correr,Oeste,Tarjeta de Crédito,5,184.0,77.06,0.05,873.98,385.31,488.67
2023-12-18,Hogar,Mesa,Oeste,PayPal,3,93.49,46.82,0.0,280.47,140.45,140.02
2023-12-18,Electrónica,Laptop,Este,Efectivo,5,578.75,292.44,0.0,2893.77,1462.22,1431.55
2023-12-18,Ropa,Chaqueta,Este,PayPal,7,73.12,29.75,0.0,511.83,208.22,303.61
2023-12-18,Deportes,Balón,Este,Tarjeta de Crédito,2,119.9,55.74,0.1,215.83,111.48,104.35
2023-12-18,Electrónica,Auriculares,Este,Tarjeta de Crédito,10,508.89,240.73,0.0,5088.87,2407.27,2681.6
2023-12-18,Deportes,Bicicleta,Centro,PayPal,9,17.66,6.91,0.2,127.13,62.23,64.9
2023-12-19,Hogar,Sofá,Este,Tarjeta de Crédito,4,270.74,146.86,0.15,920.53,587.46,333.07
2023-12-19,Juguetes,Coche RC,Norte,Tarjeta de Crédito,4,89.03,47.74,0.15,302.69,190.95,111.74
2023-12-19,Electrónica,Smartwatch,Este,Transferencia,4,1118.3,641.24,0.0,4473.2,2564.95,1908.25
2023-12-19,Ropa,Gorra,Oeste,PayPal,1,139.55,70.57,0.15,118.62,70.57,48.05
2023-12-19,Deportes,Raqueta,Sur,PayPal,4,47.12,33.4,0.05,179.05,133.59,45.46
2023-12-19,Hogar,Sofá,Oeste,Efectivo,2,128.2,78.37,0.0,256.4,156.75,99.65
2023-12-19,Deportes,Cinta de correr,Este,Tarjeta de Crédito,9,194.94,120.13,0.0,1754.44,1081.16,673.29
2023-12-19,Hogar,Lámpara,Oeste,Efectivo,4,52.45,20.04,0.05,199.32,80.15,119.17
2023-12-19,Juguetes,Coche RC,Sur,Transferencia,7,240.24,119.13,0.1,1513.52,833.92,679.6
2023-12-19,Deportes,Balón,Sur,PayPal,1,154.51,66.66,0.2,123.61,66.66,56.94
2023-12-19,Ropa,Pantalón,Norte,PayPal,9,69.29,39.58,0.0,623.57,356.2,267.37
2023-12-19,Hogar,Sofá,Este,Tarjeta de Crédito,7,189.47,92.77,0.2,1061.04,649.42,411.62
2023-12-19,Hogar,Silla,Sur,Efectivo,2,303.93,177.42,0.05,577.47,354.84,222.63
2023-12-19,Electrónica,Auriculares,Centro,Tarjeta de Crédito,5,471.4,273.86,0.15,2003.47,1369.32,634.15
2023-12-20,Hogar,Mesa,Norte,Efectivo,1,332.1,132.68,0.0,332.1,132.68,199.43
2023-12-20,Hogar,Lámpara,Sur,Efectivo,5,171.05,98.92,0.05,812.47,494.61,317.86
2023-12-20,Hogar,Mesa,Norte,PayPal,1,77.43,37.38,0.1,69.69,37.38,32.31
2023-12-20,Electrónica,Tablet,Este,Transferencia,3,1193.87,662.55,0.0,3581.61,1987.66,1593.95
2023-12-20,Juguetes,Peluche,Sur,Tarjeta de Crédito,8,80.16,43.27,0.15,545.09,346.13,198.97
2023-12-20,Hogar,Sofá,Centro,Tarjeta de Crédito,3,269.81,110.35,0.2,647.55,331.04,316.51
2023-12-20,Deportes,Balón,Sur,Efectivo,6,209.33,122.26,0.05,1193.17,733.54,459.63
2023-12-20,Ropa,Pantalón,Norte,Tarjeta de Crédito,1,321.33,135.33,0.05,305.26,135.33,169.94
2023-12-20,Electrónica,Auriculares,Sur,Efectivo,8,1557.6,597.29,0.15,10591.66,4778.33,5813.33
2023-12-20,Hogar,Cama,Este,Transferencia,9,242.18,168.6,0.15,1852.65,1517.38,335.27
2023-12-20,Hogar,Lámpara,Este,Tarjeta de Crédito,9,204.15,102.01,0.0,1837.31,918.1,919.21
2023-12-20,Juguetes,Lego,Norte,Transferencia,8,182.34,131.23,0.0,1458.71,1049.86,408.85
2023-12-20,Deportes,Pesas,Norte,PayPal,8,291.09,118.0,0.15,1979.41,944.02,1035.39
2023-12-20,Deportes,Bicicleta,Norte,Efectivo,5,256.39,122.07,0.2,1025.54,610.36,415.18
2023-12-20,Electrónica,Laptop,Este,PayPal,1,631.82,406.65,0.2,505.46,406.65,98.81
2023-12-20,Juguetes,Muñeca,Centro,PayPal,1,11.75,6.1,0.1,10.57,6.1,4.48
2023-12-20,Hogar,Lámpara,Oeste,PayPal,3,269.07,123.5,0.1,726.48,370.49,355.99
2023-12-21,Hogar,Mesa,Centro,Transferencia,2,171.75,79.57,0.1,309.16,159.13,150.02
2023-12-21,Hogar,Lámpara,Oeste,Transferencia,3,266.95,127.45,0.1,720.77,382.35,338.41
2023-12-21,Electrónica,Auriculares,Sur,Transferencia,10,466.01,283.13,0.2,3728.08,2831.33,896.75
2023-12-21,Deportes,Bicicleta,Sur,Transferencia,3,155.89,101.75,0.05,444.29,305.25,139.04
2023-12-21,Deportes,Pesas,Norte,Tarjeta de Crédito,9,65.25,27.54,0.0,587.25,247.85,339.39
2023-12-21,Deportes,Raqueta,Oeste,Transferencia,6,278.18,154.67,0.0,1669.09,928.05,741.04
2023-12-21,Hogar,Lámpara,Sur,PayPal,3,211.46,127.51,0.0,634.38,382.53,251.85
2023-12-21,Hogar,Lámpara,Norte,Transferencia,7,91.62,64.02,0.05,609.29,448.13,161.16
2023-12-21,Ropa,Zapatos,Norte,Transferencia,2,321.11,198.1,0.1,578.0,396.19,181.81
2023-12-21,Deportes,Bicicleta,Oeste,Efectivo,4,181.97,96.84,0.0,727.9,387.37,340.53
2023-12-22,Ropa,Chaqueta,Norte,Tarjeta de Crédito,8,241.97,112.67,0.1,1742.17,901.35,840.82
2023-12-22,Electrónica,Auriculares,Oeste,PayPal,3,1092.09,585.32,0.0,3276.26,1755.96,1520.3
2023-12-22,Electrónica,Tablet,Norte,PayPal,3,354.1,142.09,0.0,1062.29,426.27,636.02
2023-12-22,Hogar,Lámpara,Este,Transferencia,2,108.57,59.03,0.2,173.71,118.05,55.66
2023-12-22,Deportes,Cinta de correr,Este,PayPal,1,19.13,11.53,0.0,19.13,11.53,7.6
2023-12-22,Hogar,Lámpara,Este,PayPal,5,204.92,108.17,0.05,973.38,540.86,432.52
2023-12-22,Juguetes,Muñeca,Oeste,Efectivo,3,182.44,92.7,0.05,519.95,278.1,241.84
2023-12-22,Electrónica,Smartphone,Oeste,PayPal,7,1433.09,684.38,0.05,9530.03,4790.63,4739.4
2023-12-22,Ropa,Zapatos,Norte,Tarjeta de Crédito,10,193.05,72.58,0.15,1640.92,725.79,915.13
2023-12-22,Electrónica,Auriculares,Este,Tarjeta de Crédito,10,1254.59,773.04,0.0,12545.86,7730.38,4815.48
2023-12-22,Electrónica,Laptop,Centro,Tarjeta de Crédito,2,1419.91,660.93,0.15,2413.85,1321.87,1091.98
2023-12-22,Ropa,Camiseta,Oeste,Tarjeta de Crédito,8,43.64,22.97,0.1,314.23,183.8,130.44
2023-12-22,Deportes,Balón,Norte,PayPal,10,17.27,9.12,0.2,138.16,91.19,46.96
2023-12-22,Juguetes,Coche RC,Oeste,Tarjeta de Crédito,7,89.94,35.66,0.15,535.16,249.63,285.53
2023-12-22,Juguetes,Lego,Sur,PayPal,7,47.92,27.38,0.2,268.38,191.63,76.75
2023-12-22,Hogar,Silla,Oeste,Tarjeta de Crédito,8,253.77,148.52,0.15,1725.66,1188.18,537.48
2023-12-23,Hogar,Mesa,Oeste,Efectivo,8,256.41,158.61,0.0,2051.27,1268.85,782.41
2023-12-23,Hogar,Cama,Oeste,Tarjeta de Crédito,7,144.66,85.43,0.0,1012.6,598.02,414.59
2023-12-23,Juguetes,Peluche,Norte,Efectivo,1,317.81,182.09,0.0,317.81,182.09,135.72
2023-12-23,Juguetes,Puzzle,Norte,PayPal,4,168.49,76.67,0.15,572.86,306.67,266.19
2023-12-23,Deportes,Balón,Centro,Tarjeta de Crédito,1,144.13,58.58,0.0,144.13,58.58,85.56
2023-12-23,Juguetes,Muñeca,Sur,Efectivo,2,308.53,124.7,0.0,617.05,249.4,367.65
2023-12-23,Deportes,Bicicleta,Oeste,PayPal,3,149.98,65.4,0.15,382.44,196.21,186.23
2023-12-23,Deportes,Raqueta,Centro,Transferencia,1,204.1,146.83,0.1,183.69,146.83,36.86
2023-12-23,Deportes,Bicicleta,Centro,Efectivo,8,84.33,46.04,0.1,607.16,368.34,238.82
2023-12-23,Ropa,Zapatos,Norte,Efectivo,7,285.85,125.86,0.0,2000.93,881.04,1119.9
2023-12-23,Electrónica,Smartwatch,Este,Efectivo,4,1639.48,992.08,0.15,5574.22,3968.34,1605.88
2023-12-23,Juguetes,Muñeca,Oeste,Transferencia,7,304.62,118.54,0.05,2025.75,829.76,1195.99
2023-12-23,Juguetes,Lego,Centro,Transferencia,9,179.52,78.11,0.0,1615.67,702.97,912.7
2023-12-23,Deportes,Pesas,Sur,Efectivo,3,312.99,111.99,0.1,845.06,335.96,509.1
2023-12-23,Electrónica,Laptop,Oeste,PayPal,7,561.49,317.86,0.1,3537.42,2225.0,1312.42
2023-12-23,Ropa,Camiseta,Este,PayPal,3,95.68,66.37,0.0,287.03,199.12,87.91
2023-12-23,Deportes,Balón,Este,PayPal,4,78.56,51.51,0.15,267.12,206.05,61.07
2023-12-23,Electrónica,Auriculares,Centro,Transferencia,2,303.09,213.72,0.0,606.19,427.45,178.74
2023-12-23,Hogar,Sofá,Centro,PayPal,7,258.1,126.78,0.15,1535.67,887.48,648.19
2023-12-23,Hogar,Silla,Oeste,Tarjeta de Crédito,1,302.47,186.44,0.0,302.47,186.44,116.03
2023-12-24,Deportes,Cinta de correr,Oeste,PayPal,1,288.01,172.44,0.15,244.8,172.44,72.37
2023-12-24,Juguetes,Lego,Norte,PayPal,5,302.54,173.66,0.0,1512.7,868.28,644.42
2023-12-24,Juguetes,Lego,Sur,Efectivo,10,136.82,99.63,0.2,1094.59,996.25,98.34
2023-12-24,Deportes,Bicicleta,Oeste,Efectivo,6,83.39,28.91,0.2,400.29,173.44,226.85
2023-12-24,Hogar,Cama,Centro,PayPal,5,113.66,43.81,0.15,483.07,219.06,264.01
2023-12-24,Juguetes,Muñeca,Oeste,PayPal,1,172.19,92.2,0.0,172.19,92.2,79.99
2023-12-24,Hogar,Lámpara,Oeste,Efectivo,7,196.01,95.4,0.0,1372.08,667.82,704.26
2023-12-24,Hogar,Silla,Centro,Efectivo,4,10.32,5.25,0.0,41.29,21.0,20.29
2023-12-24,Deportes,Bicicleta,Sur,Transferencia,1,56.27,33.9,0.0,56.27,33.9,22.37
2023-12-25,Deportes,Cinta de correr,Oeste,Tarjeta de Crédito,1,162.8,71.69,0.0,162.8,71.69,91.12
2023-12-25,Deportes,Bicicleta,Este,Efectivo,9,267.43,109.13,0.15,2045.82,982.21,1063.61
2023-12-25,Ropa,Camiseta,Centro,Efectivo,5,101.51,40.82,0.0,507.57,204.1,303.47
2023-12-25,Electrónica,Laptop,Norte,Transferencia,5,190.93,115.38,0.0,954.67,576.92,377.76
2023-12-25,Juguetes,Puzzle,Norte,Efectivo,5,90.27,51.91,0.0,451.34,259.55,191.8
2023-12-25,Electrónica,Laptop,Norte,Transferencia,9,203.24,86.03,0.15,1554.81,774.31,780.5
2023-12-25,Hogar,Lámpara,Norte,Transferencia,6,117.54,61.28,0.05,669.95,367.67,302.29
2023-12-25,Ropa,Pantalón,Norte,PayPal,8,81.26,40.28,0.15,552.56,322.21,230.34
2023-12-25,Electrónica,Auriculares,Centro,Tarjeta de Crédito,9,570.89,416.61,0.15,4367.29,3749.52,617.77
2023-12-25,Deportes,Balón,Este,PayPal,7,176.92,79.32,0.05,1176.49,555.22,621.27
2023-12-25,Hogar,Mesa,Sur,PayPal,8,250.69,95.18,0.0,2005.56,761.41,1244.15
2023-12-25,Deportes,Raqueta,Este,PayPal,10,77.3,31.78,0.0,773.03,317.78,455.25
2023-12-25,Electrónica,Auriculares,Oeste,Efectivo,8,1199.7,429.96,0.15,8157.94,3439.65,4718.29
2023-12-25,Juguetes,Peluche,Centro,Efectivo,2,234.24,107.24,0.0,468.49,214.49,254.0
2023-12-26,Deportes,Raqueta,Este,Efectivo,2,275.1,117.63,0.1,495.18,235.26,259.92
2023-12-26,Deportes,Cinta de correr,Este,Tarjeta de Crédito,9,69.32,35.85,0.0,623.84,322.65,301.19
2023-12-26,Deportes,Cinta de correr,Oeste,PayPal,10,55.34,24.76,0.15,470.4,247.56,222.85
2023-12-26,Hogar,Sofá,Centro,Transferencia,10,272.74,125.45,0.05,2591.05,1254.46,1336.6
2023-12-26,Ropa,Zapatos,Oeste,Tarjeta de Crédito,4,127.48,60.75,0.15,433.44,242.99,190.45
2023-12-26,Hogar,Silla,Este,PayPal,3,145.6,88.27,0.05,414.97,264.81,150.16
2023-12-26,Deportes,Pesas,Norte,PayPal,10,129.38,56.82,0.1,1164.38,568.22,596.16
2023-12-26,Hogar,Mesa,Sur,Transferencia,7,85.22,41.66,0.15,507.04,291.59,215.46
2023-12-26,Hogar,Cama,Este,Transferencia,5,40.09,16.3,0.15,170.37,81.52,88.85
2023-12-26,Deportes,Balón,Sur,Efectivo,2,16.38,7.62,0.15,27.84,15.24,12.6
2023-12-26,Hogar,Sofá,Centro,Efectivo,4,66.58,36.88,0.0,266.3,147.54,118.77
2023-12-26,Electrónica,Smartwatch,Este,Efectivo,9,1349.84,603.36,0.0,12148.53,5430.25,6718.28
2023-12-26,Ropa,Chaqueta,Norte,Tarjeta de Crédito,9,20.43,9.5,0.05,174.65,85.53,89.13
2023-12-26,Hogar,Cama,Sur,Transferencia,2,115.62,69.4,0.0,231.24,138.81,92.43
2023-12-26,Deportes,Cinta de correr,Oeste,Transferencia,10,252.68,97.17,0.15,2147.76,971.7,1176.06
2023-12-26,Hogar,Silla,Sur,Tarjeta de Crédito,6,55.72,27.95,0.0,334.29,167.67,166.62
2023-12-26,Hogar,Cama,Norte,Tarjeta de Crédito,1,251.57,128.49,0.05,238.99,128.49,110.51
2023-12-27,Hogar,Sofá,Centro,Efectivo,4,208.74,85.64,0.2,667.95,342.55,325.41
2023-12-27,Ropa,Gorra,Centro,Efectivo,2,94.82,48.98,0.1,170.68,97.96,72.72
2023-12-27,Hogar,Silla,Norte,Tarjeta de Crédito,3,117.55,48.94,0.1,317.37,146.83,170.55
2023-12-27,Electrónica,Laptop,Centro,Transferencia,9,1168.34,647.94,0.05,9989.33,5831.47,4157.87
2023-12-27,Ropa,Zapatos,Oeste,PayPal,7,46.49,28.23,0.0,325.44,197.64,127.81
2023-12-27,Deportes,Cinta de correr,Sur,PayPal,9,213.1,91.43,0.0,1917.86,822.85,1095.01
2023-12-27,Deportes,Pesas,Sur,Transferencia,7,39.84,14.62,0.15,237.03,102.36,134.67
2023-12-27,Deportes,Cinta de correr,Este,Efectivo,1,203.83,78.86,0.2,163.07,78.86,84.21
2023-12-27,Electrónica,Laptop,Oeste,Efectivo,9,201.15,115.85,0.0,1810.36,1042.66,767.71
2023-12-27,Ropa,Pantalón,Este,PayPal,5,53.03,29.26,0.0,265.13,146.32,118.81
2023-12-27,Ropa,Pantalón,Norte,Tarjeta de Crédito,9,29.13,14.59,0.0,262.19,131.27,130.92
2023-12-27,Ropa,Gorra,Norte,Transferencia,7,165.05,76.12,0.0,1155.34,532.82,622.53
2023-12-27,Juguetes,Puzzle,Este,Tarjeta de Crédito,8,73.4,38.4,0.15,499.14,307.18,191.96
2023-12-27,Hogar,Lámpara,Oeste,Efectivo,7,197.38,93.76,0.1,1243.49,656.29,587.2
2023-12-27,Ropa,Zapatos,Oeste,Efectivo,6,251.14,170.95,0.15,1280.81,1025.72,255.09
2023-12-27,Electrónica,Auriculares,Centro,Tarjeta de Crédito,10,76.92,32.61,0.05,730.74,326.15,404.59
2023-12-27,Electrónica,Auriculares,Sur,Transferencia,2,472.14,209.83,0.15,802.64,419.65,382.99
2023-12-27,Electrónica,Tablet,Sur,Tarjeta de Crédito,2,361.24,229.51,0.1,650.23,459.02,191.21
2023-12-27,Deportes,Bicicleta,Norte,Tarjeta de Crédito,6,213.16,101.18,0.0,1278.97,607.1,671.87
2023-12-27,Juguetes,Puzzle,Centro,Efectivo,10,292.89,157.39,0.0,2928.85,1573.92,1354.93
2023-12-27,Electrónica,Tablet,Sur,Transferencia,7,984.59,388.69,0.05,6547.5,2720.81,3826.69
2023-12-27,Ropa,Chaqueta,Sur,Transferencia,4,62.15,31.13,0.15,211.32,124.51,86.81
2023-12-27,Deportes,Cinta de correr,Oeste,Transferencia,6,162.24,68.41,0.05,924.78,410.48,514.29
2023-12-28,Deportes,Balón,Norte,Tarjeta de Crédito,6,129.78,74.92,0.15,661.88,449.55,212.33
2023-12-28,Hogar,Lámpara,Este,Tarjeta de Crédito,8,123.07,69.07,0.0,984.54,552.59,431.95
2023-12-28,Deportes,Cinta de correr,Centro,PayPal,1,165.43,96.56,0.1,148.89,96.56,52.33
2023-12-28,Electrónica,Smartwatch,Centro,Transferencia,3,1403.29,589.79,0.0,4209.86,1769.36,2440.5
2023-12-28,Hogar,Mesa,Centro,Efectivo,2,39.63,15.5,0.0,79.26,31.0,48.26
2023-12-28,Electrónica,Tablet,Este,Transferencia,8,615.87,237.3,0.05,4680.65,1898.41,2782.24
2023-12-28,Ropa,Pantalón,Norte,PayPal,4,58.33,38.71,0.1,210.0,154.85,55.15
2023-12-28,Juguetes,Coche RC,Centro,Efectivo,6,96.46,50.05,0.05,549.83,300.31,249.52
2023-12-29,Juguetes,Lego,Centro,PayPal,7,146.74,80.19,0.0,1027.17,561.33,465.84
2023-12-29,Deportes,Cinta de correr,Norte,Tarjeta de Crédito,6,198.91,104.33,0.1,1074.1,625.97,448.13
2023-12-29,Juguetes,Puzzle,Sur,Transferencia,7,234.14,94.66,0.2,1311.16,662.62,648.54
2023-12-29,Electrónica,Smartphone,Este,Transferencia,1,622.04,309.95,0.0,622.04,309.95,312.09
2023-12-29,Hogar,Mesa,Norte,Efectivo,9,106.62,68.36,0.15,815.61,615.28,200.33
2023-12-29,Ropa,Chaqueta,Este,PayPal,7,162.48,96.27,0.0,1137.37,673.86,463.5
2023-12-29,Ropa,Pantalón,Oeste,Transferencia,1,148.27,97.17,0.1,133.44,97.17,36.28
2023-12-29,Hogar,Silla,Centro,Efectivo,8,233.71,117.93,0.15,1589.25,943.47,645.78
2023-12-29,Hogar,Cama,Centro,Efectivo,5,175.6,74.4,0.1,790.19,372.0,418.18
2023-12-29,Juguetes,Lego,Sur,Transferencia,6,233.81,121.05,0.15,1192.45,726.32,466.13
2023-12-29,Juguetes,Peluche,Sur,Transferencia,10,227.85,99.84,0.0,2278.51,998.4,1280.11
2023-12-29,Juguetes,Puzzle,Norte,Transferencia,2,173.91,94.18,0.0,347.81,188.37,159.44
2023-12-29,Hogar,Cama,Sur,Transferencia,8,272.96,112.15,0.2,1746.91,897.23,849.68
2023-12-29,Ropa,Zapatos,Oeste,Efectivo,2,341.53,193.96,0.1,614.76,387.93,226.83
2023-12-30,Deportes,Raqueta,Este,Transferencia,2,343.13,175.91,0.0,686.25,351.81,334.44
2023-12-30,Juguetes,Peluche,Sur,Transferencia,1,150.39,85.21,0.0,150.39,85.21,65.18
2023-12-30,Ropa,Gorra,Centro,Transferencia,4,222.97,129.36,0.2,713.52,517.44,196.08
2023-12-30,Electrónica,Smartphone,Centro,Efectivo,1,488.18,255.62,0.0,488.18,255.62,232.56
2023-12-30,Electrónica,Laptop,Este,Transferencia,8,672.26,370.04,0.0,5378.1,2960.35,2417.75
2023-12-30,Ropa,Zapatos,Oeste,Transferencia,8,162.01,73.0,0.0,1296.09,584.02,712.07
2023-12-30,Hogar,Silla,Oeste,Tarjeta de Crédito,7,235.06,144.25,0.0,1645.39,1009.72,635.68
2023-12-30,Ropa,Pantalón,Sur,Efectivo,4,195.72,87.79,0.0,782.88,351.15,431.74
2023-12-30,Electrónica,Laptop,Oeste,PayPal,1,1035.48,474.72,0.1,931.93,474.72,457.22
2023-12-30,Electrónica,Laptop,Centro,PayPal,10,443.95,266.95,0.0,4439.54,2669.49,1770.06
2023-12-31,Electrónica,Smartphone,Sur,Tarjeta de Crédito,1,1416.86,876.85,0.0,1416.86,876.85,540.01
2023-12-31,Juguetes,Puzzle,Este,PayPal,6,249.45,141.83,0.2,1197.38,851.0,346.38
2023-12-31,Ropa,Pantalón,Este,PayPal,4,207.59,110.89,0.0,830.34,443.57,386.77
2023-12-31,Electrónica,Auriculares,Este,PayPal,8,279.73,166.58,0.0,2237.86,1332.63,905.23
2023-12-31,Electrónica,Auriculares,Este,Efectivo,6,740.59,279.17,0.0,4443.51,1675.04,2768.47
2023-12-31,Electrónica,Smartphone,Sur,Efectivo,9,127.34,63.58,0.0,1146.03,572.23,573.8
2023-12-31,Ropa,Gorra,Este,PayPal,6,44.29,27.29,0.05,252.43,163.75,88.68
2023-12-31,Juguetes,Coche RC,Norte,Efectivo,3,69.79,40.19,0.15,177.97,120.58,57.39
2023-12-31,Hogar,Mesa,Este,PayPal,3,187.78,108.16,0.0,563.33,324.47,238.85
2023-12-31,Juguetes,Lego,Oeste,PayPal,7,96.93,63.97,0.2,542.84,447.81,95.03
2023-12-31,Hogar,Mesa,Este,Tarjeta de Crédito,6,66.77,40.5,0.2,320.47,243.01,77.46
2023-12-31,Hogar,Mesa,Oeste,Efectivo,7,39.78,15.99,0.05,264.54,111.92,152.62
2023-12-31,Electrónica,Smartwatch,Oeste,Efectivo,4,191.17,72.53,0.15,649.98,290.11,359.87
2023-12-31,Juguetes,Lego,Sur,Tarjeta de Crédito,10,138.57,65.24,0.0,1385.67,652.42,733.25
2023-12-31,Juguetes,Coche RC,Sur,PayPal,1,241.8,151.45,0.1,217.62,151.45,66.17
2024-01-01,Electrónica,Smartwatch,Este,Tarjeta de Crédito,5,842.38,517.57,0.0,4211.9,2587.87,1624.04
2024-01-01,Deportes,Balón,Norte,Efectivo,2,137.9,82.74,0.15,234.42,165.47,68.95
2024-01-01,Juguetes,Muñeca,Sur,PayPal,10,32.62,16.55,0.15,277.24,165.54,111.7
2024-01-01,Hogar,Lámpara,Norte,Transferencia,4,262.37,115.33,0.0,1049.47,461.34,588.14
2024-01-01,Electrónica,Tablet,Sur,Efectivo,7,1472.76,753.17,0.2,8247.44,5272.21,2975.23
2024-01-01,Hogar,Cama,Norte,Efectivo,8,160.29,91.25,0.05,1218.17,730.03,488.14
2024-01-01,Deportes,Pesas,Sur,Tarjeta de Crédito,1,26.85,14.83,0.05,25.51,14.83,10.68
2024-01-01,Juguetes,Muñeca,Norte,Efectivo,6,165.2,82.17,0.05,941.63,493.03,448.6
2024-01-01,Juguetes,Puzzle,Este,Transferencia,10,84.77,49.39,0.1,762.97,493.91,269.06
2024-01-01,Juguetes,Muñeca,Norte,Efectivo,8,332.62,189.15,0.05,2527.88,1513.23,1014.65
2024-01-01,Deportes,Cinta de correr,Oeste,Transferencia,7,150.83,58.8,0.2,844.67,411.61,433.06
2024-01-01,Deportes,Pesas,Norte,Tarjeta de Crédito,8,162.42,70.26,0.1,1169.43,562.11,607.32
